{
"type": "FeatureCollection",
"name": "rgb_tutorial_auto_grid",
"crs": { "type": "name", "properties": { "name": "urn:ogc:def:crs:EPSG::32615" } },
"features": [
{ "type": "Feature", "properties": { }, "geometry": { "type": "Polygon", "coordinates": [ [ [ 696076.042779000010341, 4484852.717488000169396 ], [ 696076.212777321576141, 4484852.718243416398764 ], [ 696076.219983308459632, 4484849.768252217210829 ], [ 696076.049984986893833, 4484849.767496800981462 ], [ 696076.042779000010341, 4484852.717488000169396 ] ] ] } },
{ "type": "Feature", "properties": { }, "geometry": { "type": "Polygon", "coordinates": [ [ [ 696076.212777321576141, 4484852.718243416398764 ], [ 696076.38277564314194, 4484852.718998832628131 ], [ 696076.389981630025432, 4484849.769007633440197 ], [ 696076.219983308459632, 4484849.768252217210829 ], [ 696076.212777321576141, 4484852.718243416398764 ] ] ] } },
{ "type": "Feature", "properties": { }, "geometry": { "type": "Polygon", "coordinates": [ [ [ 696076.382775643258356, 4484852.718998832628131 ], [ 696076.552773964824155, 4484852.719754248857498 ], [ 696076.559979951707646, 4484849.769763049669564 ], [ 696076.389981630141847, 4484849.769007633440197 ], [ 696076.382775643258356, 4484852.718998832628131 ] ] ] } },
{ "type": "Feature", "properties": { }, "geometry": { "type": "Polygon", "coordinates": [ [ [ 696076.552773964824155, 4484852.719754249788821 ], [ 696076.722772286389954, 4484852.720509666018188 ], [ 696076.729978273273446, 4484849.770518466830254 ], [ 696076.559979951707646, 4484849.769763050600886 ], [ 696076.552773964824155, 4484852.719754249788821 ] ] ] } },
{ "type": "Feature", "properties": { }, "geometry": { "type": "Polygon", "coordinates": [ [ [ 696076.722772286389954, 4484852.720509666018188 ], [ 696076.892770607955754, 4484852.721265082247555 ], [ 696076.899976594839245, 4484849.771273883059621 ], [ 696076.729978273273446, 4484849.770518466830254 ], [ 696076.722772286389954, 4484852.720509666018188 ] ] ] } },
{ "type": "Feature", "properties": { }, "geometry": { "type": "Polygon", "coordinates": [ [ [ 696076.892770607955754, 4484852.721265082247555 ], [ 696077.062768929521553, 4484852.722020498476923 ], [ 696077.069974916405044, 4484849.772029299288988 ], [ 696076.899976594839245, 4484849.771273883059621 ], [ 696076.892770607955754, 4484852.721265082247555 ] ] ] } },
{ "type": "Feature", "properties": { }, "geometry": { "type": "Polygon", "coordinates": [ [ [ 696077.062768929637969, 4484852.722020498476923 ], [ 696077.232767251203768, 4484852.72277591470629 ], [ 696077.239973238087259, 4484849.772784715518355 ], [ 696077.06997491652146, 4484849.772029299288988 ], [ 696077.062768929637969, 4484852.722020498476923 ] ] ] } },
{ "type": "Feature", "properties": { }, "geometry": { "type": "Polygon", "coordinates": [ [ [ 696078.222757476964034, 4484852.727175104431808 ], [ 696078.392755798529834, 4484852.727930520661175 ], [ 696078.399961785413325, 4484849.777939321473241 ], [ 696078.229963463847525, 4484849.777183905243874 ], [ 696078.222757476964034, 4484852.727175104431808 ] ] ] } },
{ "type": "Feature", "properties": { }, "geometry": { "type": "Polygon", "coordinates": [ [ [ 696078.392755798529834, 4484852.727930520661175 ], [ 696078.562754120095633, 4484852.728685936890543 ], [ 696078.569960106979124, 4484849.778694737702608 ], [ 696078.399961785413325, 4484849.777939321473241 ], [ 696078.392755798529834, 4484852.727930520661175 ] ] ] } },
{ "type": "Feature", "properties": { }, "geometry": { "type": "Polygon", "coordinates": [ [ [ 696078.562754120212048, 4484852.728685937821865 ], [ 696078.732752441777848, 4484852.729441354051232 ], [ 696078.739958428661339, 4484849.779450154863298 ], [ 696078.56996010709554, 4484849.778694738633931 ], [ 696078.562754120212048, 4484852.728685937821865 ] ] ] } },
{ "type": "Feature", "properties": { }, "geometry": { "type": "Polygon", "coordinates": [ [ [ 696078.732752441777848, 4484852.729441354051232 ], [ 696078.902750763343647, 4484852.7301967702806 ], [ 696078.909956750227138, 4484849.780205571092665 ], [ 696078.739958428661339, 4484849.779450154863298 ], [ 696078.732752441777848, 4484852.729441354051232 ] ] ] } },
{ "type": "Feature", "properties": { }, "geometry": { "type": "Polygon", "coordinates": [ [ [ 696078.902750763343647, 4484852.7301967702806 ], [ 696079.072749084909447, 4484852.730952186509967 ], [ 696079.079955071792938, 4484849.780960987322032 ], [ 696078.909956750227138, 4484849.780205571092665 ], [ 696078.902750763343647, 4484852.7301967702806 ] ] ] } },
{ "type": "Feature", "properties": { }, "geometry": { "type": "Polygon", "coordinates": [ [ [ 696079.072749084909447, 4484852.730952186509967 ], [ 696079.242747406475246, 4484852.731707602739334 ], [ 696079.249953393358737, 4484849.7817164035514 ], [ 696079.079955071792938, 4484849.780960987322032 ], [ 696079.072749084909447, 4484852.730952186509967 ] ] ] } },
{ "type": "Feature", "properties": { }, "geometry": { "type": "Polygon", "coordinates": [ [ [ 696079.242747406591661, 4484852.731707602739334 ], [ 696079.412745728157461, 4484852.732463018968701 ], [ 696079.419951715040952, 4484849.782471819780767 ], [ 696079.249953393475153, 4484849.7817164035514 ], [ 696079.242747406591661, 4484852.731707602739334 ] ] ] } },
{ "type": "Feature", "properties": { }, "geometry": { "type": "Polygon", "coordinates": [ [ [ 696080.402735953917727, 4484852.73686220869422 ], [ 696080.572734275483526, 4484852.737617624923587 ], [ 696080.579940262367018, 4484849.787626425735652 ], [ 696080.409941940801218, 4484849.786871009506285 ], [ 696080.402735953917727, 4484852.73686220869422 ] ] ] } },
{ "type": "Feature", "properties": { }, "geometry": { "type": "Polygon", "coordinates": [ [ [ 696080.572734275483526, 4484852.737617625854909 ], [ 696080.742732597049326, 4484852.738373042084277 ], [ 696080.749938583932817, 4484849.788381842896342 ], [ 696080.579940262367018, 4484849.787626426666975 ], [ 696080.572734275483526, 4484852.737617625854909 ] ] ] } },
{ "type": "Feature", "properties": { }, "geometry": { "type": "Polygon", "coordinates": [ [ [ 696080.742732597165741, 4484852.738373042084277 ], [ 696080.91273091873154, 4484852.739128458313644 ], [ 696080.919936905615032, 4484849.78913725912571 ], [ 696080.749938584049232, 4484849.788381842896342 ], [ 696080.742732597165741, 4484852.738373042084277 ] ] ] } },
{ "type": "Feature", "properties": { }, "geometry": { "type": "Polygon", "coordinates": [ [ [ 696080.91273091873154, 4484852.739128458313644 ], [ 696081.08272924029734, 4484852.739883874543011 ], [ 696081.089935227180831, 4484849.789892675355077 ], [ 696080.919936905615032, 4484849.78913725912571 ], [ 696080.91273091873154, 4484852.739128458313644 ] ] ] } },
{ "type": "Feature", "properties": { }, "geometry": { "type": "Polygon", "coordinates": [ [ [ 696081.08272924029734, 4484852.739883874543011 ], [ 696081.252727561863139, 4484852.740639290772378 ], [ 696081.259933548746631, 4484849.790648091584444 ], [ 696081.089935227180831, 4484849.789892675355077 ], [ 696081.08272924029734, 4484852.739883874543011 ] ] ] } },
{ "type": "Feature", "properties": { }, "geometry": { "type": "Polygon", "coordinates": [ [ [ 696081.252727561863139, 4484852.740639290772378 ], [ 696081.422725883428939, 4484852.741394707001746 ], [ 696081.42993187031243, 4484849.791403507813811 ], [ 696081.259933548746631, 4484849.790648091584444 ], [ 696081.252727561863139, 4484852.740639290772378 ] ] ] } },
{ "type": "Feature", "properties": { }, "geometry": { "type": "Polygon", "coordinates": [ [ [ 696081.422725883545354, 4484852.741394707001746 ], [ 696081.592724205111153, 4484852.742150123231113 ], [ 696081.599930191994645, 4484849.792158924043179 ], [ 696081.429931870428845, 4484849.791403507813811 ], [ 696081.422725883545354, 4484852.741394707001746 ] ] ] } },
{ "type": "Feature", "properties": { }, "geometry": { "type": "Polygon", "coordinates": [ [ [ 696082.58271443087142, 4484852.746549312956631 ], [ 696082.752712752437219, 4484852.747304729185998 ], [ 696082.75991873932071, 4484849.797313529998064 ], [ 696082.589920417754911, 4484849.796558113768697 ], [ 696082.58271443087142, 4484852.746549312956631 ] ] ] } },
{ "type": "Feature", "properties": { }, "geometry": { "type": "Polygon", "coordinates": [ [ [ 696082.752712752437219, 4484852.747304730117321 ], [ 696082.922711074003018, 4484852.748060146346688 ], [ 696082.92991706088651, 4484849.798068947158754 ], [ 696082.75991873932071, 4484849.797313530929387 ], [ 696082.752712752437219, 4484852.747304730117321 ] ] ] } },
{ "type": "Feature", "properties": { }, "geometry": { "type": "Polygon", "coordinates": [ [ [ 696082.922711074119434, 4484852.748060146346688 ], [ 696083.092709395685233, 4484852.748815562576056 ], [ 696083.099915382568724, 4484849.798824363388121 ], [ 696082.929917061002925, 4484849.798068947158754 ], [ 696082.922711074119434, 4484852.748060146346688 ] ] ] } },
{ "type": "Feature", "properties": { }, "geometry": { "type": "Polygon", "coordinates": [ [ [ 696083.092709395685233, 4484852.748815562576056 ], [ 696083.262707717251033, 4484852.749570978805423 ], [ 696083.269913704134524, 4484849.799579779617488 ], [ 696083.099915382568724, 4484849.798824363388121 ], [ 696083.092709395685233, 4484852.748815562576056 ] ] ] } },
{ "type": "Feature", "properties": { }, "geometry": { "type": "Polygon", "coordinates": [ [ [ 696083.262707717251033, 4484852.749570978805423 ], [ 696083.432706038816832, 4484852.75032639503479 ], [ 696083.439912025700323, 4484849.800335195846856 ], [ 696083.269913704134524, 4484849.799579779617488 ], [ 696083.262707717251033, 4484852.749570978805423 ] ] ] } },
{ "type": "Feature", "properties": { }, "geometry": { "type": "Polygon", "coordinates": [ [ [ 696083.432706038933247, 4484852.75032639503479 ], [ 696083.602704360499047, 4484852.751081811264157 ], [ 696083.609910347382538, 4484849.801090612076223 ], [ 696083.439912025816739, 4484849.800335195846856 ], [ 696083.432706038933247, 4484852.75032639503479 ] ] ] } },
{ "type": "Feature", "properties": { }, "geometry": { "type": "Polygon", "coordinates": [ [ [ 696083.602704360499047, 4484852.75108181219548 ], [ 696083.772702682064846, 4484852.751837228424847 ], [ 696083.779908668948337, 4484849.801846029236913 ], [ 696083.609910347382538, 4484849.801090613007545 ], [ 696083.602704360499047, 4484852.75108181219548 ] ] ] } },
{ "type": "Feature", "properties": { }, "geometry": { "type": "Polygon", "coordinates": [ [ [ 696084.762692907825112, 4484852.756236418150365 ], [ 696084.932691229390912, 4484852.756991834379733 ], [ 696084.939897216274403, 4484849.807000635191798 ], [ 696084.769898894708604, 4484849.806245218962431 ], [ 696084.762692907825112, 4484852.756236418150365 ] ] ] } },
{ "type": "Feature", "properties": { }, "geometry": { "type": "Polygon", "coordinates": [ [ [ 696084.932691229390912, 4484852.756991834379733 ], [ 696085.102689550956711, 4484852.7577472506091 ], [ 696085.109895537840202, 4484849.807756051421165 ], [ 696084.939897216274403, 4484849.807000635191798 ], [ 696084.932691229390912, 4484852.756991834379733 ] ] ] } },
{ "type": "Feature", "properties": { }, "geometry": { "type": "Polygon", "coordinates": [ [ [ 696085.102689551073126, 4484852.7577472506091 ], [ 696085.272687872638926, 4484852.758502666838467 ], [ 696085.279893859522417, 4484849.808511467650533 ], [ 696085.109895537956618, 4484849.807756051421165 ], [ 696085.102689551073126, 4484852.7577472506091 ] ] ] } },
{ "type": "Feature", "properties": { }, "geometry": { "type": "Polygon", "coordinates": [ [ [ 696085.272687872638926, 4484852.758502666838467 ], [ 696085.442686194204725, 4484852.759258083067834 ], [ 696085.449892181088217, 4484849.8092668838799 ], [ 696085.279893859522417, 4484849.808511467650533 ], [ 696085.272687872638926, 4484852.758502666838467 ] ] ] } },
{ "type": "Feature", "properties": { }, "geometry": { "type": "Polygon", "coordinates": [ [ [ 696085.442686194204725, 4484852.759258083067834 ], [ 696085.612684515770525, 4484852.760013499297202 ], [ 696085.619890502654016, 4484849.810022300109267 ], [ 696085.449892181088217, 4484849.8092668838799 ], [ 696085.442686194204725, 4484852.759258083067834 ] ] ] } },
{ "type": "Feature", "properties": { }, "geometry": { "type": "Polygon", "coordinates": [ [ [ 696085.61268451588694, 4484852.760013500228524 ], [ 696085.782682837452739, 4484852.760768916457891 ], [ 696085.789888824336231, 4484849.810777717269957 ], [ 696085.619890502770431, 4484849.81002230104059 ], [ 696085.61268451588694, 4484852.760013500228524 ] ] ] } },
{ "type": "Feature", "properties": { }, "geometry": { "type": "Polygon", "coordinates": [ [ [ 696085.782682837452739, 4484852.760768916457891 ], [ 696085.952681159018539, 4484852.761524332687259 ], [ 696085.95988714590203, 4484849.811533133499324 ], [ 696085.789888824336231, 4484849.810777717269957 ], [ 696085.782682837452739, 4484852.760768916457891 ] ] ] } },
{ "type": "Feature", "properties": { }, "geometry": { "type": "Polygon", "coordinates": [ [ [ 696086.942671384778805, 4484852.765923522412777 ], [ 696087.112669706344604, 4484852.766678938642144 ], [ 696087.119875693228096, 4484849.81668773945421 ], [ 696086.949877371662296, 4484849.815932323224843 ], [ 696086.942671384778805, 4484852.765923522412777 ] ] ] } },
{ "type": "Feature", "properties": { }, "geometry": { "type": "Polygon", "coordinates": [ [ [ 696087.11266970646102, 4484852.766678938642144 ], [ 696087.282668028026819, 4484852.767434354871511 ], [ 696087.289874014910311, 4484849.817443155683577 ], [ 696087.119875693344511, 4484849.81668773945421 ], [ 696087.11266970646102, 4484852.766678938642144 ] ] ] } },
{ "type": "Feature", "properties": { }, "geometry": { "type": "Polygon", "coordinates": [ [ [ 696087.282668028026819, 4484852.767434354871511 ], [ 696087.452666349592619, 4484852.768189771100879 ], [ 696087.45987233647611, 4484849.818198571912944 ], [ 696087.289874014910311, 4484849.817443155683577 ], [ 696087.282668028026819, 4484852.767434354871511 ] ] ] } },
{ "type": "Feature", "properties": { }, "geometry": { "type": "Polygon", "coordinates": [ [ [ 696087.452666349592619, 4484852.768189771100879 ], [ 696087.622664671158418, 4484852.768945187330246 ], [ 696087.629870658041909, 4484849.818953988142312 ], [ 696087.45987233647611, 4484849.818198571912944 ], [ 696087.452666349592619, 4484852.768189771100879 ] ] ] } },
{ "type": "Feature", "properties": { }, "geometry": { "type": "Polygon", "coordinates": [ [ [ 696087.622664671158418, 4484852.768945188261569 ], [ 696087.792662992724217, 4484852.769700604490936 ], [ 696087.799868979607709, 4484849.819709405303001 ], [ 696087.629870658041909, 4484849.818953989073634 ], [ 696087.622664671158418, 4484852.768945188261569 ] ] ] } },
{ "type": "Feature", "properties": { }, "geometry": { "type": "Polygon", "coordinates": [ [ [ 696087.792662992840633, 4484852.769700604490936 ], [ 696087.962661314406432, 4484852.770456020720303 ], [ 696087.969867301289923, 4484849.820464821532369 ], [ 696087.799868979724124, 4484849.819709405303001 ], [ 696087.792662992840633, 4484852.769700604490936 ] ] ] } },
{ "type": "Feature", "properties": { }, "geometry": { "type": "Polygon", "coordinates": [ [ [ 696087.962661314406432, 4484852.770456020720303 ], [ 696088.132659635972232, 4484852.77121143694967 ], [ 696088.139865622855723, 4484849.821220237761736 ], [ 696087.969867301289923, 4484849.820464821532369 ], [ 696087.962661314406432, 4484852.770456020720303 ] ] ] } },
{ "type": "Feature", "properties": { }, "geometry": { "type": "Polygon", "coordinates": [ [ [ 696089.122649861732498, 4484852.775610626675189 ], [ 696089.292648183298297, 4484852.776366042904556 ], [ 696089.299854170181789, 4484849.826374843716621 ], [ 696089.129855848615989, 4484849.825619427487254 ], [ 696089.122649861732498, 4484852.775610626675189 ] ] ] } },
{ "type": "Feature", "properties": { }, "geometry": { "type": "Polygon", "coordinates": [ [ [ 696089.292648183414713, 4484852.776366042904556 ], [ 696089.462646504980512, 4484852.777121459133923 ], [ 696089.469852491864003, 4484849.827130259945989 ], [ 696089.299854170298204, 4484849.826374843716621 ], [ 696089.292648183414713, 4484852.776366042904556 ] ] ] } },
{ "type": "Feature", "properties": { }, "geometry": { "type": "Polygon", "coordinates": [ [ [ 696089.462646504980512, 4484852.777121459133923 ], [ 696089.632644826546311, 4484852.77787687536329 ], [ 696089.639850813429803, 4484849.827885676175356 ], [ 696089.469852491864003, 4484849.827130259945989 ], [ 696089.462646504980512, 4484852.777121459133923 ] ] ] } },
{ "type": "Feature", "properties": { }, "geometry": { "type": "Polygon", "coordinates": [ [ [ 696089.632644826546311, 4484852.777876876294613 ], [ 696089.802643148112111, 4484852.77863229252398 ], [ 696089.809849134995602, 4484849.828641093336046 ], [ 696089.639850813429803, 4484849.827885677106678 ], [ 696089.632644826546311, 4484852.777876876294613 ] ] ] } },
{ "type": "Feature", "properties": { }, "geometry": { "type": "Polygon", "coordinates": [ [ [ 696089.802643148112111, 4484852.77863229252398 ], [ 696089.97264146967791, 4484852.779387708753347 ], [ 696089.979847456561401, 4484849.829396509565413 ], [ 696089.809849134995602, 4484849.828641093336046 ], [ 696089.802643148112111, 4484852.77863229252398 ] ] ] } },
{ "type": "Feature", "properties": { }, "geometry": { "type": "Polygon", "coordinates": [ [ [ 696089.972641469794326, 4484852.779387708753347 ], [ 696090.142639791360125, 4484852.780143124982715 ], [ 696090.149845778243616, 4484849.83015192579478 ], [ 696089.979847456677817, 4484849.829396509565413 ], [ 696089.972641469794326, 4484852.779387708753347 ] ] ] } },
{ "type": "Feature", "properties": { }, "geometry": { "type": "Polygon", "coordinates": [ [ [ 696090.142639791360125, 4484852.780143124982715 ], [ 696090.312638112925924, 4484852.780898541212082 ], [ 696090.319844099809416, 4484849.830907342024148 ], [ 696090.149845778243616, 4484849.83015192579478 ], [ 696090.142639791360125, 4484852.780143124982715 ] ] ] } },
{ "type": "Feature", "properties": { }, "geometry": { "type": "Polygon", "coordinates": [ [ [ 696091.302628338686191, 4484852.7852977309376 ], [ 696091.47262666025199, 4484852.786053147166967 ], [ 696091.479832647135481, 4484849.836061947979033 ], [ 696091.309834325569682, 4484849.835306531749666 ], [ 696091.302628338686191, 4484852.7852977309376 ] ] ] } },
{ "type": "Feature", "properties": { }, "geometry": { "type": "Polygon", "coordinates": [ [ [ 696091.472626660368405, 4484852.786053147166967 ], [ 696091.642624981934205, 4484852.786808563396335 ], [ 696091.649830968817696, 4484849.8368173642084 ], [ 696091.479832647251897, 4484849.836061947979033 ], [ 696091.472626660368405, 4484852.786053147166967 ] ] ] } },
{ "type": "Feature", "properties": { }, "geometry": { "type": "Polygon", "coordinates": [ [ [ 696091.642624981934205, 4484852.786808564327657 ], [ 696091.812623303500004, 4484852.787563980557024 ], [ 696091.819829290383495, 4484849.83757278136909 ], [ 696091.649830968817696, 4484849.836817365139723 ], [ 696091.642624981934205, 4484852.786808564327657 ] ] ] } },
{ "type": "Feature", "properties": { }, "geometry": { "type": "Polygon", "coordinates": [ [ [ 696091.812623303500004, 4484852.787563980557024 ], [ 696091.982621625065804, 4484852.788319396786392 ], [ 696091.989827611949295, 4484849.838328197598457 ], [ 696091.819829290383495, 4484849.83757278136909 ], [ 696091.812623303500004, 4484852.787563980557024 ] ] ] } },
{ "type": "Feature", "properties": { }, "geometry": { "type": "Polygon", "coordinates": [ [ [ 696091.982621625065804, 4484852.788319396786392 ], [ 696092.152619946631603, 4484852.789074813015759 ], [ 696092.159825933515094, 4484849.839083613827825 ], [ 696091.989827611949295, 4484849.838328197598457 ], [ 696091.982621625065804, 4484852.788319396786392 ] ] ] } },
{ "type": "Feature", "properties": { }, "geometry": { "type": "Polygon", "coordinates": [ [ [ 696092.152619946748018, 4484852.789074813015759 ], [ 696092.322618268313818, 4484852.789830229245126 ], [ 696092.329824255197309, 4484849.839839030057192 ], [ 696092.15982593363151, 4484849.839083613827825 ], [ 696092.152619946748018, 4484852.789074813015759 ] ] ] } },
{ "type": "Feature", "properties": { }, "geometry": { "type": "Polygon", "coordinates": [ [ [ 696092.322618268313818, 4484852.789830229245126 ], [ 696092.492616589879617, 4484852.790585645474494 ], [ 696092.499822576763108, 4484849.840594446286559 ], [ 696092.329824255197309, 4484849.839839030057192 ], [ 696092.322618268313818, 4484852.789830229245126 ] ] ] } },
{ "type": "Feature", "properties": { }, "geometry": { "type": "Polygon", "coordinates": [ [ [ 696093.482606815639883, 4484852.794984835200012 ], [ 696093.652605137205683, 4484852.795740251429379 ], [ 696093.659811124089174, 4484849.845749052241445 ], [ 696093.489812802523375, 4484849.844993636012077 ], [ 696093.482606815639883, 4484852.794984835200012 ] ] ] } },
{ "type": "Feature", "properties": { }, "geometry": { "type": "Polygon", "coordinates": [ [ [ 696093.652605137322098, 4484852.795740252360702 ], [ 696093.822603458887897, 4484852.796495668590069 ], [ 696093.829809445771389, 4484849.846504469402134 ], [ 696093.659811124205589, 4484849.845749053172767 ], [ 696093.652605137322098, 4484852.795740252360702 ] ] ] } },
{ "type": "Feature", "properties": { }, "geometry": { "type": "Polygon", "coordinates": [ [ [ 696093.822603458887897, 4484852.796495668590069 ], [ 696093.992601780453697, 4484852.797251084819436 ], [ 696093.999807767337188, 4484849.847259885631502 ], [ 696093.829809445771389, 4484849.846504469402134 ], [ 696093.822603458887897, 4484852.796495668590069 ] ] ] } },
{ "type": "Feature", "properties": { }, "geometry": { "type": "Polygon", "coordinates": [ [ [ 696093.992601780453697, 4484852.797251084819436 ], [ 696094.162600102019496, 4484852.798006501048803 ], [ 696094.169806088902988, 4484849.848015301860869 ], [ 696093.999807767337188, 4484849.847259885631502 ], [ 696093.992601780453697, 4484852.797251084819436 ] ] ] } },
{ "type": "Feature", "properties": { }, "geometry": { "type": "Polygon", "coordinates": [ [ [ 696094.162600102135912, 4484852.798006501048803 ], [ 696094.332598423701711, 4484852.798761917278171 ], [ 696094.339804410585202, 4484849.848770718090236 ], [ 696094.169806089019403, 4484849.848015301860869 ], [ 696094.162600102135912, 4484852.798006501048803 ] ] ] } },
{ "type": "Feature", "properties": { }, "geometry": { "type": "Polygon", "coordinates": [ [ [ 696094.332598423701711, 4484852.798761917278171 ], [ 696094.50259674526751, 4484852.799517333507538 ], [ 696094.509802732151002, 4484849.849526134319603 ], [ 696094.339804410585202, 4484849.848770718090236 ], [ 696094.332598423701711, 4484852.798761917278171 ] ] ] } },
{ "type": "Feature", "properties": { }, "geometry": { "type": "Polygon", "coordinates": [ [ [ 696094.50259674526751, 4484852.799517333507538 ], [ 696094.67259506683331, 4484852.800272749736905 ], [ 696094.679801053716801, 4484849.850281550548971 ], [ 696094.509802732151002, 4484849.849526134319603 ], [ 696094.50259674526751, 4484852.799517333507538 ] ] ] } },
{ "type": "Feature", "properties": { }, "geometry": { "type": "Polygon", "coordinates": [ [ [ 696095.662585292593576, 4484852.804671939462423 ], [ 696095.832583614159375, 4484852.805427355691791 ], [ 696095.839789601042867, 4484849.855436156503856 ], [ 696095.669791279477067, 4484849.854680740274489 ], [ 696095.662585292593576, 4484852.804671939462423 ] ] ] } },
{ "type": "Feature", "properties": { }, "geometry": { "type": "Polygon", "coordinates": [ [ [ 696095.832583614275791, 4484852.805427356623113 ], [ 696096.00258193584159, 4484852.80618277285248 ], [ 696096.009787922725081, 4484849.856191573664546 ], [ 696095.839789601159282, 4484849.855436157435179 ], [ 696095.832583614275791, 4484852.805427356623113 ] ] ] } },
{ "type": "Feature", "properties": { }, "geometry": { "type": "Polygon", "coordinates": [ [ [ 696096.00258193584159, 4484852.80618277285248 ], [ 696096.17258025740739, 4484852.806938189081848 ], [ 696096.179786244290881, 4484849.856946989893913 ], [ 696096.009787922725081, 4484849.856191573664546 ], [ 696096.00258193584159, 4484852.80618277285248 ] ] ] } },
{ "type": "Feature", "properties": { }, "geometry": { "type": "Polygon", "coordinates": [ [ [ 696096.17258025740739, 4484852.806938189081848 ], [ 696096.342578578973189, 4484852.807693605311215 ], [ 696096.34978456585668, 4484849.857702406123281 ], [ 696096.179786244290881, 4484849.856946989893913 ], [ 696096.17258025740739, 4484852.806938189081848 ] ] ] } },
{ "type": "Feature", "properties": { }, "geometry": { "type": "Polygon", "coordinates": [ [ [ 696096.342578579089604, 4484852.807693605311215 ], [ 696096.512576900655404, 4484852.808449021540582 ], [ 696096.519782887538895, 4484849.858457822352648 ], [ 696096.349784565973096, 4484849.857702406123281 ], [ 696096.342578579089604, 4484852.807693605311215 ] ] ] } },
{ "type": "Feature", "properties": { }, "geometry": { "type": "Polygon", "coordinates": [ [ [ 696096.512576900655404, 4484852.808449021540582 ], [ 696096.682575222221203, 4484852.809204437769949 ], [ 696096.689781209104694, 4484849.859213238582015 ], [ 696096.519782887538895, 4484849.858457822352648 ], [ 696096.512576900655404, 4484852.808449021540582 ] ] ] } },
{ "type": "Feature", "properties": { }, "geometry": { "type": "Polygon", "coordinates": [ [ [ 696096.682575222221203, 4484852.809204438701272 ], [ 696096.852573543787003, 4484852.809959854930639 ], [ 696096.859779530670494, 4484849.859968655742705 ], [ 696096.689781209104694, 4484849.859213239513338 ], [ 696096.682575222221203, 4484852.809204438701272 ] ] ] } },
{ "type": "Feature", "properties": { }, "geometry": { "type": "Polygon", "coordinates": [ [ [ 696076.053453631349839, 4484848.34750103764236 ], [ 696076.223451952915639, 4484848.348256453871727 ], [ 696076.23065793979913, 4484845.398265254683793 ], [ 696076.060659618233331, 4484845.397509838454425 ], [ 696076.053453631349839, 4484848.34750103764236 ] ] ] } },
{ "type": "Feature", "properties": { }, "geometry": { "type": "Polygon", "coordinates": [ [ [ 696076.223451952915639, 4484848.348256453871727 ], [ 696076.393450274481438, 4484848.349011870101094 ], [ 696076.400656261364929, 4484845.39902067091316 ], [ 696076.23065793979913, 4484845.398265254683793 ], [ 696076.223451952915639, 4484848.348256453871727 ] ] ] } },
{ "type": "Feature", "properties": { }, "geometry": { "type": "Polygon", "coordinates": [ [ [ 696076.393450274597853, 4484848.349011870101094 ], [ 696076.563448596163653, 4484848.349767286330462 ], [ 696076.570654583047144, 4484845.399776087142527 ], [ 696076.400656261481345, 4484845.39902067091316 ], [ 696076.393450274597853, 4484848.349011870101094 ] ] ] } },
{ "type": "Feature", "properties": { }, "geometry": { "type": "Polygon", "coordinates": [ [ [ 696076.563448596163653, 4484848.349767287261784 ], [ 696076.733446917729452, 4484848.350522703491151 ], [ 696076.740652904612944, 4484845.400531504303217 ], [ 696076.570654583047144, 4484845.39977608807385 ], [ 696076.563448596163653, 4484848.349767287261784 ] ] ] } },
{ "type": "Feature", "properties": { }, "geometry": { "type": "Polygon", "coordinates": [ [ [ 696076.733446917729452, 4484848.350522703491151 ], [ 696076.903445239295252, 4484848.351278119720519 ], [ 696076.910651226178743, 4484845.401286920532584 ], [ 696076.740652904612944, 4484845.400531504303217 ], [ 696076.733446917729452, 4484848.350522703491151 ] ] ] } },
{ "type": "Feature", "properties": { }, "geometry": { "type": "Polygon", "coordinates": [ [ [ 696076.903445239295252, 4484848.351278119720519 ], [ 696077.073443560861051, 4484848.352033535949886 ], [ 696077.080649547744542, 4484845.402042336761951 ], [ 696076.910651226178743, 4484845.401286920532584 ], [ 696076.903445239295252, 4484848.351278119720519 ] ] ] } },
{ "type": "Feature", "properties": { }, "geometry": { "type": "Polygon", "coordinates": [ [ [ 696077.073443560977466, 4484848.352033535949886 ], [ 696077.243441882543266, 4484848.352788952179253 ], [ 696077.250647869426757, 4484845.402797752991319 ], [ 696077.080649547860958, 4484845.402042336761951 ], [ 696077.073443560977466, 4484848.352033535949886 ] ] ] } },
{ "type": "Feature", "properties": { }, "geometry": { "type": "Polygon", "coordinates": [ [ [ 696078.233432108303532, 4484848.357188141904771 ], [ 696078.403430429869331, 4484848.357943558134139 ], [ 696078.410636416752823, 4484845.407952358946204 ], [ 696078.240638095187023, 4484845.407196942716837 ], [ 696078.233432108303532, 4484848.357188141904771 ] ] ] } },
{ "type": "Feature", "properties": { }, "geometry": { "type": "Polygon", "coordinates": [ [ [ 696078.403430429869331, 4484848.357943558134139 ], [ 696078.573428751435131, 4484848.358698974363506 ], [ 696078.580634738318622, 4484845.408707775175571 ], [ 696078.410636416752823, 4484845.407952358946204 ], [ 696078.403430429869331, 4484848.357943558134139 ] ] ] } },
{ "type": "Feature", "properties": { }, "geometry": { "type": "Polygon", "coordinates": [ [ [ 696078.573428751551546, 4484848.358698975294828 ], [ 696078.743427073117346, 4484848.359454391524196 ], [ 696078.750633060000837, 4484845.409463192336261 ], [ 696078.580634738435037, 4484845.408707776106894 ], [ 696078.573428751551546, 4484848.358698975294828 ] ] ] } },
{ "type": "Feature", "properties": { }, "geometry": { "type": "Polygon", "coordinates": [ [ [ 696078.743427073117346, 4484848.359454391524196 ], [ 696078.913425394683145, 4484848.360209807753563 ], [ 696078.920631381566636, 4484845.410218608565629 ], [ 696078.750633060000837, 4484845.409463192336261 ], [ 696078.743427073117346, 4484848.359454391524196 ] ] ] } },
{ "type": "Feature", "properties": { }, "geometry": { "type": "Polygon", "coordinates": [ [ [ 696078.913425394683145, 4484848.360209807753563 ], [ 696079.083423716248944, 4484848.36096522398293 ], [ 696079.090629703132436, 4484845.410974024794996 ], [ 696078.920631381566636, 4484845.410218608565629 ], [ 696078.913425394683145, 4484848.360209807753563 ] ] ] } },
{ "type": "Feature", "properties": { }, "geometry": { "type": "Polygon", "coordinates": [ [ [ 696079.083423716248944, 4484848.36096522398293 ], [ 696079.253422037814744, 4484848.361720640212297 ], [ 696079.260628024698235, 4484845.411729441024363 ], [ 696079.090629703132436, 4484845.410974024794996 ], [ 696079.083423716248944, 4484848.36096522398293 ] ] ] } },
{ "type": "Feature", "properties": { }, "geometry": { "type": "Polygon", "coordinates": [ [ [ 696079.253422037931159, 4484848.361720640212297 ], [ 696079.423420359496959, 4484848.362476056441665 ], [ 696079.43062634638045, 4484845.41248485725373 ], [ 696079.26062802481465, 4484845.411729441024363 ], [ 696079.253422037931159, 4484848.361720640212297 ] ] ] } },
{ "type": "Feature", "properties": { }, "geometry": { "type": "Polygon", "coordinates": [ [ [ 696080.413410585257225, 4484848.366875246167183 ], [ 696080.583408906823024, 4484848.36763066239655 ], [ 696080.590614893706515, 4484845.417639463208616 ], [ 696080.420616572140716, 4484845.416884046979249 ], [ 696080.413410585257225, 4484848.366875246167183 ] ] ] } },
{ "type": "Feature", "properties": { }, "geometry": { "type": "Polygon", "coordinates": [ [ [ 696080.583408906823024, 4484848.367630663327873 ], [ 696080.753407228388824, 4484848.36838607955724 ], [ 696080.760613215272315, 4484845.418394880369306 ], [ 696080.590614893706515, 4484845.417639464139938 ], [ 696080.583408906823024, 4484848.367630663327873 ] ] ] } },
{ "type": "Feature", "properties": { }, "geometry": { "type": "Polygon", "coordinates": [ [ [ 696080.753407228505239, 4484848.36838607955724 ], [ 696080.923405550071038, 4484848.369141495786607 ], [ 696080.93061153695453, 4484845.419150296598673 ], [ 696080.76061321538873, 4484845.418394880369306 ], [ 696080.753407228505239, 4484848.36838607955724 ] ] ] } },
{ "type": "Feature", "properties": { }, "geometry": { "type": "Polygon", "coordinates": [ [ [ 696080.923405550071038, 4484848.369141495786607 ], [ 696081.093403871636838, 4484848.369896912015975 ], [ 696081.100609858520329, 4484845.41990571282804 ], [ 696080.93061153695453, 4484845.419150296598673 ], [ 696080.923405550071038, 4484848.369141495786607 ] ] ] } },
{ "type": "Feature", "properties": { }, "geometry": { "type": "Polygon", "coordinates": [ [ [ 696081.093403871636838, 4484848.369896912015975 ], [ 696081.263402193202637, 4484848.370652328245342 ], [ 696081.270608180086128, 4484845.420661129057407 ], [ 696081.100609858520329, 4484845.41990571282804 ], [ 696081.093403871636838, 4484848.369896912015975 ] ] ] } },
{ "type": "Feature", "properties": { }, "geometry": { "type": "Polygon", "coordinates": [ [ [ 696081.263402193202637, 4484848.370652328245342 ], [ 696081.433400514768437, 4484848.371407744474709 ], [ 696081.440606501651928, 4484845.421416545286775 ], [ 696081.270608180086128, 4484845.420661129057407 ], [ 696081.263402193202637, 4484848.370652328245342 ] ] ] } },
{ "type": "Feature", "properties": { }, "geometry": { "type": "Polygon", "coordinates": [ [ [ 696081.433400514884852, 4484848.371407744474709 ], [ 696081.603398836450651, 4484848.372163160704076 ], [ 696081.610604823334143, 4484845.422171961516142 ], [ 696081.440606501768343, 4484845.421416545286775 ], [ 696081.433400514884852, 4484848.371407744474709 ] ] ] } },
{ "type": "Feature", "properties": { }, "geometry": { "type": "Polygon", "coordinates": [ [ [ 696082.593389062210917, 4484848.376562350429595 ], [ 696082.763387383776717, 4484848.377317766658962 ], [ 696082.770593370660208, 4484845.427326567471027 ], [ 696082.600595049094409, 4484845.42657115124166 ], [ 696082.593389062210917, 4484848.376562350429595 ] ] ] } },
{ "type": "Feature", "properties": { }, "geometry": { "type": "Polygon", "coordinates": [ [ [ 696082.763387383776717, 4484848.377317767590284 ], [ 696082.933385705342516, 4484848.378073183819652 ], [ 696082.940591692226008, 4484845.428081984631717 ], [ 696082.770593370660208, 4484845.42732656840235 ], [ 696082.763387383776717, 4484848.377317767590284 ] ] ] } },
{ "type": "Feature", "properties": { }, "geometry": { "type": "Polygon", "coordinates": [ [ [ 696082.933385705458932, 4484848.378073183819652 ], [ 696083.103384027024731, 4484848.378828600049019 ], [ 696083.110590013908222, 4484845.428837400861084 ], [ 696082.940591692342423, 4484845.428081984631717 ], [ 696082.933385705458932, 4484848.378073183819652 ] ] ] } },
{ "type": "Feature", "properties": { }, "geometry": { "type": "Polygon", "coordinates": [ [ [ 696083.103384027024731, 4484848.378828600049019 ], [ 696083.27338234859053, 4484848.379584016278386 ], [ 696083.280588335474022, 4484845.429592817090452 ], [ 696083.110590013908222, 4484845.428837400861084 ], [ 696083.103384027024731, 4484848.378828600049019 ] ] ] } },
{ "type": "Feature", "properties": { }, "geometry": { "type": "Polygon", "coordinates": [ [ [ 696083.27338234859053, 4484848.379584016278386 ], [ 696083.44338067015633, 4484848.380339432507753 ], [ 696083.450586657039821, 4484845.430348233319819 ], [ 696083.280588335474022, 4484845.429592817090452 ], [ 696083.27338234859053, 4484848.379584016278386 ] ] ] } },
{ "type": "Feature", "properties": { }, "geometry": { "type": "Polygon", "coordinates": [ [ [ 696083.443380670272745, 4484848.380339432507753 ], [ 696083.613378991838545, 4484848.381094848737121 ], [ 696083.620584978722036, 4484845.431103649549186 ], [ 696083.450586657156236, 4484845.430348233319819 ], [ 696083.443380670272745, 4484848.380339432507753 ] ] ] } },
{ "type": "Feature", "properties": { }, "geometry": { "type": "Polygon", "coordinates": [ [ [ 696083.613378991838545, 4484848.381094849668443 ], [ 696083.783377313404344, 4484848.38185026589781 ], [ 696083.790583300287835, 4484845.431859066709876 ], [ 696083.620584978722036, 4484845.431103650480509 ], [ 696083.613378991838545, 4484848.381094849668443 ] ] ] } },
{ "type": "Feature", "properties": { }, "geometry": { "type": "Polygon", "coordinates": [ [ [ 696084.77336753916461, 4484848.386249455623329 ], [ 696084.94336586073041, 4484848.387004871852696 ], [ 696084.950571847613901, 4484845.437013672664762 ], [ 696084.780573526048101, 4484845.436258256435394 ], [ 696084.77336753916461, 4484848.386249455623329 ] ] ] } },
{ "type": "Feature", "properties": { }, "geometry": { "type": "Polygon", "coordinates": [ [ [ 696084.94336586073041, 4484848.387004871852696 ], [ 696085.113364182296209, 4484848.387760288082063 ], [ 696085.1205701691797, 4484845.437769088894129 ], [ 696084.950571847613901, 4484845.437013672664762 ], [ 696084.94336586073041, 4484848.387004871852696 ] ] ] } },
{ "type": "Feature", "properties": { }, "geometry": { "type": "Polygon", "coordinates": [ [ [ 696085.113364182412624, 4484848.387760288082063 ], [ 696085.283362503978424, 4484848.38851570431143 ], [ 696085.290568490861915, 4484845.438524505123496 ], [ 696085.120570169296116, 4484845.437769088894129 ], [ 696085.113364182412624, 4484848.387760288082063 ] ] ] } },
{ "type": "Feature", "properties": { }, "geometry": { "type": "Polygon", "coordinates": [ [ [ 696085.283362503978424, 4484848.38851570431143 ], [ 696085.453360825544223, 4484848.389271120540798 ], [ 696085.460566812427714, 4484845.439279921352863 ], [ 696085.290568490861915, 4484845.438524505123496 ], [ 696085.283362503978424, 4484848.38851570431143 ] ] ] } },
{ "type": "Feature", "properties": { }, "geometry": { "type": "Polygon", "coordinates": [ [ [ 696085.453360825544223, 4484848.389271120540798 ], [ 696085.623359147110023, 4484848.390026536770165 ], [ 696085.630565133993514, 4484845.440035337582231 ], [ 696085.460566812427714, 4484845.439279921352863 ], [ 696085.453360825544223, 4484848.389271120540798 ] ] ] } },
{ "type": "Feature", "properties": { }, "geometry": { "type": "Polygon", "coordinates": [ [ [ 696085.623359147226438, 4484848.390026537701488 ], [ 696085.793357468792237, 4484848.390781953930855 ], [ 696085.800563455675729, 4484845.44079075474292 ], [ 696085.630565134109929, 4484845.440035338513553 ], [ 696085.623359147226438, 4484848.390026537701488 ] ] ] } },
{ "type": "Feature", "properties": { }, "geometry": { "type": "Polygon", "coordinates": [ [ [ 696085.793357468792237, 4484848.390781953930855 ], [ 696085.963355790358037, 4484848.391537370160222 ], [ 696085.970561777241528, 4484845.441546170972288 ], [ 696085.800563455675729, 4484845.44079075474292 ], [ 696085.793357468792237, 4484848.390781953930855 ] ] ] } },
{ "type": "Feature", "properties": { }, "geometry": { "type": "Polygon", "coordinates": [ [ [ 696086.953346016118303, 4484848.39593655988574 ], [ 696087.123344337684102, 4484848.396691976115108 ], [ 696087.130550324567594, 4484845.446700776927173 ], [ 696086.960552003001794, 4484845.445945360697806 ], [ 696086.953346016118303, 4484848.39593655988574 ] ] ] } },
{ "type": "Feature", "properties": { }, "geometry": { "type": "Polygon", "coordinates": [ [ [ 696087.123344337800518, 4484848.396691976115108 ], [ 696087.293342659366317, 4484848.397447392344475 ], [ 696087.300548646249808, 4484845.44745619315654 ], [ 696087.130550324684009, 4484845.446700776927173 ], [ 696087.123344337800518, 4484848.396691976115108 ] ] ] } },
{ "type": "Feature", "properties": { }, "geometry": { "type": "Polygon", "coordinates": [ [ [ 696087.293342659366317, 4484848.397447392344475 ], [ 696087.463340980932117, 4484848.398202808573842 ], [ 696087.470546967815608, 4484845.448211609385908 ], [ 696087.300548646249808, 4484845.44745619315654 ], [ 696087.293342659366317, 4484848.397447392344475 ] ] ] } },
{ "type": "Feature", "properties": { }, "geometry": { "type": "Polygon", "coordinates": [ [ [ 696087.463340980932117, 4484848.398202808573842 ], [ 696087.633339302497916, 4484848.398958224803209 ], [ 696087.640545289381407, 4484845.448967025615275 ], [ 696087.470546967815608, 4484845.448211609385908 ], [ 696087.463340980932117, 4484848.398202808573842 ] ] ] } },
{ "type": "Feature", "properties": { }, "geometry": { "type": "Polygon", "coordinates": [ [ [ 696087.633339302497916, 4484848.398958225734532 ], [ 696087.803337624063715, 4484848.399713641963899 ], [ 696087.810543610947207, 4484845.449722442775965 ], [ 696087.640545289381407, 4484845.448967026546597 ], [ 696087.633339302497916, 4484848.398958225734532 ] ] ] } },
{ "type": "Feature", "properties": { }, "geometry": { "type": "Polygon", "coordinates": [ [ [ 696087.803337624180131, 4484848.399713641963899 ], [ 696087.97333594574593, 4484848.400469058193266 ], [ 696087.980541932629421, 4484845.450477859005332 ], [ 696087.810543611063622, 4484845.449722442775965 ], [ 696087.803337624180131, 4484848.399713641963899 ] ] ] } },
{ "type": "Feature", "properties": { }, "geometry": { "type": "Polygon", "coordinates": [ [ [ 696087.97333594574593, 4484848.400469058193266 ], [ 696088.143334267311729, 4484848.401224474422634 ], [ 696088.150540254195221, 4484845.451233275234699 ], [ 696087.980541932629421, 4484845.450477859005332 ], [ 696087.97333594574593, 4484848.400469058193266 ] ] ] } },
{ "type": "Feature", "properties": { }, "geometry": { "type": "Polygon", "coordinates": [ [ [ 696089.133324493071996, 4484848.405623664148152 ], [ 696089.303322814637795, 4484848.406379080377519 ], [ 696089.310528801521286, 4484845.456387881189585 ], [ 696089.140530479955487, 4484845.455632464960217 ], [ 696089.133324493071996, 4484848.405623664148152 ] ] ] } },
{ "type": "Feature", "properties": { }, "geometry": { "type": "Polygon", "coordinates": [ [ [ 696089.30332281475421, 4484848.406379080377519 ], [ 696089.47332113632001, 4484848.407134496606886 ], [ 696089.480527123203501, 4484845.457143297418952 ], [ 696089.310528801637702, 4484845.456387881189585 ], [ 696089.30332281475421, 4484848.406379080377519 ] ] ] } },
{ "type": "Feature", "properties": { }, "geometry": { "type": "Polygon", "coordinates": [ [ [ 696089.47332113632001, 4484848.407134496606886 ], [ 696089.643319457885809, 4484848.407889912836254 ], [ 696089.650525444769301, 4484845.457898713648319 ], [ 696089.480527123203501, 4484845.457143297418952 ], [ 696089.47332113632001, 4484848.407134496606886 ] ] ] } },
{ "type": "Feature", "properties": { }, "geometry": { "type": "Polygon", "coordinates": [ [ [ 696089.643319457885809, 4484848.407889913767576 ], [ 696089.813317779451609, 4484848.408645329996943 ], [ 696089.8205237663351, 4484845.458654130809009 ], [ 696089.650525444769301, 4484845.457898714579642 ], [ 696089.643319457885809, 4484848.407889913767576 ] ] ] } },
{ "type": "Feature", "properties": { }, "geometry": { "type": "Polygon", "coordinates": [ [ [ 696089.813317779451609, 4484848.408645329996943 ], [ 696089.983316101017408, 4484848.409400746226311 ], [ 696089.990522087900899, 4484845.459409547038376 ], [ 696089.8205237663351, 4484845.458654130809009 ], [ 696089.813317779451609, 4484848.408645329996943 ] ] ] } },
{ "type": "Feature", "properties": { }, "geometry": { "type": "Polygon", "coordinates": [ [ [ 696089.983316101133823, 4484848.409400746226311 ], [ 696090.153314422699623, 4484848.410156162455678 ], [ 696090.160520409583114, 4484845.460164963267744 ], [ 696089.990522088017315, 4484845.459409547038376 ], [ 696089.983316101133823, 4484848.409400746226311 ] ] ] } },
{ "type": "Feature", "properties": { }, "geometry": { "type": "Polygon", "coordinates": [ [ [ 696090.153314422699623, 4484848.410156162455678 ], [ 696090.323312744265422, 4484848.410911578685045 ], [ 696090.330518731148914, 4484845.460920379497111 ], [ 696090.160520409583114, 4484845.460164963267744 ], [ 696090.153314422699623, 4484848.410156162455678 ] ] ] } },
{ "type": "Feature", "properties": { }, "geometry": { "type": "Polygon", "coordinates": [ [ [ 696091.313302970025688, 4484848.415310768410563 ], [ 696091.483301291591488, 4484848.416066184639931 ], [ 696091.490507278474979, 4484845.466074985451996 ], [ 696091.32050895690918, 4484845.465319569222629 ], [ 696091.313302970025688, 4484848.415310768410563 ] ] ] } },
{ "type": "Feature", "properties": { }, "geometry": { "type": "Polygon", "coordinates": [ [ [ 696091.483301291707903, 4484848.416066184639931 ], [ 696091.653299613273703, 4484848.416821600869298 ], [ 696091.660505600157194, 4484845.466830401681364 ], [ 696091.490507278591394, 4484845.466074985451996 ], [ 696091.483301291707903, 4484848.416066184639931 ] ] ] } },
{ "type": "Feature", "properties": { }, "geometry": { "type": "Polygon", "coordinates": [ [ [ 696091.653299613273703, 4484848.416821601800621 ], [ 696091.823297934839502, 4484848.417577018029988 ], [ 696091.830503921722993, 4484845.467585818842053 ], [ 696091.660505600157194, 4484845.466830402612686 ], [ 696091.653299613273703, 4484848.416821601800621 ] ] ] } },
{ "type": "Feature", "properties": { }, "geometry": { "type": "Polygon", "coordinates": [ [ [ 696091.823297934839502, 4484848.417577018029988 ], [ 696091.993296256405301, 4484848.418332434259355 ], [ 696092.000502243288793, 4484845.468341235071421 ], [ 696091.830503921722993, 4484845.467585818842053 ], [ 696091.823297934839502, 4484848.417577018029988 ] ] ] } },
{ "type": "Feature", "properties": { }, "geometry": { "type": "Polygon", "coordinates": [ [ [ 696091.993296256405301, 4484848.418332434259355 ], [ 696092.163294577971101, 4484848.419087850488722 ], [ 696092.170500564854592, 4484845.469096651300788 ], [ 696092.000502243288793, 4484845.468341235071421 ], [ 696091.993296256405301, 4484848.418332434259355 ] ] ] } },
{ "type": "Feature", "properties": { }, "geometry": { "type": "Polygon", "coordinates": [ [ [ 696092.163294578087516, 4484848.419087850488722 ], [ 696092.333292899653316, 4484848.41984326671809 ], [ 696092.340498886536807, 4484845.469852067530155 ], [ 696092.170500564971007, 4484845.469096651300788 ], [ 696092.163294578087516, 4484848.419087850488722 ] ] ] } },
{ "type": "Feature", "properties": { }, "geometry": { "type": "Polygon", "coordinates": [ [ [ 696092.333292899653316, 4484848.41984326671809 ], [ 696092.503291221219115, 4484848.420598682947457 ], [ 696092.510497208102606, 4484845.470607483759522 ], [ 696092.340498886536807, 4484845.469852067530155 ], [ 696092.333292899653316, 4484848.41984326671809 ] ] ] } },
{ "type": "Feature", "properties": { }, "geometry": { "type": "Polygon", "coordinates": [ [ [ 696093.493281446979381, 4484848.424997872672975 ], [ 696093.663279768545181, 4484848.425753288902342 ], [ 696093.670485755428672, 4484845.475762089714408 ], [ 696093.500487433862872, 4484845.475006673485041 ], [ 696093.493281446979381, 4484848.424997872672975 ] ] ] } },
{ "type": "Feature", "properties": { }, "geometry": { "type": "Polygon", "coordinates": [ [ [ 696093.663279768661596, 4484848.425753289833665 ], [ 696093.833278090227395, 4484848.426508706063032 ], [ 696093.840484077110887, 4484845.476517506875098 ], [ 696093.670485755545087, 4484845.47576209064573 ], [ 696093.663279768661596, 4484848.425753289833665 ] ] ] } },
{ "type": "Feature", "properties": { }, "geometry": { "type": "Polygon", "coordinates": [ [ [ 696093.833278090227395, 4484848.426508706063032 ], [ 696094.003276411793195, 4484848.427264122292399 ], [ 696094.010482398676686, 4484845.477272923104465 ], [ 696093.840484077110887, 4484845.476517506875098 ], [ 696093.833278090227395, 4484848.426508706063032 ] ] ] } },
{ "type": "Feature", "properties": { }, "geometry": { "type": "Polygon", "coordinates": [ [ [ 696094.003276411793195, 4484848.427264122292399 ], [ 696094.173274733358994, 4484848.428019538521767 ], [ 696094.180480720242485, 4484845.478028339333832 ], [ 696094.010482398676686, 4484845.477272923104465 ], [ 696094.003276411793195, 4484848.427264122292399 ] ] ] } },
{ "type": "Feature", "properties": { }, "geometry": { "type": "Polygon", "coordinates": [ [ [ 696094.173274733475409, 4484848.428019538521767 ], [ 696094.343273055041209, 4484848.428774954751134 ], [ 696094.3504790419247, 4484845.4787837555632 ], [ 696094.180480720358901, 4484845.478028339333832 ], [ 696094.173274733475409, 4484848.428019538521767 ] ] ] } },
{ "type": "Feature", "properties": { }, "geometry": { "type": "Polygon", "coordinates": [ [ [ 696094.343273055041209, 4484848.428774954751134 ], [ 696094.513271376607008, 4484848.429530370980501 ], [ 696094.5204773634905, 4484845.479539171792567 ], [ 696094.3504790419247, 4484845.4787837555632 ], [ 696094.343273055041209, 4484848.428774954751134 ] ] ] } },
{ "type": "Feature", "properties": { }, "geometry": { "type": "Polygon", "coordinates": [ [ [ 696094.513271376607008, 4484848.429530370980501 ], [ 696094.683269698172808, 4484848.430285787209868 ], [ 696094.690475685056299, 4484845.480294588021934 ], [ 696094.5204773634905, 4484845.479539171792567 ], [ 696094.513271376607008, 4484848.429530370980501 ] ] ] } },
{ "type": "Feature", "properties": { }, "geometry": { "type": "Polygon", "coordinates": [ [ [ 696095.673259923933074, 4484848.434684976935387 ], [ 696095.843258245498873, 4484848.435440393164754 ], [ 696095.850464232382365, 4484845.48544919397682 ], [ 696095.680465910816565, 4484845.484693777747452 ], [ 696095.673259923933074, 4484848.434684976935387 ] ] ] } },
{ "type": "Feature", "properties": { }, "geometry": { "type": "Polygon", "coordinates": [ [ [ 696095.843258245615289, 4484848.435440394096076 ], [ 696096.013256567181088, 4484848.436195810325444 ], [ 696096.020462554064579, 4484845.486204611137509 ], [ 696095.85046423249878, 4484845.485449194908142 ], [ 696095.843258245615289, 4484848.435440394096076 ] ] ] } },
{ "type": "Feature", "properties": { }, "geometry": { "type": "Polygon", "coordinates": [ [ [ 696096.013256567181088, 4484848.436195810325444 ], [ 696096.183254888746887, 4484848.436951226554811 ], [ 696096.190460875630379, 4484845.486960027366877 ], [ 696096.020462554064579, 4484845.486204611137509 ], [ 696096.013256567181088, 4484848.436195810325444 ] ] ] } },
{ "type": "Feature", "properties": { }, "geometry": { "type": "Polygon", "coordinates": [ [ [ 696096.183254888746887, 4484848.436951226554811 ], [ 696096.353253210312687, 4484848.437706642784178 ], [ 696096.360459197196178, 4484845.487715443596244 ], [ 696096.190460875630379, 4484845.486960027366877 ], [ 696096.183254888746887, 4484848.436951226554811 ] ] ] } },
{ "type": "Feature", "properties": { }, "geometry": { "type": "Polygon", "coordinates": [ [ [ 696096.353253210429102, 4484848.437706642784178 ], [ 696096.523251531994902, 4484848.438462059013546 ], [ 696096.530457518878393, 4484845.488470859825611 ], [ 696096.360459197312593, 4484845.487715443596244 ], [ 696096.353253210429102, 4484848.437706642784178 ] ] ] } },
{ "type": "Feature", "properties": { }, "geometry": { "type": "Polygon", "coordinates": [ [ [ 696096.523251531994902, 4484848.438462059013546 ], [ 696096.693249853560701, 4484848.439217475242913 ], [ 696096.700455840444192, 4484845.489226276054978 ], [ 696096.530457518878393, 4484845.488470859825611 ], [ 696096.523251531994902, 4484848.438462059013546 ] ] ] } },
{ "type": "Feature", "properties": { }, "geometry": { "type": "Polygon", "coordinates": [ [ [ 696096.693249853560701, 4484848.439217476174235 ], [ 696096.8632481751265, 4484848.439972892403603 ], [ 696096.870454162009992, 4484845.489981693215668 ], [ 696096.700455840444192, 4484845.489226276986301 ], [ 696096.693249853560701, 4484848.439217476174235 ] ] ] } },
{ "type": "Feature", "properties": { }, "geometry": { "type": "Polygon", "coordinates": [ [ [ 696076.064128262805752, 4484843.977514075115323 ], [ 696076.234126584371552, 4484843.97826949134469 ], [ 696076.241332571255043, 4484841.028278292156756 ], [ 696076.071334249689244, 4484841.027522875927389 ], [ 696076.064128262805752, 4484843.977514075115323 ] ] ] } },
{ "type": "Feature", "properties": { }, "geometry": { "type": "Polygon", "coordinates": [ [ [ 696076.234126584371552, 4484843.97826949134469 ], [ 696076.404124905937351, 4484843.979024907574058 ], [ 696076.411330892820843, 4484841.029033708386123 ], [ 696076.241332571255043, 4484841.028278292156756 ], [ 696076.234126584371552, 4484843.97826949134469 ] ] ] } },
{ "type": "Feature", "properties": { }, "geometry": { "type": "Polygon", "coordinates": [ [ [ 696076.404124906053767, 4484843.979024907574058 ], [ 696076.574123227619566, 4484843.979780323803425 ], [ 696076.581329214503057, 4484841.02978912461549 ], [ 696076.411330892937258, 4484841.029033708386123 ], [ 696076.404124906053767, 4484843.979024907574058 ] ] ] } },
{ "type": "Feature", "properties": { }, "geometry": { "type": "Polygon", "coordinates": [ [ [ 696076.574123227619566, 4484843.979780324734747 ], [ 696076.744121549185365, 4484843.980535740964115 ], [ 696076.751327536068857, 4484841.03054454177618 ], [ 696076.581329214503057, 4484841.029789125546813 ], [ 696076.574123227619566, 4484843.979780324734747 ] ] ] } },
{ "type": "Feature", "properties": { }, "geometry": { "type": "Polygon", "coordinates": [ [ [ 696076.744121549185365, 4484843.980535740964115 ], [ 696076.914119870751165, 4484843.981291157193482 ], [ 696076.921325857634656, 4484841.031299958005548 ], [ 696076.751327536068857, 4484841.03054454177618 ], [ 696076.744121549185365, 4484843.980535740964115 ] ] ] } },
{ "type": "Feature", "properties": { }, "geometry": { "type": "Polygon", "coordinates": [ [ [ 696076.914119870751165, 4484843.981291157193482 ], [ 696077.084118192316964, 4484843.982046573422849 ], [ 696077.091324179200456, 4484841.032055374234915 ], [ 696076.921325857634656, 4484841.031299958005548 ], [ 696076.914119870751165, 4484843.981291157193482 ] ] ] } },
{ "type": "Feature", "properties": { }, "geometry": { "type": "Polygon", "coordinates": [ [ [ 696077.08411819243338, 4484843.982046573422849 ], [ 696077.254116513999179, 4484843.982801989652216 ], [ 696077.26132250088267, 4484841.032810790464282 ], [ 696077.091324179316871, 4484841.032055374234915 ], [ 696077.08411819243338, 4484843.982046573422849 ] ] ] } },
{ "type": "Feature", "properties": { }, "geometry": { "type": "Polygon", "coordinates": [ [ [ 696078.244106739759445, 4484843.987201179377735 ], [ 696078.414105061325245, 4484843.987956595607102 ], [ 696078.421311048208736, 4484841.037965396419168 ], [ 696078.251312726642936, 4484841.0372099801898 ], [ 696078.244106739759445, 4484843.987201179377735 ] ] ] } },
{ "type": "Feature", "properties": { }, "geometry": { "type": "Polygon", "coordinates": [ [ [ 696078.414105061325245, 4484843.987956595607102 ], [ 696078.584103382891044, 4484843.988712011836469 ], [ 696078.591309369774535, 4484841.038720812648535 ], [ 696078.421311048208736, 4484841.037965396419168 ], [ 696078.414105061325245, 4484843.987956595607102 ] ] ] } },
{ "type": "Feature", "properties": { }, "geometry": { "type": "Polygon", "coordinates": [ [ [ 696078.584103383007459, 4484843.988712012767792 ], [ 696078.754101704573259, 4484843.989467428997159 ], [ 696078.76130769145675, 4484841.039476229809225 ], [ 696078.591309369890951, 4484841.038720813579857 ], [ 696078.584103383007459, 4484843.988712012767792 ] ] ] } },
{ "type": "Feature", "properties": { }, "geometry": { "type": "Polygon", "coordinates": [ [ [ 696078.754101704573259, 4484843.989467428997159 ], [ 696078.924100026139058, 4484843.990222845226526 ], [ 696078.931306013022549, 4484841.040231646038592 ], [ 696078.76130769145675, 4484841.039476229809225 ], [ 696078.754101704573259, 4484843.989467428997159 ] ] ] } },
{ "type": "Feature", "properties": { }, "geometry": { "type": "Polygon", "coordinates": [ [ [ 696078.924100026139058, 4484843.990222845226526 ], [ 696079.094098347704858, 4484843.990978261455894 ], [ 696079.101304334588349, 4484841.040987062267959 ], [ 696078.931306013022549, 4484841.040231646038592 ], [ 696078.924100026139058, 4484843.990222845226526 ] ] ] } },
{ "type": "Feature", "properties": { }, "geometry": { "type": "Polygon", "coordinates": [ [ [ 696079.094098347704858, 4484843.990978261455894 ], [ 696079.264096669270657, 4484843.991733677685261 ], [ 696079.271302656154148, 4484841.041742478497326 ], [ 696079.101304334588349, 4484841.040987062267959 ], [ 696079.094098347704858, 4484843.990978261455894 ] ] ] } },
{ "type": "Feature", "properties": { }, "geometry": { "type": "Polygon", "coordinates": [ [ [ 696079.264096669387072, 4484843.991733677685261 ], [ 696079.434094990952872, 4484843.992489093914628 ], [ 696079.441300977836363, 4484841.042497894726694 ], [ 696079.271302656270564, 4484841.041742478497326 ], [ 696079.264096669387072, 4484843.991733677685261 ] ] ] } },
{ "type": "Feature", "properties": { }, "geometry": { "type": "Polygon", "coordinates": [ [ [ 696080.424085216713138, 4484843.996888283640146 ], [ 696080.594083538278937, 4484843.997643699869514 ], [ 696080.601289525162429, 4484841.047652500681579 ], [ 696080.431291203596629, 4484841.046897084452212 ], [ 696080.424085216713138, 4484843.996888283640146 ] ] ] } },
{ "type": "Feature", "properties": { }, "geometry": { "type": "Polygon", "coordinates": [ [ [ 696080.594083538278937, 4484843.997643700800836 ], [ 696080.764081859844737, 4484843.998399117030203 ], [ 696080.771287846728228, 4484841.048407917842269 ], [ 696080.601289525162429, 4484841.047652501612902 ], [ 696080.594083538278937, 4484843.997643700800836 ] ] ] } },
{ "type": "Feature", "properties": { }, "geometry": { "type": "Polygon", "coordinates": [ [ [ 696080.764081859961152, 4484843.998399117030203 ], [ 696080.934080181526951, 4484843.999154533259571 ], [ 696080.941286168410443, 4484841.049163334071636 ], [ 696080.771287846844643, 4484841.048407917842269 ], [ 696080.764081859961152, 4484843.998399117030203 ] ] ] } },
{ "type": "Feature", "properties": { }, "geometry": { "type": "Polygon", "coordinates": [ [ [ 696080.934080181526951, 4484843.999154533259571 ], [ 696081.104078503092751, 4484843.999909949488938 ], [ 696081.111284489976242, 4484841.049918750301003 ], [ 696080.941286168410443, 4484841.049163334071636 ], [ 696080.934080181526951, 4484843.999154533259571 ] ] ] } },
{ "type": "Feature", "properties": { }, "geometry": { "type": "Polygon", "coordinates": [ [ [ 696081.104078503092751, 4484843.999909949488938 ], [ 696081.27407682465855, 4484844.000665365718305 ], [ 696081.281282811542042, 4484841.050674166530371 ], [ 696081.111284489976242, 4484841.049918750301003 ], [ 696081.104078503092751, 4484843.999909949488938 ] ] ] } },
{ "type": "Feature", "properties": { }, "geometry": { "type": "Polygon", "coordinates": [ [ [ 696081.27407682465855, 4484844.000665365718305 ], [ 696081.44407514622435, 4484844.001420781947672 ], [ 696081.451281133107841, 4484841.051429582759738 ], [ 696081.281282811542042, 4484841.050674166530371 ], [ 696081.27407682465855, 4484844.000665365718305 ] ] ] } },
{ "type": "Feature", "properties": { }, "geometry": { "type": "Polygon", "coordinates": [ [ [ 696081.444075146340765, 4484844.001420781947672 ], [ 696081.614073467906564, 4484844.00217619817704 ], [ 696081.621279454790056, 4484841.052184998989105 ], [ 696081.451281133224256, 4484841.051429582759738 ], [ 696081.444075146340765, 4484844.001420781947672 ] ] ] } },
{ "type": "Feature", "properties": { }, "geometry": { "type": "Polygon", "coordinates": [ [ [ 696082.604063693666831, 4484844.006575387902558 ], [ 696082.77406201523263, 4484844.007330804131925 ], [ 696082.781268002116121, 4484841.057339604943991 ], [ 696082.611269680550322, 4484841.056584188714623 ], [ 696082.604063693666831, 4484844.006575387902558 ] ] ] } },
{ "type": "Feature", "properties": { }, "geometry": { "type": "Polygon", "coordinates": [ [ [ 696082.77406201523263, 4484844.007330805063248 ], [ 696082.944060336798429, 4484844.008086221292615 ], [ 696082.951266323681921, 4484841.058095022104681 ], [ 696082.781268002116121, 4484841.057339605875313 ], [ 696082.77406201523263, 4484844.007330805063248 ] ] ] } },
{ "type": "Feature", "properties": { }, "geometry": { "type": "Polygon", "coordinates": [ [ [ 696082.944060336914845, 4484844.008086221292615 ], [ 696083.114058658480644, 4484844.008841637521982 ], [ 696083.121264645364136, 4484841.058850438334048 ], [ 696082.951266323798336, 4484841.058095022104681 ], [ 696082.944060336914845, 4484844.008086221292615 ] ] ] } },
{ "type": "Feature", "properties": { }, "geometry": { "type": "Polygon", "coordinates": [ [ [ 696083.114058658480644, 4484844.008841637521982 ], [ 696083.284056980046444, 4484844.009597053751349 ], [ 696083.291262966929935, 4484841.059605854563415 ], [ 696083.121264645364136, 4484841.058850438334048 ], [ 696083.114058658480644, 4484844.008841637521982 ] ] ] } },
{ "type": "Feature", "properties": { }, "geometry": { "type": "Polygon", "coordinates": [ [ [ 696083.284056980046444, 4484844.009597053751349 ], [ 696083.454055301612243, 4484844.010352469980717 ], [ 696083.461261288495734, 4484841.060361270792782 ], [ 696083.291262966929935, 4484841.059605854563415 ], [ 696083.284056980046444, 4484844.009597053751349 ] ] ] } },
{ "type": "Feature", "properties": { }, "geometry": { "type": "Polygon", "coordinates": [ [ [ 696083.454055301728658, 4484844.010352469980717 ], [ 696083.624053623294458, 4484844.011107886210084 ], [ 696083.631259610177949, 4484841.06111668702215 ], [ 696083.46126128861215, 4484841.060361270792782 ], [ 696083.454055301728658, 4484844.010352469980717 ] ] ] } },
{ "type": "Feature", "properties": { }, "geometry": { "type": "Polygon", "coordinates": [ [ [ 696083.624053623294458, 4484844.011107887141407 ], [ 696083.794051944860257, 4484844.011863303370774 ], [ 696083.801257931743748, 4484841.061872104182839 ], [ 696083.631259610177949, 4484841.061116687953472 ], [ 696083.624053623294458, 4484844.011107887141407 ] ] ] } },
{ "type": "Feature", "properties": { }, "geometry": { "type": "Polygon", "coordinates": [ [ [ 696084.784042170620523, 4484844.016262493096292 ], [ 696084.954040492186323, 4484844.017017909325659 ], [ 696084.961246479069814, 4484841.067026710137725 ], [ 696084.791248157504015, 4484841.066271293908358 ], [ 696084.784042170620523, 4484844.016262493096292 ] ] ] } },
{ "type": "Feature", "properties": { }, "geometry": { "type": "Polygon", "coordinates": [ [ [ 696084.954040492186323, 4484844.017017909325659 ], [ 696085.124038813752122, 4484844.017773325555027 ], [ 696085.131244800635614, 4484841.067782126367092 ], [ 696084.961246479069814, 4484841.067026710137725 ], [ 696084.954040492186323, 4484844.017017909325659 ] ] ] } },
{ "type": "Feature", "properties": { }, "geometry": { "type": "Polygon", "coordinates": [ [ [ 696085.124038813868538, 4484844.017773325555027 ], [ 696085.294037135434337, 4484844.018528741784394 ], [ 696085.301243122317828, 4484841.068537542596459 ], [ 696085.131244800752029, 4484841.067782126367092 ], [ 696085.124038813868538, 4484844.017773325555027 ] ] ] } },
{ "type": "Feature", "properties": { }, "geometry": { "type": "Polygon", "coordinates": [ [ [ 696085.294037135434337, 4484844.018528741784394 ], [ 696085.464035457000136, 4484844.019284158013761 ], [ 696085.471241443883628, 4484841.069292958825827 ], [ 696085.301243122317828, 4484841.068537542596459 ], [ 696085.294037135434337, 4484844.018528741784394 ] ] ] } },
{ "type": "Feature", "properties": { }, "geometry": { "type": "Polygon", "coordinates": [ [ [ 696085.464035457000136, 4484844.019284158013761 ], [ 696085.634033778565936, 4484844.020039574243128 ], [ 696085.641239765449427, 4484841.070048375055194 ], [ 696085.471241443883628, 4484841.069292958825827 ], [ 696085.464035457000136, 4484844.019284158013761 ] ] ] } },
{ "type": "Feature", "properties": { }, "geometry": { "type": "Polygon", "coordinates": [ [ [ 696085.634033778682351, 4484844.020039575174451 ], [ 696085.804032100248151, 4484844.020794991403818 ], [ 696085.811238087131642, 4484841.070803792215884 ], [ 696085.641239765565842, 4484841.070048375986516 ], [ 696085.634033778682351, 4484844.020039575174451 ] ] ] } },
{ "type": "Feature", "properties": { }, "geometry": { "type": "Polygon", "coordinates": [ [ [ 696085.804032100248151, 4484844.020794991403818 ], [ 696085.97403042181395, 4484844.021550407633185 ], [ 696085.981236408697441, 4484841.071559208445251 ], [ 696085.811238087131642, 4484841.070803792215884 ], [ 696085.804032100248151, 4484844.020794991403818 ] ] ] } },
{ "type": "Feature", "properties": { }, "geometry": { "type": "Polygon", "coordinates": [ [ [ 696086.964020647574216, 4484844.025949597358704 ], [ 696087.134018969140016, 4484844.026705013588071 ], [ 696087.141224956023507, 4484841.076713814400136 ], [ 696086.971226634457707, 4484841.075958398170769 ], [ 696086.964020647574216, 4484844.025949597358704 ] ] ] } },
{ "type": "Feature", "properties": { }, "geometry": { "type": "Polygon", "coordinates": [ [ [ 696087.134018969256431, 4484844.026705013588071 ], [ 696087.30401729082223, 4484844.027460429817438 ], [ 696087.311223277705722, 4484841.077469230629504 ], [ 696087.141224956139922, 4484841.076713814400136 ], [ 696087.134018969256431, 4484844.026705013588071 ] ] ] } },
{ "type": "Feature", "properties": { }, "geometry": { "type": "Polygon", "coordinates": [ [ [ 696087.30401729082223, 4484844.027460429817438 ], [ 696087.47401561238803, 4484844.028215846046805 ], [ 696087.481221599271521, 4484841.078224646858871 ], [ 696087.311223277705722, 4484841.077469230629504 ], [ 696087.30401729082223, 4484844.027460429817438 ] ] ] } },
{ "type": "Feature", "properties": { }, "geometry": { "type": "Polygon", "coordinates": [ [ [ 696087.47401561238803, 4484844.028215846046805 ], [ 696087.644013933953829, 4484844.028971262276173 ], [ 696087.65121992083732, 4484841.078980063088238 ], [ 696087.481221599271521, 4484841.078224646858871 ], [ 696087.47401561238803, 4484844.028215846046805 ] ] ] } },
{ "type": "Feature", "properties": { }, "geometry": { "type": "Polygon", "coordinates": [ [ [ 696087.644013933953829, 4484844.028971263207495 ], [ 696087.814012255519629, 4484844.029726679436862 ], [ 696087.82121824240312, 4484841.079735480248928 ], [ 696087.65121992083732, 4484841.078980064019561 ], [ 696087.644013933953829, 4484844.028971263207495 ] ] ] } },
{ "type": "Feature", "properties": { }, "geometry": { "type": "Polygon", "coordinates": [ [ [ 696087.814012255636044, 4484844.029726679436862 ], [ 696087.984010577201843, 4484844.03048209566623 ], [ 696087.991216564085335, 4484841.080490896478295 ], [ 696087.821218242519535, 4484841.079735480248928 ], [ 696087.814012255636044, 4484844.029726679436862 ] ] ] } },
{ "type": "Feature", "properties": { }, "geometry": { "type": "Polygon", "coordinates": [ [ [ 696087.984010577201843, 4484844.03048209566623 ], [ 696088.154008898767643, 4484844.031237511895597 ], [ 696088.161214885651134, 4484841.081246312707663 ], [ 696087.991216564085335, 4484841.080490896478295 ], [ 696087.984010577201843, 4484844.03048209566623 ] ] ] } },
{ "type": "Feature", "properties": { }, "geometry": { "type": "Polygon", "coordinates": [ [ [ 696089.143999124527909, 4484844.035636701621115 ], [ 696089.313997446093708, 4484844.036392117850482 ], [ 696089.3212034329772, 4484841.086400918662548 ], [ 696089.1512051114114, 4484841.085645502433181 ], [ 696089.143999124527909, 4484844.035636701621115 ] ] ] } },
{ "type": "Feature", "properties": { }, "geometry": { "type": "Polygon", "coordinates": [ [ [ 696089.313997446210124, 4484844.036392117850482 ], [ 696089.483995767775923, 4484844.03714753407985 ], [ 696089.491201754659414, 4484841.087156334891915 ], [ 696089.321203433093615, 4484841.086400918662548 ], [ 696089.313997446210124, 4484844.036392117850482 ] ] ] } },
{ "type": "Feature", "properties": { }, "geometry": { "type": "Polygon", "coordinates": [ [ [ 696089.483995767775923, 4484844.03714753407985 ], [ 696089.653994089341722, 4484844.037902950309217 ], [ 696089.661200076225214, 4484841.087911751121283 ], [ 696089.491201754659414, 4484841.087156334891915 ], [ 696089.483995767775923, 4484844.03714753407985 ] ] ] } },
{ "type": "Feature", "properties": { }, "geometry": { "type": "Polygon", "coordinates": [ [ [ 696089.653994089341722, 4484844.03790295124054 ], [ 696089.823992410907522, 4484844.038658367469907 ], [ 696089.831198397791013, 4484841.088667168281972 ], [ 696089.661200076225214, 4484841.087911752052605 ], [ 696089.653994089341722, 4484844.03790295124054 ] ] ] } },
{ "type": "Feature", "properties": { }, "geometry": { "type": "Polygon", "coordinates": [ [ [ 696089.823992410907522, 4484844.038658367469907 ], [ 696089.993990732473321, 4484844.039413783699274 ], [ 696090.001196719356813, 4484841.08942258451134 ], [ 696089.831198397791013, 4484841.088667168281972 ], [ 696089.823992410907522, 4484844.038658367469907 ] ] ] } },
{ "type": "Feature", "properties": { }, "geometry": { "type": "Polygon", "coordinates": [ [ [ 696089.993990732589737, 4484844.039413783699274 ], [ 696090.163989054155536, 4484844.040169199928641 ], [ 696090.171195041039027, 4484841.090178000740707 ], [ 696090.001196719473228, 4484841.08942258451134 ], [ 696089.993990732589737, 4484844.039413783699274 ] ] ] } },
{ "type": "Feature", "properties": { }, "geometry": { "type": "Polygon", "coordinates": [ [ [ 696090.163989054155536, 4484844.040169199928641 ], [ 696090.333987375721335, 4484844.040924616158009 ], [ 696090.341193362604827, 4484841.090933416970074 ], [ 696090.171195041039027, 4484841.090178000740707 ], [ 696090.163989054155536, 4484844.040169199928641 ] ] ] } },
{ "type": "Feature", "properties": { }, "geometry": { "type": "Polygon", "coordinates": [ [ [ 696091.323977601481602, 4484844.045323805883527 ], [ 696091.493975923047401, 4484844.046079222112894 ], [ 696091.501181909930892, 4484841.09608802292496 ], [ 696091.331183588365093, 4484841.095332606695592 ], [ 696091.323977601481602, 4484844.045323805883527 ] ] ] } },
{ "type": "Feature", "properties": { }, "geometry": { "type": "Polygon", "coordinates": [ [ [ 696091.493975923163816, 4484844.046079222112894 ], [ 696091.663974244729616, 4484844.046834638342261 ], [ 696091.671180231613107, 4484841.096843439154327 ], [ 696091.501181910047308, 4484841.09608802292496 ], [ 696091.493975923163816, 4484844.046079222112894 ] ] ] } },
{ "type": "Feature", "properties": { }, "geometry": { "type": "Polygon", "coordinates": [ [ [ 696091.663974244729616, 4484844.046834639273584 ], [ 696091.833972566295415, 4484844.047590055502951 ], [ 696091.841178553178906, 4484841.097598856315017 ], [ 696091.671180231613107, 4484841.096843440085649 ], [ 696091.663974244729616, 4484844.046834639273584 ] ] ] } },
{ "type": "Feature", "properties": { }, "geometry": { "type": "Polygon", "coordinates": [ [ [ 696091.833972566295415, 4484844.047590055502951 ], [ 696092.003970887861215, 4484844.048345471732318 ], [ 696092.011176874744706, 4484841.098354272544384 ], [ 696091.841178553178906, 4484841.097598856315017 ], [ 696091.833972566295415, 4484844.047590055502951 ] ] ] } },
{ "type": "Feature", "properties": { }, "geometry": { "type": "Polygon", "coordinates": [ [ [ 696092.003970887861215, 4484844.048345471732318 ], [ 696092.173969209427014, 4484844.049100887961686 ], [ 696092.181175196310505, 4484841.099109688773751 ], [ 696092.011176874744706, 4484841.098354272544384 ], [ 696092.003970887861215, 4484844.048345471732318 ] ] ] } },
{ "type": "Feature", "properties": { }, "geometry": { "type": "Polygon", "coordinates": [ [ [ 696092.173969209543429, 4484844.049100887961686 ], [ 696092.343967531109229, 4484844.049856304191053 ], [ 696092.35117351799272, 4484841.099865105003119 ], [ 696092.181175196426921, 4484841.099109688773751 ], [ 696092.173969209543429, 4484844.049100887961686 ] ] ] } },
{ "type": "Feature", "properties": { }, "geometry": { "type": "Polygon", "coordinates": [ [ [ 696092.343967531109229, 4484844.049856304191053 ], [ 696092.513965852675028, 4484844.05061172042042 ], [ 696092.521171839558519, 4484841.100620521232486 ], [ 696092.35117351799272, 4484841.099865105003119 ], [ 696092.343967531109229, 4484844.049856304191053 ] ] ] } },
{ "type": "Feature", "properties": { }, "geometry": { "type": "Polygon", "coordinates": [ [ [ 696093.503956078435294, 4484844.055010910145938 ], [ 696093.673954400001094, 4484844.055766326375306 ], [ 696093.681160386884585, 4484841.105775127187371 ], [ 696093.511162065318786, 4484841.105019710958004 ], [ 696093.503956078435294, 4484844.055010910145938 ] ] ] } },
{ "type": "Feature", "properties": { }, "geometry": { "type": "Polygon", "coordinates": [ [ [ 696093.673954400117509, 4484844.055766327306628 ], [ 696093.843952721683308, 4484844.056521743535995 ], [ 696093.8511587085668, 4484841.106530544348061 ], [ 696093.681160387001, 4484841.105775128118694 ], [ 696093.673954400117509, 4484844.055766327306628 ] ] ] } },
{ "type": "Feature", "properties": { }, "geometry": { "type": "Polygon", "coordinates": [ [ [ 696093.843952721683308, 4484844.056521743535995 ], [ 696094.013951043249108, 4484844.057277159765363 ], [ 696094.021157030132599, 4484841.107285960577428 ], [ 696093.8511587085668, 4484841.106530544348061 ], [ 696093.843952721683308, 4484844.056521743535995 ] ] ] } },
{ "type": "Feature", "properties": { }, "geometry": { "type": "Polygon", "coordinates": [ [ [ 696094.013951043249108, 4484844.057277159765363 ], [ 696094.183949364814907, 4484844.05803257599473 ], [ 696094.191155351698399, 4484841.108041376806796 ], [ 696094.021157030132599, 4484841.107285960577428 ], [ 696094.013951043249108, 4484844.057277159765363 ] ] ] } },
{ "type": "Feature", "properties": { }, "geometry": { "type": "Polygon", "coordinates": [ [ [ 696094.183949364931323, 4484844.05803257599473 ], [ 696094.353947686497122, 4484844.058787992224097 ], [ 696094.361153673380613, 4484841.108796793036163 ], [ 696094.191155351814814, 4484841.108041376806796 ], [ 696094.183949364931323, 4484844.05803257599473 ] ] ] } },
{ "type": "Feature", "properties": { }, "geometry": { "type": "Polygon", "coordinates": [ [ [ 696094.353947686497122, 4484844.058787992224097 ], [ 696094.523946008062921, 4484844.059543408453465 ], [ 696094.531151994946413, 4484841.10955220926553 ], [ 696094.361153673380613, 4484841.108796793036163 ], [ 696094.353947686497122, 4484844.058787992224097 ] ] ] } },
{ "type": "Feature", "properties": { }, "geometry": { "type": "Polygon", "coordinates": [ [ [ 696094.523946008062921, 4484844.059543408453465 ], [ 696094.693944329628721, 4484844.060298824682832 ], [ 696094.701150316512212, 4484841.110307625494897 ], [ 696094.531151994946413, 4484841.10955220926553 ], [ 696094.523946008062921, 4484844.059543408453465 ] ] ] } },
{ "type": "Feature", "properties": { }, "geometry": { "type": "Polygon", "coordinates": [ [ [ 696095.683934555388987, 4484844.06469801440835 ], [ 696095.853932876954786, 4484844.065453430637717 ], [ 696095.861138863838278, 4484841.115462231449783 ], [ 696095.691140542272478, 4484841.114706815220416 ], [ 696095.683934555388987, 4484844.06469801440835 ] ] ] } },
{ "type": "Feature", "properties": { }, "geometry": { "type": "Polygon", "coordinates": [ [ [ 696095.853932877071202, 4484844.06545343156904 ], [ 696096.023931198637001, 4484844.066208847798407 ], [ 696096.031137185520492, 4484841.116217648610473 ], [ 696095.861138863954693, 4484841.115462232381105 ], [ 696095.853932877071202, 4484844.06545343156904 ] ] ] } },
{ "type": "Feature", "properties": { }, "geometry": { "type": "Polygon", "coordinates": [ [ [ 696096.023931198637001, 4484844.066208847798407 ], [ 696096.193929520202801, 4484844.066964264027774 ], [ 696096.201135507086292, 4484841.11697306483984 ], [ 696096.031137185520492, 4484841.116217648610473 ], [ 696096.023931198637001, 4484844.066208847798407 ] ] ] } },
{ "type": "Feature", "properties": { }, "geometry": { "type": "Polygon", "coordinates": [ [ [ 696096.193929520202801, 4484844.066964264027774 ], [ 696096.3639278417686, 4484844.067719680257142 ], [ 696096.371133828652091, 4484841.117728481069207 ], [ 696096.201135507086292, 4484841.11697306483984 ], [ 696096.193929520202801, 4484844.066964264027774 ] ] ] } },
{ "type": "Feature", "properties": { }, "geometry": { "type": "Polygon", "coordinates": [ [ [ 696096.363927841885015, 4484844.067719680257142 ], [ 696096.533926163450815, 4484844.068475096486509 ], [ 696096.541132150334306, 4484841.118483897298574 ], [ 696096.371133828768507, 4484841.117728481069207 ], [ 696096.363927841885015, 4484844.067719680257142 ] ] ] } },
{ "type": "Feature", "properties": { }, "geometry": { "type": "Polygon", "coordinates": [ [ [ 696096.533926163450815, 4484844.068475096486509 ], [ 696096.703924485016614, 4484844.069230512715876 ], [ 696096.711130471900105, 4484841.119239313527942 ], [ 696096.541132150334306, 4484841.118483897298574 ], [ 696096.533926163450815, 4484844.068475096486509 ] ] ] } },
{ "type": "Feature", "properties": { }, "geometry": { "type": "Polygon", "coordinates": [ [ [ 696096.703924485016614, 4484844.069230513647199 ], [ 696096.873922806582414, 4484844.069985929876566 ], [ 696096.881128793465905, 4484841.119994730688632 ], [ 696096.711130471900105, 4484841.119239314459264 ], [ 696096.703924485016614, 4484844.069230513647199 ] ] ] } },
{ "type": "Feature", "properties": { }, "geometry": { "type": "Polygon", "coordinates": [ [ [ 696076.07480289414525, 4484839.607527112588286 ], [ 696076.24480121571105, 4484839.608282528817654 ], [ 696076.252007202594541, 4484836.658291329629719 ], [ 696076.082008881028742, 4484836.657535913400352 ], [ 696076.07480289414525, 4484839.607527112588286 ] ] ] } },
{ "type": "Feature", "properties": { }, "geometry": { "type": "Polygon", "coordinates": [ [ [ 696076.24480121571105, 4484839.608282528817654 ], [ 696076.414799537276849, 4484839.609037945047021 ], [ 696076.42200552416034, 4484836.659046745859087 ], [ 696076.252007202594541, 4484836.658291329629719 ], [ 696076.24480121571105, 4484839.608282528817654 ] ] ] } },
{ "type": "Feature", "properties": { }, "geometry": { "type": "Polygon", "coordinates": [ [ [ 696076.414799537393264, 4484839.609037945047021 ], [ 696076.584797858959064, 4484839.609793361276388 ], [ 696076.592003845842555, 4484836.659802162088454 ], [ 696076.422005524276756, 4484836.659046745859087 ], [ 696076.414799537393264, 4484839.609037945047021 ] ] ] } },
{ "type": "Feature", "properties": { }, "geometry": { "type": "Polygon", "coordinates": [ [ [ 696076.584797858959064, 4484839.609793362207711 ], [ 696076.754796180524863, 4484839.610548778437078 ], [ 696076.762002167408355, 4484836.660557579249144 ], [ 696076.592003845842555, 4484836.659802163019776 ], [ 696076.584797858959064, 4484839.609793362207711 ] ] ] } },
{ "type": "Feature", "properties": { }, "geometry": { "type": "Polygon", "coordinates": [ [ [ 696076.754796180524863, 4484839.610548778437078 ], [ 696076.924794502090663, 4484839.611304194666445 ], [ 696076.932000488974154, 4484836.661312995478511 ], [ 696076.762002167408355, 4484836.660557579249144 ], [ 696076.754796180524863, 4484839.610548778437078 ] ] ] } },
{ "type": "Feature", "properties": { }, "geometry": { "type": "Polygon", "coordinates": [ [ [ 696076.924794502090663, 4484839.611304194666445 ], [ 696077.094792823656462, 4484839.612059610895813 ], [ 696077.101998810539953, 4484836.662068411707878 ], [ 696076.932000488974154, 4484836.661312995478511 ], [ 696076.924794502090663, 4484839.611304194666445 ] ] ] } },
{ "type": "Feature", "properties": { }, "geometry": { "type": "Polygon", "coordinates": [ [ [ 696077.094792823772877, 4484839.612059610895813 ], [ 696077.264791145338677, 4484839.61281502712518 ], [ 696077.271997132222168, 4484836.662823827937245 ], [ 696077.101998810656369, 4484836.662068411707878 ], [ 696077.094792823772877, 4484839.612059610895813 ] ] ] } },
{ "type": "Feature", "properties": { }, "geometry": { "type": "Polygon", "coordinates": [ [ [ 696078.254781371098943, 4484839.617214216850698 ], [ 696078.424779692664742, 4484839.617969633080065 ], [ 696078.431985679548234, 4484836.667978433892131 ], [ 696078.261987357982434, 4484836.667223017662764 ], [ 696078.254781371098943, 4484839.617214216850698 ] ] ] } },
{ "type": "Feature", "properties": { }, "geometry": { "type": "Polygon", "coordinates": [ [ [ 696078.424779692664742, 4484839.617969633080065 ], [ 696078.594778014230542, 4484839.618725049309433 ], [ 696078.601984001114033, 4484836.668733850121498 ], [ 696078.431985679548234, 4484836.667978433892131 ], [ 696078.424779692664742, 4484839.617969633080065 ] ] ] } },
{ "type": "Feature", "properties": { }, "geometry": { "type": "Polygon", "coordinates": [ [ [ 696078.594778014346957, 4484839.618725050240755 ], [ 696078.764776335912757, 4484839.619480466470122 ], [ 696078.771982322796248, 4484836.669489267282188 ], [ 696078.601984001230448, 4484836.668733851052821 ], [ 696078.594778014346957, 4484839.618725050240755 ] ] ] } },
{ "type": "Feature", "properties": { }, "geometry": { "type": "Polygon", "coordinates": [ [ [ 696078.764776335912757, 4484839.619480466470122 ], [ 696078.934774657478556, 4484839.62023588269949 ], [ 696078.941980644362047, 4484836.670244683511555 ], [ 696078.771982322796248, 4484836.669489267282188 ], [ 696078.764776335912757, 4484839.619480466470122 ] ] ] } },
{ "type": "Feature", "properties": { }, "geometry": { "type": "Polygon", "coordinates": [ [ [ 696078.934774657478556, 4484839.62023588269949 ], [ 696079.104772979044355, 4484839.620991298928857 ], [ 696079.111978965927847, 4484836.671000099740922 ], [ 696078.941980644362047, 4484836.670244683511555 ], [ 696078.934774657478556, 4484839.62023588269949 ] ] ] } },
{ "type": "Feature", "properties": { }, "geometry": { "type": "Polygon", "coordinates": [ [ [ 696079.104772979044355, 4484839.620991298928857 ], [ 696079.274771300610155, 4484839.621746715158224 ], [ 696079.281977287493646, 4484836.67175551597029 ], [ 696079.111978965927847, 4484836.671000099740922 ], [ 696079.104772979044355, 4484839.620991298928857 ] ] ] } },
{ "type": "Feature", "properties": { }, "geometry": { "type": "Polygon", "coordinates": [ [ [ 696079.27477130072657, 4484839.621746715158224 ], [ 696079.44476962229237, 4484839.622502131387591 ], [ 696079.451975609175861, 4484836.672510932199657 ], [ 696079.281977287610061, 4484836.67175551597029 ], [ 696079.27477130072657, 4484839.621746715158224 ] ] ] } },
{ "type": "Feature", "properties": { }, "geometry": { "type": "Polygon", "coordinates": [ [ [ 696080.434759848052636, 4484839.62690132111311 ], [ 696080.604758169618435, 4484839.627656737342477 ], [ 696080.611964156501926, 4484836.677665538154542 ], [ 696080.441965834936127, 4484836.676910121925175 ], [ 696080.434759848052636, 4484839.62690132111311 ] ] ] } },
{ "type": "Feature", "properties": { }, "geometry": { "type": "Polygon", "coordinates": [ [ [ 696080.604758169618435, 4484839.627656738273799 ], [ 696080.774756491184235, 4484839.628412154503167 ], [ 696080.781962478067726, 4484836.678420955315232 ], [ 696080.611964156501926, 4484836.677665539085865 ], [ 696080.604758169618435, 4484839.627656738273799 ] ] ] } },
{ "type": "Feature", "properties": { }, "geometry": { "type": "Polygon", "coordinates": [ [ [ 696080.77475649130065, 4484839.628412154503167 ], [ 696080.944754812866449, 4484839.629167570732534 ], [ 696080.951960799749941, 4484836.6791763715446 ], [ 696080.781962478184141, 4484836.678420955315232 ], [ 696080.77475649130065, 4484839.628412154503167 ] ] ] } },
{ "type": "Feature", "properties": { }, "geometry": { "type": "Polygon", "coordinates": [ [ [ 696080.944754812866449, 4484839.629167570732534 ], [ 696081.114753134432249, 4484839.629922986961901 ], [ 696081.12195912131574, 4484836.679931787773967 ], [ 696080.951960799749941, 4484836.6791763715446 ], [ 696080.944754812866449, 4484839.629167570732534 ] ] ] } },
{ "type": "Feature", "properties": { }, "geometry": { "type": "Polygon", "coordinates": [ [ [ 696081.114753134432249, 4484839.629922986961901 ], [ 696081.284751455998048, 4484839.630678403191268 ], [ 696081.291957442881539, 4484836.680687204003334 ], [ 696081.12195912131574, 4484836.679931787773967 ], [ 696081.114753134432249, 4484839.629922986961901 ] ] ] } },
{ "type": "Feature", "properties": { }, "geometry": { "type": "Polygon", "coordinates": [ [ [ 696081.284751455998048, 4484839.630678403191268 ], [ 696081.454749777563848, 4484839.631433819420636 ], [ 696081.461955764447339, 4484836.681442620232701 ], [ 696081.291957442881539, 4484836.680687204003334 ], [ 696081.284751455998048, 4484839.630678403191268 ] ] ] } },
{ "type": "Feature", "properties": { }, "geometry": { "type": "Polygon", "coordinates": [ [ [ 696081.454749777680263, 4484839.631433819420636 ], [ 696081.624748099246062, 4484839.632189235650003 ], [ 696081.631954086129554, 4484836.682198036462069 ], [ 696081.461955764563754, 4484836.681442620232701 ], [ 696081.454749777680263, 4484839.631433819420636 ] ] ] } },
{ "type": "Feature", "properties": { }, "geometry": { "type": "Polygon", "coordinates": [ [ [ 696082.614738325006329, 4484839.636588425375521 ], [ 696082.784736646572128, 4484839.637343841604888 ], [ 696082.791942633455619, 4484836.687352642416954 ], [ 696082.62194431188982, 4484836.686597226187587 ], [ 696082.614738325006329, 4484839.636588425375521 ] ] ] } },
{ "type": "Feature", "properties": { }, "geometry": { "type": "Polygon", "coordinates": [ [ [ 696082.784736646572128, 4484839.637343842536211 ], [ 696082.954734968137927, 4484839.638099258765578 ], [ 696082.961940955021419, 4484836.688108059577644 ], [ 696082.791942633455619, 4484836.687352643348277 ], [ 696082.784736646572128, 4484839.637343842536211 ] ] ] } },
{ "type": "Feature", "properties": { }, "geometry": { "type": "Polygon", "coordinates": [ [ [ 696082.954734968254343, 4484839.638099258765578 ], [ 696083.124733289820142, 4484839.638854674994946 ], [ 696083.131939276703633, 4484836.688863475807011 ], [ 696082.961940955137834, 4484836.688108059577644 ], [ 696082.954734968254343, 4484839.638099258765578 ] ] ] } },
{ "type": "Feature", "properties": { }, "geometry": { "type": "Polygon", "coordinates": [ [ [ 696083.124733289820142, 4484839.638854674994946 ], [ 696083.294731611385942, 4484839.639610091224313 ], [ 696083.301937598269433, 4484836.689618892036378 ], [ 696083.131939276703633, 4484836.688863475807011 ], [ 696083.124733289820142, 4484839.638854674994946 ] ] ] } },
{ "type": "Feature", "properties": { }, "geometry": { "type": "Polygon", "coordinates": [ [ [ 696083.294731611385942, 4484839.639610091224313 ], [ 696083.464729932951741, 4484839.64036550745368 ], [ 696083.471935919835232, 4484836.690374308265746 ], [ 696083.301937598269433, 4484836.689618892036378 ], [ 696083.294731611385942, 4484839.639610091224313 ] ] ] } },
{ "type": "Feature", "properties": { }, "geometry": { "type": "Polygon", "coordinates": [ [ [ 696083.464729933068156, 4484839.64036550745368 ], [ 696083.634728254633956, 4484839.641120923683047 ], [ 696083.641934241517447, 4484836.691129724495113 ], [ 696083.471935919951648, 4484836.690374308265746 ], [ 696083.464729933068156, 4484839.64036550745368 ] ] ] } },
{ "type": "Feature", "properties": { }, "geometry": { "type": "Polygon", "coordinates": [ [ [ 696083.634728254633956, 4484839.64112092461437 ], [ 696083.804726576199755, 4484839.641876340843737 ], [ 696083.811932563083246, 4484836.691885141655803 ], [ 696083.641934241517447, 4484836.691129725426435 ], [ 696083.634728254633956, 4484839.64112092461437 ] ] ] } },
{ "type": "Feature", "properties": { }, "geometry": { "type": "Polygon", "coordinates": [ [ [ 696084.794716801960021, 4484839.646275530569255 ], [ 696084.964715123525821, 4484839.647030946798623 ], [ 696084.971921110409312, 4484836.697039747610688 ], [ 696084.801922788843513, 4484836.696284331381321 ], [ 696084.794716801960021, 4484839.646275530569255 ] ] ] } },
{ "type": "Feature", "properties": { }, "geometry": { "type": "Polygon", "coordinates": [ [ [ 696084.964715123525821, 4484839.647030946798623 ], [ 696085.13471344509162, 4484839.64778636302799 ], [ 696085.141919431975111, 4484836.697795163840055 ], [ 696084.971921110409312, 4484836.697039747610688 ], [ 696084.964715123525821, 4484839.647030946798623 ] ] ] } },
{ "type": "Feature", "properties": { }, "geometry": { "type": "Polygon", "coordinates": [ [ [ 696085.134713445208035, 4484839.64778636302799 ], [ 696085.304711766773835, 4484839.648541779257357 ], [ 696085.311917753657326, 4484836.698550580069423 ], [ 696085.141919432091527, 4484836.697795163840055 ], [ 696085.134713445208035, 4484839.64778636302799 ] ] ] } },
{ "type": "Feature", "properties": { }, "geometry": { "type": "Polygon", "coordinates": [ [ [ 696085.304711766773835, 4484839.648541779257357 ], [ 696085.474710088339634, 4484839.649297195486724 ], [ 696085.481916075223126, 4484836.69930599629879 ], [ 696085.311917753657326, 4484836.698550580069423 ], [ 696085.304711766773835, 4484839.648541779257357 ] ] ] } },
{ "type": "Feature", "properties": { }, "geometry": { "type": "Polygon", "coordinates": [ [ [ 696085.474710088339634, 4484839.649297195486724 ], [ 696085.644708409905434, 4484839.650052611716092 ], [ 696085.651914396788925, 4484836.700061412528157 ], [ 696085.481916075223126, 4484836.69930599629879 ], [ 696085.474710088339634, 4484839.649297195486724 ] ] ] } },
{ "type": "Feature", "properties": { }, "geometry": { "type": "Polygon", "coordinates": [ [ [ 696085.644708410021849, 4484839.650052612647414 ], [ 696085.814706731587648, 4484839.650808028876781 ], [ 696085.82191271847114, 4484836.700816829688847 ], [ 696085.65191439690534, 4484836.70006141345948 ], [ 696085.644708410021849, 4484839.650052612647414 ] ] ] } },
{ "type": "Feature", "properties": { }, "geometry": { "type": "Polygon", "coordinates": [ [ [ 696085.814706731587648, 4484839.650808028876781 ], [ 696085.984705053153448, 4484839.651563445106149 ], [ 696085.991911040036939, 4484836.701572245918214 ], [ 696085.82191271847114, 4484836.700816829688847 ], [ 696085.814706731587648, 4484839.650808028876781 ] ] ] } },
{ "type": "Feature", "properties": { }, "geometry": { "type": "Polygon", "coordinates": [ [ [ 696086.974695278913714, 4484839.655962634831667 ], [ 696087.144693600479513, 4484839.656718051061034 ], [ 696087.151899587363005, 4484836.7067268518731 ], [ 696086.981901265797205, 4484836.705971435643733 ], [ 696086.974695278913714, 4484839.655962634831667 ] ] ] } },
{ "type": "Feature", "properties": { }, "geometry": { "type": "Polygon", "coordinates": [ [ [ 696087.144693600595929, 4484839.656718051061034 ], [ 696087.314691922161728, 4484839.657473467290401 ], [ 696087.321897909045219, 4484836.707482268102467 ], [ 696087.15189958747942, 4484836.7067268518731 ], [ 696087.144693600595929, 4484839.656718051061034 ] ] ] } },
{ "type": "Feature", "properties": { }, "geometry": { "type": "Polygon", "coordinates": [ [ [ 696087.314691922161728, 4484839.657473467290401 ], [ 696087.484690243727528, 4484839.658228883519769 ], [ 696087.491896230611019, 4484836.708237684331834 ], [ 696087.321897909045219, 4484836.707482268102467 ], [ 696087.314691922161728, 4484839.657473467290401 ] ] ] } },
{ "type": "Feature", "properties": { }, "geometry": { "type": "Polygon", "coordinates": [ [ [ 696087.484690243727528, 4484839.658228883519769 ], [ 696087.654688565293327, 4484839.658984299749136 ], [ 696087.661894552176818, 4484836.708993100561202 ], [ 696087.491896230611019, 4484836.708237684331834 ], [ 696087.484690243727528, 4484839.658228883519769 ] ] ] } },
{ "type": "Feature", "properties": { }, "geometry": { "type": "Polygon", "coordinates": [ [ [ 696087.654688565293327, 4484839.658984300680459 ], [ 696087.824686886859126, 4484839.659739716909826 ], [ 696087.831892873742618, 4484836.709748517721891 ], [ 696087.661894552176818, 4484836.708993101492524 ], [ 696087.654688565293327, 4484839.658984300680459 ] ] ] } },
{ "type": "Feature", "properties": { }, "geometry": { "type": "Polygon", "coordinates": [ [ [ 696087.824686886975542, 4484839.659739716909826 ], [ 696087.994685208541341, 4484839.660495133139193 ], [ 696088.001891195424832, 4484836.710503933951259 ], [ 696087.831892873859033, 4484836.709748517721891 ], [ 696087.824686886975542, 4484839.659739716909826 ] ] ] } },
{ "type": "Feature", "properties": { }, "geometry": { "type": "Polygon", "coordinates": [ [ [ 696087.994685208541341, 4484839.660495133139193 ], [ 696088.164683530107141, 4484839.66125054936856 ], [ 696088.171889516990632, 4484836.711259350180626 ], [ 696088.001891195424832, 4484836.710503933951259 ], [ 696087.994685208541341, 4484839.660495133139193 ] ] ] } },
{ "type": "Feature", "properties": { }, "geometry": { "type": "Polygon", "coordinates": [ [ [ 696089.154673755867407, 4484839.665649739094079 ], [ 696089.324672077433206, 4484839.666405155323446 ], [ 696089.331878064316697, 4484836.716413956135511 ], [ 696089.161879742750898, 4484836.715658539906144 ], [ 696089.154673755867407, 4484839.665649739094079 ] ] ] } },
{ "type": "Feature", "properties": { }, "geometry": { "type": "Polygon", "coordinates": [ [ [ 696089.324672077549621, 4484839.666405155323446 ], [ 696089.494670399115421, 4484839.667160571552813 ], [ 696089.501876385998912, 4484836.717169372364879 ], [ 696089.331878064433113, 4484836.716413956135511 ], [ 696089.324672077549621, 4484839.666405155323446 ] ] ] } },
{ "type": "Feature", "properties": { }, "geometry": { "type": "Polygon", "coordinates": [ [ [ 696089.494670399115421, 4484839.667160571552813 ], [ 696089.66466872068122, 4484839.66791598778218 ], [ 696089.671874707564712, 4484836.717924788594246 ], [ 696089.501876385998912, 4484836.717169372364879 ], [ 696089.494670399115421, 4484839.667160571552813 ] ] ] } },
{ "type": "Feature", "properties": { }, "geometry": { "type": "Polygon", "coordinates": [ [ [ 696089.66466872068122, 4484839.667915988713503 ], [ 696089.83466704224702, 4484839.66867140494287 ], [ 696089.841873029130511, 4484836.718680205754936 ], [ 696089.671874707564712, 4484836.717924789525568 ], [ 696089.66466872068122, 4484839.667915988713503 ] ] ] } },
{ "type": "Feature", "properties": { }, "geometry": { "type": "Polygon", "coordinates": [ [ [ 696089.83466704224702, 4484839.66867140494287 ], [ 696090.004665363812819, 4484839.669426821172237 ], [ 696090.01187135069631, 4484836.719435621984303 ], [ 696089.841873029130511, 4484836.718680205754936 ], [ 696089.83466704224702, 4484839.66867140494287 ] ] ] } },
{ "type": "Feature", "properties": { }, "geometry": { "type": "Polygon", "coordinates": [ [ [ 696090.004665363929234, 4484839.669426821172237 ], [ 696090.174663685495034, 4484839.670182237401605 ], [ 696090.181869672378525, 4484836.72019103821367 ], [ 696090.011871350812726, 4484836.719435621984303 ], [ 696090.004665363929234, 4484839.669426821172237 ] ] ] } },
{ "type": "Feature", "properties": { }, "geometry": { "type": "Polygon", "coordinates": [ [ [ 696090.174663685495034, 4484839.670182237401605 ], [ 696090.344662007060833, 4484839.670937653630972 ], [ 696090.351867993944325, 4484836.720946454443038 ], [ 696090.181869672378525, 4484836.72019103821367 ], [ 696090.174663685495034, 4484839.670182237401605 ] ] ] } },
{ "type": "Feature", "properties": { }, "geometry": { "type": "Polygon", "coordinates": [ [ [ 696091.334652232821099, 4484839.67533684335649 ], [ 696091.504650554386899, 4484839.676092259585857 ], [ 696091.51185654127039, 4484836.726101060397923 ], [ 696091.341858219704591, 4484836.725345644168556 ], [ 696091.334652232821099, 4484839.67533684335649 ] ] ] } },
{ "type": "Feature", "properties": { }, "geometry": { "type": "Polygon", "coordinates": [ [ [ 696091.504650554503314, 4484839.676092259585857 ], [ 696091.674648876069114, 4484839.676847675815225 ], [ 696091.681854862952605, 4484836.72685647662729 ], [ 696091.511856541386805, 4484836.726101060397923 ], [ 696091.504650554503314, 4484839.676092259585857 ] ] ] } },
{ "type": "Feature", "properties": { }, "geometry": { "type": "Polygon", "coordinates": [ [ [ 696091.674648876069114, 4484839.676847676746547 ], [ 696091.844647197634913, 4484839.677603092975914 ], [ 696091.851853184518404, 4484836.72761189378798 ], [ 696091.681854862952605, 4484836.726856477558613 ], [ 696091.674648876069114, 4484839.676847676746547 ] ] ] } },
{ "type": "Feature", "properties": { }, "geometry": { "type": "Polygon", "coordinates": [ [ [ 696091.844647197634913, 4484839.677603092975914 ], [ 696092.014645519200712, 4484839.678358509205282 ], [ 696092.021851506084204, 4484836.728367310017347 ], [ 696091.851853184518404, 4484836.72761189378798 ], [ 696091.844647197634913, 4484839.677603092975914 ] ] ] } },
{ "type": "Feature", "properties": { }, "geometry": { "type": "Polygon", "coordinates": [ [ [ 696092.014645519200712, 4484839.678358509205282 ], [ 696092.184643840766512, 4484839.679113925434649 ], [ 696092.191849827650003, 4484836.729122726246715 ], [ 696092.021851506084204, 4484836.728367310017347 ], [ 696092.014645519200712, 4484839.678358509205282 ] ] ] } },
{ "type": "Feature", "properties": { }, "geometry": { "type": "Polygon", "coordinates": [ [ [ 696092.184643840882927, 4484839.679113925434649 ], [ 696092.354642162448727, 4484839.679869341664016 ], [ 696092.361848149332218, 4484836.729878142476082 ], [ 696092.191849827766418, 4484836.729122726246715 ], [ 696092.184643840882927, 4484839.679113925434649 ] ] ] } },
{ "type": "Feature", "properties": { }, "geometry": { "type": "Polygon", "coordinates": [ [ [ 696092.354642162448727, 4484839.679869341664016 ], [ 696092.524640484014526, 4484839.680624757893384 ], [ 696092.531846470898017, 4484836.730633558705449 ], [ 696092.361848149332218, 4484836.729878142476082 ], [ 696092.354642162448727, 4484839.679869341664016 ] ] ] } },
{ "type": "Feature", "properties": { }, "geometry": { "type": "Polygon", "coordinates": [ [ [ 696093.514630709774792, 4484839.685023947618902 ], [ 696093.684629031340592, 4484839.685779363848269 ], [ 696093.691835018224083, 4484836.735788164660335 ], [ 696093.521836696658283, 4484836.735032748430967 ], [ 696093.514630709774792, 4484839.685023947618902 ] ] ] } },
{ "type": "Feature", "properties": { }, "geometry": { "type": "Polygon", "coordinates": [ [ [ 696093.684629031457007, 4484839.685779364779592 ], [ 696093.854627353022806, 4484839.686534781008959 ], [ 696093.861833339906298, 4484836.736543581821024 ], [ 696093.691835018340498, 4484836.735788165591657 ], [ 696093.684629031457007, 4484839.685779364779592 ] ] ] } },
{ "type": "Feature", "properties": { }, "geometry": { "type": "Polygon", "coordinates": [ [ [ 696093.854627353022806, 4484839.686534781008959 ], [ 696094.024625674588606, 4484839.687290197238326 ], [ 696094.031831661472097, 4484836.737298998050392 ], [ 696093.861833339906298, 4484836.736543581821024 ], [ 696093.854627353022806, 4484839.686534781008959 ] ] ] } },
{ "type": "Feature", "properties": { }, "geometry": { "type": "Polygon", "coordinates": [ [ [ 696094.024625674588606, 4484839.687290197238326 ], [ 696094.194623996154405, 4484839.688045613467693 ], [ 696094.201829983037896, 4484836.738054414279759 ], [ 696094.031831661472097, 4484836.737298998050392 ], [ 696094.024625674588606, 4484839.687290197238326 ] ] ] } },
{ "type": "Feature", "properties": { }, "geometry": { "type": "Polygon", "coordinates": [ [ [ 696094.19462399627082, 4484839.688045613467693 ], [ 696094.36462231783662, 4484839.688801029697061 ], [ 696094.371828304720111, 4484836.738809830509126 ], [ 696094.201829983154312, 4484836.738054414279759 ], [ 696094.19462399627082, 4484839.688045613467693 ] ] ] } },
{ "type": "Feature", "properties": { }, "geometry": { "type": "Polygon", "coordinates": [ [ [ 696094.36462231783662, 4484839.688801029697061 ], [ 696094.534620639402419, 4484839.689556445926428 ], [ 696094.541826626285911, 4484836.739565246738493 ], [ 696094.371828304720111, 4484836.738809830509126 ], [ 696094.36462231783662, 4484839.688801029697061 ] ] ] } },
{ "type": "Feature", "properties": { }, "geometry": { "type": "Polygon", "coordinates": [ [ [ 696094.534620639402419, 4484839.689556445926428 ], [ 696094.704618960968219, 4484839.690311862155795 ], [ 696094.71182494785171, 4484836.740320662967861 ], [ 696094.541826626285911, 4484836.739565246738493 ], [ 696094.534620639402419, 4484839.689556445926428 ] ] ] } },
{ "type": "Feature", "properties": { }, "geometry": { "type": "Polygon", "coordinates": [ [ [ 696095.694609186728485, 4484839.694711051881313 ], [ 696095.864607508294284, 4484839.695466468110681 ], [ 696095.871813495177776, 4484836.745475268922746 ], [ 696095.701815173611976, 4484836.744719852693379 ], [ 696095.694609186728485, 4484839.694711051881313 ] ] ] } },
{ "type": "Feature", "properties": { }, "geometry": { "type": "Polygon", "coordinates": [ [ [ 696095.8646075084107, 4484839.695466469042003 ], [ 696096.034605829976499, 4484839.69622188527137 ], [ 696096.04181181685999, 4484836.746230686083436 ], [ 696095.871813495294191, 4484836.745475269854069 ], [ 696095.8646075084107, 4484839.695466469042003 ] ] ] } },
{ "type": "Feature", "properties": { }, "geometry": { "type": "Polygon", "coordinates": [ [ [ 696096.034605829976499, 4484839.69622188527137 ], [ 696096.204604151542298, 4484839.696977301500738 ], [ 696096.21181013842579, 4484836.746986102312803 ], [ 696096.04181181685999, 4484836.746230686083436 ], [ 696096.034605829976499, 4484839.69622188527137 ] ] ] } },
{ "type": "Feature", "properties": { }, "geometry": { "type": "Polygon", "coordinates": [ [ [ 696096.204604151542298, 4484839.696977301500738 ], [ 696096.374602473108098, 4484839.697732717730105 ], [ 696096.381808459991589, 4484836.747741518542171 ], [ 696096.21181013842579, 4484836.746986102312803 ], [ 696096.204604151542298, 4484839.696977301500738 ] ] ] } },
{ "type": "Feature", "properties": { }, "geometry": { "type": "Polygon", "coordinates": [ [ [ 696096.374602473224513, 4484839.697732717730105 ], [ 696096.544600794790313, 4484839.698488133959472 ], [ 696096.551806781673804, 4484836.748496934771538 ], [ 696096.381808460108005, 4484836.747741518542171 ], [ 696096.374602473224513, 4484839.697732717730105 ] ] ] } },
{ "type": "Feature", "properties": { }, "geometry": { "type": "Polygon", "coordinates": [ [ [ 696096.544600794790313, 4484839.698488133959472 ], [ 696096.714599116356112, 4484839.699243550188839 ], [ 696096.721805103239603, 4484836.749252351000905 ], [ 696096.551806781673804, 4484836.748496934771538 ], [ 696096.544600794790313, 4484839.698488133959472 ] ] ] } },
{ "type": "Feature", "properties": { }, "geometry": { "type": "Polygon", "coordinates": [ [ [ 696096.714599116356112, 4484839.699243551120162 ], [ 696096.884597437921911, 4484839.699998967349529 ], [ 696096.891803424805403, 4484836.750007768161595 ], [ 696096.721805103239603, 4484836.749252351932228 ], [ 696096.714599116356112, 4484839.699243551120162 ] ] ] } },
{ "type": "Feature", "properties": { }, "geometry": { "type": "Polygon", "coordinates": [ [ [ 696076.085477525601164, 4484835.23754015006125 ], [ 696076.255475847166963, 4484835.238295566290617 ], [ 696076.262681834050454, 4484832.288304367102683 ], [ 696076.092683512484655, 4484832.287548950873315 ], [ 696076.085477525601164, 4484835.23754015006125 ] ] ] } },
{ "type": "Feature", "properties": { }, "geometry": { "type": "Polygon", "coordinates": [ [ [ 696076.255475847166963, 4484835.238295566290617 ], [ 696076.425474168732762, 4484835.239050982519984 ], [ 696076.432680155616254, 4484832.28905978333205 ], [ 696076.262681834050454, 4484832.288304367102683 ], [ 696076.255475847166963, 4484835.238295566290617 ] ] ] } },
{ "type": "Feature", "properties": { }, "geometry": { "type": "Polygon", "coordinates": [ [ [ 696076.425474168849178, 4484835.239050982519984 ], [ 696076.595472490414977, 4484835.239806398749352 ], [ 696076.602678477298468, 4484832.289815199561417 ], [ 696076.432680155732669, 4484832.28905978333205 ], [ 696076.425474168849178, 4484835.239050982519984 ] ] ] } },
{ "type": "Feature", "properties": { }, "geometry": { "type": "Polygon", "coordinates": [ [ [ 696076.595472490414977, 4484835.239806399680674 ], [ 696076.765470811980776, 4484835.240561815910041 ], [ 696076.772676798864268, 4484832.290570616722107 ], [ 696076.602678477298468, 4484832.28981520049274 ], [ 696076.595472490414977, 4484835.239806399680674 ] ] ] } },
{ "type": "Feature", "properties": { }, "geometry": { "type": "Polygon", "coordinates": [ [ [ 696076.765470811980776, 4484835.240561815910041 ], [ 696076.935469133546576, 4484835.241317232139409 ], [ 696076.942675120430067, 4484832.291326032951474 ], [ 696076.772676798864268, 4484832.290570616722107 ], [ 696076.765470811980776, 4484835.240561815910041 ] ] ] } },
{ "type": "Feature", "properties": { }, "geometry": { "type": "Polygon", "coordinates": [ [ [ 696076.935469133546576, 4484835.241317232139409 ], [ 696077.105467455112375, 4484835.242072648368776 ], [ 696077.112673441995867, 4484832.292081449180841 ], [ 696076.942675120430067, 4484832.291326032951474 ], [ 696076.935469133546576, 4484835.241317232139409 ] ] ] } },
{ "type": "Feature", "properties": { }, "geometry": { "type": "Polygon", "coordinates": [ [ [ 696077.105467455228791, 4484835.242072648368776 ], [ 696077.27546577679459, 4484835.242828064598143 ], [ 696077.282671763678081, 4484832.292836865410209 ], [ 696077.112673442112282, 4484832.292081449180841 ], [ 696077.105467455228791, 4484835.242072648368776 ] ] ] } },
{ "type": "Feature", "properties": { }, "geometry": { "type": "Polygon", "coordinates": [ [ [ 696078.265456002554856, 4484835.247227254323661 ], [ 696078.435454324120656, 4484835.247982670553029 ], [ 696078.442660311004147, 4484832.297991471365094 ], [ 696078.272661989438348, 4484832.297236055135727 ], [ 696078.265456002554856, 4484835.247227254323661 ] ] ] } },
{ "type": "Feature", "properties": { }, "geometry": { "type": "Polygon", "coordinates": [ [ [ 696078.435454324120656, 4484835.247982670553029 ], [ 696078.605452645686455, 4484835.248738086782396 ], [ 696078.612658632569946, 4484832.298746887594461 ], [ 696078.442660311004147, 4484832.297991471365094 ], [ 696078.435454324120656, 4484835.247982670553029 ] ] ] } },
{ "type": "Feature", "properties": { }, "geometry": { "type": "Polygon", "coordinates": [ [ [ 696078.60545264580287, 4484835.248738087713718 ], [ 696078.77545096736867, 4484835.249493503943086 ], [ 696078.782656954252161, 4484832.299502304755151 ], [ 696078.612658632686362, 4484832.298746888525784 ], [ 696078.60545264580287, 4484835.248738087713718 ] ] ] } },
{ "type": "Feature", "properties": { }, "geometry": { "type": "Polygon", "coordinates": [ [ [ 696078.77545096736867, 4484835.249493503943086 ], [ 696078.945449288934469, 4484835.250248920172453 ], [ 696078.952655275817961, 4484832.300257720984519 ], [ 696078.782656954252161, 4484832.299502304755151 ], [ 696078.77545096736867, 4484835.249493503943086 ] ] ] } },
{ "type": "Feature", "properties": { }, "geometry": { "type": "Polygon", "coordinates": [ [ [ 696078.945449288934469, 4484835.250248920172453 ], [ 696079.115447610500269, 4484835.25100433640182 ], [ 696079.12265359738376, 4484832.301013137213886 ], [ 696078.952655275817961, 4484832.300257720984519 ], [ 696078.945449288934469, 4484835.250248920172453 ] ] ] } },
{ "type": "Feature", "properties": { }, "geometry": { "type": "Polygon", "coordinates": [ [ [ 696079.115447610500269, 4484835.25100433640182 ], [ 696079.285445932066068, 4484835.251759752631187 ], [ 696079.292651918949559, 4484832.301768553443253 ], [ 696079.12265359738376, 4484832.301013137213886 ], [ 696079.115447610500269, 4484835.25100433640182 ] ] ] } },
{ "type": "Feature", "properties": { }, "geometry": { "type": "Polygon", "coordinates": [ [ [ 696079.285445932182483, 4484835.251759752631187 ], [ 696079.455444253748283, 4484835.252515168860555 ], [ 696079.462650240631774, 4484832.30252396967262 ], [ 696079.292651919065975, 4484832.301768553443253 ], [ 696079.285445932182483, 4484835.251759752631187 ] ] ] } },
{ "type": "Feature", "properties": { }, "geometry": { "type": "Polygon", "coordinates": [ [ [ 696080.445434479508549, 4484835.256914358586073 ], [ 696080.615432801074348, 4484835.25766977481544 ], [ 696080.62263878795784, 4484832.307678575627506 ], [ 696080.45264046639204, 4484832.306923159398139 ], [ 696080.445434479508549, 4484835.256914358586073 ] ] ] } },
{ "type": "Feature", "properties": { }, "geometry": { "type": "Polygon", "coordinates": [ [ [ 696080.615432801074348, 4484835.257669775746763 ], [ 696080.785431122640148, 4484835.25842519197613 ], [ 696080.792637109523639, 4484832.308433992788196 ], [ 696080.62263878795784, 4484832.307678576558828 ], [ 696080.615432801074348, 4484835.257669775746763 ] ] ] } },
{ "type": "Feature", "properties": { }, "geometry": { "type": "Polygon", "coordinates": [ [ [ 696080.785431122756563, 4484835.25842519197613 ], [ 696080.955429444322363, 4484835.259180608205497 ], [ 696080.962635431205854, 4484832.309189409017563 ], [ 696080.792637109640054, 4484832.308433992788196 ], [ 696080.785431122756563, 4484835.25842519197613 ] ] ] } },
{ "type": "Feature", "properties": { }, "geometry": { "type": "Polygon", "coordinates": [ [ [ 696080.955429444322363, 4484835.259180608205497 ], [ 696081.125427765888162, 4484835.259936024434865 ], [ 696081.132633752771653, 4484832.30994482524693 ], [ 696080.962635431205854, 4484832.309189409017563 ], [ 696080.955429444322363, 4484835.259180608205497 ] ] ] } },
{ "type": "Feature", "properties": { }, "geometry": { "type": "Polygon", "coordinates": [ [ [ 696081.125427765888162, 4484835.259936024434865 ], [ 696081.295426087453961, 4484835.260691440664232 ], [ 696081.302632074337453, 4484832.310700241476297 ], [ 696081.132633752771653, 4484832.30994482524693 ], [ 696081.125427765888162, 4484835.259936024434865 ] ] ] } },
{ "type": "Feature", "properties": { }, "geometry": { "type": "Polygon", "coordinates": [ [ [ 696081.295426087453961, 4484835.260691440664232 ], [ 696081.465424409019761, 4484835.261446856893599 ], [ 696081.472630395903252, 4484832.311455657705665 ], [ 696081.302632074337453, 4484832.310700241476297 ], [ 696081.295426087453961, 4484835.260691440664232 ] ] ] } },
{ "type": "Feature", "properties": { }, "geometry": { "type": "Polygon", "coordinates": [ [ [ 696081.465424409136176, 4484835.261446856893599 ], [ 696081.635422730701976, 4484835.262202273122966 ], [ 696081.642628717585467, 4484832.312211073935032 ], [ 696081.472630396019667, 4484832.311455657705665 ], [ 696081.465424409136176, 4484835.261446856893599 ] ] ] } },
{ "type": "Feature", "properties": { }, "geometry": { "type": "Polygon", "coordinates": [ [ [ 696082.625412956462242, 4484835.266601462848485 ], [ 696082.795411278028041, 4484835.267356879077852 ], [ 696082.802617264911532, 4484832.317365679889917 ], [ 696082.632618943345733, 4484832.31661026366055 ], [ 696082.625412956462242, 4484835.266601462848485 ] ] ] } },
{ "type": "Feature", "properties": { }, "geometry": { "type": "Polygon", "coordinates": [ [ [ 696082.795411278028041, 4484835.267356880009174 ], [ 696082.965409599593841, 4484835.268112296238542 ], [ 696082.972615586477332, 4484832.318121097050607 ], [ 696082.802617264911532, 4484832.31736568082124 ], [ 696082.795411278028041, 4484835.267356880009174 ] ] ] } },
{ "type": "Feature", "properties": { }, "geometry": { "type": "Polygon", "coordinates": [ [ [ 696082.965409599710256, 4484835.268112296238542 ], [ 696083.135407921276055, 4484835.268867712467909 ], [ 696083.142613908159547, 4484832.318876513279974 ], [ 696082.972615586593747, 4484832.318121097050607 ], [ 696082.965409599710256, 4484835.268112296238542 ] ] ] } },
{ "type": "Feature", "properties": { }, "geometry": { "type": "Polygon", "coordinates": [ [ [ 696083.135407921276055, 4484835.268867712467909 ], [ 696083.305406242841855, 4484835.269623128697276 ], [ 696083.312612229725346, 4484832.319631929509342 ], [ 696083.142613908159547, 4484832.318876513279974 ], [ 696083.135407921276055, 4484835.268867712467909 ] ] ] } },
{ "type": "Feature", "properties": { }, "geometry": { "type": "Polygon", "coordinates": [ [ [ 696083.305406242841855, 4484835.269623128697276 ], [ 696083.475404564407654, 4484835.270378544926643 ], [ 696083.482610551291145, 4484832.320387345738709 ], [ 696083.312612229725346, 4484832.319631929509342 ], [ 696083.305406242841855, 4484835.269623128697276 ] ] ] } },
{ "type": "Feature", "properties": { }, "geometry": { "type": "Polygon", "coordinates": [ [ [ 696083.475404564524069, 4484835.270378544926643 ], [ 696083.645402886089869, 4484835.271133961156011 ], [ 696083.65260887297336, 4484832.321142761968076 ], [ 696083.482610551407561, 4484832.320387345738709 ], [ 696083.475404564524069, 4484835.270378544926643 ] ] ] } },
{ "type": "Feature", "properties": { }, "geometry": { "type": "Polygon", "coordinates": [ [ [ 696083.645402886089869, 4484835.271133962087333 ], [ 696083.815401207655668, 4484835.2718893783167 ], [ 696083.82260719453916, 4484832.321898179128766 ], [ 696083.65260887297336, 4484832.321142762899399 ], [ 696083.645402886089869, 4484835.271133962087333 ] ] ] } },
{ "type": "Feature", "properties": { }, "geometry": { "type": "Polygon", "coordinates": [ [ [ 696084.805391433415934, 4484835.276288568042219 ], [ 696084.975389754981734, 4484835.277043984271586 ], [ 696084.982595741865225, 4484832.327052785083652 ], [ 696084.812597420299426, 4484832.326297368854284 ], [ 696084.805391433415934, 4484835.276288568042219 ] ] ] } },
{ "type": "Feature", "properties": { }, "geometry": { "type": "Polygon", "coordinates": [ [ [ 696084.975389754981734, 4484835.277043984271586 ], [ 696085.145388076547533, 4484835.277799400500953 ], [ 696085.152594063431025, 4484832.327808201313019 ], [ 696084.982595741865225, 4484832.327052785083652 ], [ 696084.975389754981734, 4484835.277043984271586 ] ] ] } },
{ "type": "Feature", "properties": { }, "geometry": { "type": "Polygon", "coordinates": [ [ [ 696085.145388076663949, 4484835.277799400500953 ], [ 696085.315386398229748, 4484835.27855481673032 ], [ 696085.322592385113239, 4484832.328563617542386 ], [ 696085.15259406354744, 4484832.327808201313019 ], [ 696085.145388076663949, 4484835.277799400500953 ] ] ] } },
{ "type": "Feature", "properties": { }, "geometry": { "type": "Polygon", "coordinates": [ [ [ 696085.315386398229748, 4484835.27855481673032 ], [ 696085.485384719795547, 4484835.279310232959688 ], [ 696085.492590706679039, 4484832.329319033771753 ], [ 696085.322592385113239, 4484832.328563617542386 ], [ 696085.315386398229748, 4484835.27855481673032 ] ] ] } },
{ "type": "Feature", "properties": { }, "geometry": { "type": "Polygon", "coordinates": [ [ [ 696085.485384719795547, 4484835.279310232959688 ], [ 696085.655383041361347, 4484835.280065649189055 ], [ 696085.662589028244838, 4484832.330074450001121 ], [ 696085.492590706679039, 4484832.329319033771753 ], [ 696085.485384719795547, 4484835.279310232959688 ] ] ] } },
{ "type": "Feature", "properties": { }, "geometry": { "type": "Polygon", "coordinates": [ [ [ 696085.655383041477762, 4484835.280065650120378 ], [ 696085.825381363043562, 4484835.280821066349745 ], [ 696085.832587349927053, 4484832.33082986716181 ], [ 696085.662589028361253, 4484832.330074450932443 ], [ 696085.655383041477762, 4484835.280065650120378 ] ] ] } },
{ "type": "Feature", "properties": { }, "geometry": { "type": "Polygon", "coordinates": [ [ [ 696085.825381363043562, 4484835.280821066349745 ], [ 696085.995379684609361, 4484835.281576482579112 ], [ 696086.002585671492852, 4484832.331585283391178 ], [ 696085.832587349927053, 4484832.33082986716181 ], [ 696085.825381363043562, 4484835.280821066349745 ] ] ] } },
{ "type": "Feature", "properties": { }, "geometry": { "type": "Polygon", "coordinates": [ [ [ 696086.985369910369627, 4484835.28597567230463 ], [ 696087.155368231935427, 4484835.286731088533998 ], [ 696087.162574218818918, 4484832.336739889346063 ], [ 696086.992575897253118, 4484832.335984473116696 ], [ 696086.985369910369627, 4484835.28597567230463 ] ] ] } },
{ "type": "Feature", "properties": { }, "geometry": { "type": "Polygon", "coordinates": [ [ [ 696087.155368232051842, 4484835.286731088533998 ], [ 696087.325366553617641, 4484835.287486504763365 ], [ 696087.332572540501133, 4484832.33749530557543 ], [ 696087.162574218935333, 4484832.336739889346063 ], [ 696087.155368232051842, 4484835.286731088533998 ] ] ] } },
{ "type": "Feature", "properties": { }, "geometry": { "type": "Polygon", "coordinates": [ [ [ 696087.325366553617641, 4484835.287486504763365 ], [ 696087.495364875183441, 4484835.288241920992732 ], [ 696087.502570862066932, 4484832.338250721804798 ], [ 696087.332572540501133, 4484832.33749530557543 ], [ 696087.325366553617641, 4484835.287486504763365 ] ] ] } },
{ "type": "Feature", "properties": { }, "geometry": { "type": "Polygon", "coordinates": [ [ [ 696087.495364875183441, 4484835.288241920992732 ], [ 696087.66536319674924, 4484835.288997337222099 ], [ 696087.672569183632731, 4484832.339006138034165 ], [ 696087.502570862066932, 4484832.338250721804798 ], [ 696087.495364875183441, 4484835.288241920992732 ] ] ] } },
{ "type": "Feature", "properties": { }, "geometry": { "type": "Polygon", "coordinates": [ [ [ 696087.66536319674924, 4484835.288997338153422 ], [ 696087.83536151831504, 4484835.289752754382789 ], [ 696087.842567505198531, 4484832.339761555194855 ], [ 696087.672569183632731, 4484832.339006138965487 ], [ 696087.66536319674924, 4484835.288997338153422 ] ] ] } },
{ "type": "Feature", "properties": { }, "geometry": { "type": "Polygon", "coordinates": [ [ [ 696087.835361518431455, 4484835.289752754382789 ], [ 696088.005359839997254, 4484835.290508170612156 ], [ 696088.012565826880746, 4484832.340516971424222 ], [ 696087.842567505314946, 4484832.339761555194855 ], [ 696087.835361518431455, 4484835.289752754382789 ] ] ] } },
{ "type": "Feature", "properties": { }, "geometry": { "type": "Polygon", "coordinates": [ [ [ 696088.005359839997254, 4484835.290508170612156 ], [ 696088.175358161563054, 4484835.291263586841524 ], [ 696088.182564148446545, 4484832.341272387653589 ], [ 696088.012565826880746, 4484832.340516971424222 ], [ 696088.005359839997254, 4484835.290508170612156 ] ] ] } },
{ "type": "Feature", "properties": { }, "geometry": { "type": "Polygon", "coordinates": [ [ [ 696089.16534838732332, 4484835.295662776567042 ], [ 696089.335346708889119, 4484835.296418192796409 ], [ 696089.342552695772611, 4484832.346426993608475 ], [ 696089.172554374206811, 4484832.345671577379107 ], [ 696089.16534838732332, 4484835.295662776567042 ] ] ] } },
{ "type": "Feature", "properties": { }, "geometry": { "type": "Polygon", "coordinates": [ [ [ 696089.335346709005535, 4484835.296418192796409 ], [ 696089.505345030571334, 4484835.297173609025776 ], [ 696089.512551017454825, 4484832.347182409837842 ], [ 696089.342552695889026, 4484832.346426993608475 ], [ 696089.335346709005535, 4484835.296418192796409 ] ] ] } },
{ "type": "Feature", "properties": { }, "geometry": { "type": "Polygon", "coordinates": [ [ [ 696089.505345030571334, 4484835.297173609025776 ], [ 696089.675343352137133, 4484835.297929025255144 ], [ 696089.682549339020625, 4484832.347937826067209 ], [ 696089.512551017454825, 4484832.347182409837842 ], [ 696089.505345030571334, 4484835.297173609025776 ] ] ] } },
{ "type": "Feature", "properties": { }, "geometry": { "type": "Polygon", "coordinates": [ [ [ 696089.675343352137133, 4484835.297929026186466 ], [ 696089.845341673702933, 4484835.298684442415833 ], [ 696089.852547660586424, 4484832.348693243227899 ], [ 696089.682549339020625, 4484832.347937826998532 ], [ 696089.675343352137133, 4484835.297929026186466 ] ] ] } },
{ "type": "Feature", "properties": { }, "geometry": { "type": "Polygon", "coordinates": [ [ [ 696089.845341673702933, 4484835.298684442415833 ], [ 696090.015339995268732, 4484835.299439858645201 ], [ 696090.022545982152224, 4484832.349448659457266 ], [ 696089.852547660586424, 4484832.348693243227899 ], [ 696089.845341673702933, 4484835.298684442415833 ] ] ] } },
{ "type": "Feature", "properties": { }, "geometry": { "type": "Polygon", "coordinates": [ [ [ 696090.015339995385148, 4484835.299439858645201 ], [ 696090.185338316950947, 4484835.300195274874568 ], [ 696090.192544303834438, 4484832.350204075686634 ], [ 696090.022545982268639, 4484832.349448659457266 ], [ 696090.015339995385148, 4484835.299439858645201 ] ] ] } },
{ "type": "Feature", "properties": { }, "geometry": { "type": "Polygon", "coordinates": [ [ [ 696090.185338316950947, 4484835.300195274874568 ], [ 696090.355336638516746, 4484835.300950691103935 ], [ 696090.362542625400238, 4484832.350959491916001 ], [ 696090.192544303834438, 4484832.350204075686634 ], [ 696090.185338316950947, 4484835.300195274874568 ] ] ] } },
{ "type": "Feature", "properties": { }, "geometry": { "type": "Polygon", "coordinates": [ [ [ 696091.345326864277013, 4484835.305349880829453 ], [ 696091.515325185842812, 4484835.306105297058821 ], [ 696091.522531172726303, 4484832.356114097870886 ], [ 696091.352532851160504, 4484832.355358681641519 ], [ 696091.345326864277013, 4484835.305349880829453 ] ] ] } },
{ "type": "Feature", "properties": { }, "geometry": { "type": "Polygon", "coordinates": [ [ [ 696091.515325185959227, 4484835.306105297058821 ], [ 696091.685323507525027, 4484835.306860713288188 ], [ 696091.692529494408518, 4484832.356869514100254 ], [ 696091.522531172842719, 4484832.356114097870886 ], [ 696091.515325185959227, 4484835.306105297058821 ] ] ] } },
{ "type": "Feature", "properties": { }, "geometry": { "type": "Polygon", "coordinates": [ [ [ 696091.685323507525027, 4484835.306860714219511 ], [ 696091.855321829090826, 4484835.307616130448878 ], [ 696091.862527815974317, 4484832.357624931260943 ], [ 696091.692529494408518, 4484832.356869515031576 ], [ 696091.685323507525027, 4484835.306860714219511 ] ] ] } },
{ "type": "Feature", "properties": { }, "geometry": { "type": "Polygon", "coordinates": [ [ [ 696091.855321829090826, 4484835.307616130448878 ], [ 696092.025320150656626, 4484835.308371546678245 ], [ 696092.032526137540117, 4484832.358380347490311 ], [ 696091.862527815974317, 4484832.357624931260943 ], [ 696091.855321829090826, 4484835.307616130448878 ] ] ] } },
{ "type": "Feature", "properties": { }, "geometry": { "type": "Polygon", "coordinates": [ [ [ 696092.025320150656626, 4484835.308371546678245 ], [ 696092.195318472222425, 4484835.309126962907612 ], [ 696092.202524459105916, 4484832.359135763719678 ], [ 696092.032526137540117, 4484832.358380347490311 ], [ 696092.025320150656626, 4484835.308371546678245 ] ] ] } },
{ "type": "Feature", "properties": { }, "geometry": { "type": "Polygon", "coordinates": [ [ [ 696092.19531847233884, 4484835.309126962907612 ], [ 696092.36531679390464, 4484835.30988237913698 ], [ 696092.372522780788131, 4484832.359891179949045 ], [ 696092.202524459222332, 4484832.359135763719678 ], [ 696092.19531847233884, 4484835.309126962907612 ] ] ] } },
{ "type": "Feature", "properties": { }, "geometry": { "type": "Polygon", "coordinates": [ [ [ 696092.36531679390464, 4484835.30988237913698 ], [ 696092.535315115470439, 4484835.310637795366347 ], [ 696092.54252110235393, 4484832.360646596178412 ], [ 696092.372522780788131, 4484832.359891179949045 ], [ 696092.36531679390464, 4484835.30988237913698 ] ] ] } },
{ "type": "Feature", "properties": { }, "geometry": { "type": "Polygon", "coordinates": [ [ [ 696093.525305341230705, 4484835.315036985091865 ], [ 696093.695303662796505, 4484835.315792401321232 ], [ 696093.702509649679996, 4484832.365801202133298 ], [ 696093.532511328114197, 4484832.365045785903931 ], [ 696093.525305341230705, 4484835.315036985091865 ] ] ] } },
{ "type": "Feature", "properties": { }, "geometry": { "type": "Polygon", "coordinates": [ [ [ 696093.69530366291292, 4484835.315792402252555 ], [ 696093.86530198447872, 4484835.316547818481922 ], [ 696093.872507971362211, 4484832.366556619293988 ], [ 696093.702509649796411, 4484832.36580120306462 ], [ 696093.69530366291292, 4484835.315792402252555 ] ] ] } },
{ "type": "Feature", "properties": { }, "geometry": { "type": "Polygon", "coordinates": [ [ [ 696093.86530198447872, 4484835.316547818481922 ], [ 696094.035300306044519, 4484835.317303234711289 ], [ 696094.04250629292801, 4484832.367312035523355 ], [ 696093.872507971362211, 4484832.366556619293988 ], [ 696093.86530198447872, 4484835.316547818481922 ] ] ] } },
{ "type": "Feature", "properties": { }, "geometry": { "type": "Polygon", "coordinates": [ [ [ 696094.035300306044519, 4484835.317303234711289 ], [ 696094.205298627610318, 4484835.318058650940657 ], [ 696094.21250461449381, 4484832.368067451752722 ], [ 696094.04250629292801, 4484832.367312035523355 ], [ 696094.035300306044519, 4484835.317303234711289 ] ] ] } },
{ "type": "Feature", "properties": { }, "geometry": { "type": "Polygon", "coordinates": [ [ [ 696094.205298627726734, 4484835.318058650940657 ], [ 696094.375296949292533, 4484835.318814067170024 ], [ 696094.382502936176024, 4484832.36882286798209 ], [ 696094.212504614610225, 4484832.368067451752722 ], [ 696094.205298627726734, 4484835.318058650940657 ] ] ] } },
{ "type": "Feature", "properties": { }, "geometry": { "type": "Polygon", "coordinates": [ [ [ 696094.375296949292533, 4484835.318814067170024 ], [ 696094.545295270858333, 4484835.319569483399391 ], [ 696094.552501257741824, 4484832.369578284211457 ], [ 696094.382502936176024, 4484832.36882286798209 ], [ 696094.375296949292533, 4484835.318814067170024 ] ] ] } },
{ "type": "Feature", "properties": { }, "geometry": { "type": "Polygon", "coordinates": [ [ [ 696094.545295270858333, 4484835.319569483399391 ], [ 696094.715293592424132, 4484835.320324899628758 ], [ 696094.722499579307623, 4484832.370333700440824 ], [ 696094.552501257741824, 4484832.369578284211457 ], [ 696094.545295270858333, 4484835.319569483399391 ] ] ] } },
{ "type": "Feature", "properties": { }, "geometry": { "type": "Polygon", "coordinates": [ [ [ 696095.705283818184398, 4484835.324724089354277 ], [ 696095.875282139750198, 4484835.325479505583644 ], [ 696095.882488126633689, 4484832.37548830639571 ], [ 696095.712489805067889, 4484832.374732890166342 ], [ 696095.705283818184398, 4484835.324724089354277 ] ] ] } },
{ "type": "Feature", "properties": { }, "geometry": { "type": "Polygon", "coordinates": [ [ [ 696095.875282139866613, 4484835.325479506514966 ], [ 696096.045280461432412, 4484835.326234922744334 ], [ 696096.052486448315904, 4484832.376243723556399 ], [ 696095.882488126750104, 4484832.375488307327032 ], [ 696095.875282139866613, 4484835.325479506514966 ] ] ] } },
{ "type": "Feature", "properties": { }, "geometry": { "type": "Polygon", "coordinates": [ [ [ 696096.045280461432412, 4484835.326234922744334 ], [ 696096.215278782998212, 4484835.326990338973701 ], [ 696096.222484769881703, 4484832.376999139785767 ], [ 696096.052486448315904, 4484832.376243723556399 ], [ 696096.045280461432412, 4484835.326234922744334 ] ] ] } },
{ "type": "Feature", "properties": { }, "geometry": { "type": "Polygon", "coordinates": [ [ [ 696096.215278782998212, 4484835.326990338973701 ], [ 696096.385277104564011, 4484835.327745755203068 ], [ 696096.392483091447502, 4484832.377754556015134 ], [ 696096.222484769881703, 4484832.376999139785767 ], [ 696096.215278782998212, 4484835.326990338973701 ] ] ] } },
{ "type": "Feature", "properties": { }, "geometry": { "type": "Polygon", "coordinates": [ [ [ 696096.385277104680426, 4484835.327745755203068 ], [ 696096.555275426246226, 4484835.328501171432436 ], [ 696096.562481413129717, 4484832.378509972244501 ], [ 696096.392483091563918, 4484832.377754556015134 ], [ 696096.385277104680426, 4484835.327745755203068 ] ] ] } },
{ "type": "Feature", "properties": { }, "geometry": { "type": "Polygon", "coordinates": [ [ [ 696096.555275426246226, 4484835.328501171432436 ], [ 696096.725273747812025, 4484835.329256587661803 ], [ 696096.732479734695517, 4484832.379265388473868 ], [ 696096.562481413129717, 4484832.378509972244501 ], [ 696096.555275426246226, 4484835.328501171432436 ] ] ] } },
{ "type": "Feature", "properties": { }, "geometry": { "type": "Polygon", "coordinates": [ [ [ 696096.725273747812025, 4484835.329256588593125 ], [ 696096.895272069377825, 4484835.330012004822493 ], [ 696096.902478056261316, 4484832.380020805634558 ], [ 696096.732479734695517, 4484832.379265389405191 ], [ 696096.725273747812025, 4484835.329256588593125 ] ] ] } },
{ "type": "Feature", "properties": { }, "geometry": { "type": "Polygon", "coordinates": [ [ [ 696076.096152156940661, 4484830.867553187534213 ], [ 696076.266150478506461, 4484830.86830860376358 ], [ 696076.273356465389952, 4484827.918317404575646 ], [ 696076.103358143824153, 4484827.917561988346279 ], [ 696076.096152156940661, 4484830.867553187534213 ] ] ] } },
{ "type": "Feature", "properties": { }, "geometry": { "type": "Polygon", "coordinates": [ [ [ 696076.266150478506461, 4484830.86830860376358 ], [ 696076.43614880007226, 4484830.869064019992948 ], [ 696076.443354786955751, 4484827.919072820805013 ], [ 696076.273356465389952, 4484827.918317404575646 ], [ 696076.266150478506461, 4484830.86830860376358 ] ] ] } },
{ "type": "Feature", "properties": { }, "geometry": { "type": "Polygon", "coordinates": [ [ [ 696076.436148800188676, 4484830.869064019992948 ], [ 696076.606147121754475, 4484830.869819436222315 ], [ 696076.613353108637966, 4484827.91982823703438 ], [ 696076.443354787072167, 4484827.919072820805013 ], [ 696076.436148800188676, 4484830.869064019992948 ] ] ] } },
{ "type": "Feature", "properties": { }, "geometry": { "type": "Polygon", "coordinates": [ [ [ 696076.606147121754475, 4484830.869819437153637 ], [ 696076.776145443320274, 4484830.870574853383005 ], [ 696076.783351430203766, 4484827.92058365419507 ], [ 696076.613353108637966, 4484827.919828237965703 ], [ 696076.606147121754475, 4484830.869819437153637 ] ] ] } },
{ "type": "Feature", "properties": { }, "geometry": { "type": "Polygon", "coordinates": [ [ [ 696076.776145443320274, 4484830.870574853383005 ], [ 696076.946143764886074, 4484830.871330269612372 ], [ 696076.953349751769565, 4484827.921339070424438 ], [ 696076.783351430203766, 4484827.92058365419507 ], [ 696076.776145443320274, 4484830.870574853383005 ] ] ] } },
{ "type": "Feature", "properties": { }, "geometry": { "type": "Polygon", "coordinates": [ [ [ 696076.946143764886074, 4484830.871330269612372 ], [ 696077.116142086451873, 4484830.872085685841739 ], [ 696077.123348073335364, 4484827.922094486653805 ], [ 696076.953349751769565, 4484827.921339070424438 ], [ 696076.946143764886074, 4484830.871330269612372 ] ] ] } },
{ "type": "Feature", "properties": { }, "geometry": { "type": "Polygon", "coordinates": [ [ [ 696077.116142086568289, 4484830.872085685841739 ], [ 696077.286140408134088, 4484830.872841102071106 ], [ 696077.293346395017579, 4484827.922849902883172 ], [ 696077.12334807345178, 4484827.922094486653805 ], [ 696077.116142086568289, 4484830.872085685841739 ] ] ] } },
{ "type": "Feature", "properties": { }, "geometry": { "type": "Polygon", "coordinates": [ [ [ 696078.276130633894354, 4484830.877240291796625 ], [ 696078.446128955460154, 4484830.877995708025992 ], [ 696078.453334942343645, 4484827.928004508838058 ], [ 696078.283336620777845, 4484827.92724909260869 ], [ 696078.276130633894354, 4484830.877240291796625 ] ] ] } },
{ "type": "Feature", "properties": { }, "geometry": { "type": "Polygon", "coordinates": [ [ [ 696078.446128955460154, 4484830.877995708025992 ], [ 696078.616127277025953, 4484830.878751124255359 ], [ 696078.623333263909444, 4484827.928759925067425 ], [ 696078.453334942343645, 4484827.928004508838058 ], [ 696078.446128955460154, 4484830.877995708025992 ] ] ] } },
{ "type": "Feature", "properties": { }, "geometry": { "type": "Polygon", "coordinates": [ [ [ 696078.616127277142368, 4484830.878751125186682 ], [ 696078.786125598708168, 4484830.879506541416049 ], [ 696078.793331585591659, 4484827.929515342228115 ], [ 696078.62333326402586, 4484827.928759925998747 ], [ 696078.616127277142368, 4484830.878751125186682 ] ] ] } },
{ "type": "Feature", "properties": { }, "geometry": { "type": "Polygon", "coordinates": [ [ [ 696078.786125598708168, 4484830.879506541416049 ], [ 696078.956123920273967, 4484830.880261957645416 ], [ 696078.963329907157458, 4484827.930270758457482 ], [ 696078.793331585591659, 4484827.929515342228115 ], [ 696078.786125598708168, 4484830.879506541416049 ] ] ] } },
{ "type": "Feature", "properties": { }, "geometry": { "type": "Polygon", "coordinates": [ [ [ 696078.956123920273967, 4484830.880261957645416 ], [ 696079.126122241839767, 4484830.881017373874784 ], [ 696079.133328228723258, 4484827.931026174686849 ], [ 696078.963329907157458, 4484827.930270758457482 ], [ 696078.956123920273967, 4484830.880261957645416 ] ] ] } },
{ "type": "Feature", "properties": { }, "geometry": { "type": "Polygon", "coordinates": [ [ [ 696079.126122241839767, 4484830.881017373874784 ], [ 696079.296120563405566, 4484830.881772790104151 ], [ 696079.303326550289057, 4484827.931781590916216 ], [ 696079.133328228723258, 4484827.931026174686849 ], [ 696079.126122241839767, 4484830.881017373874784 ] ] ] } },
{ "type": "Feature", "properties": { }, "geometry": { "type": "Polygon", "coordinates": [ [ [ 696079.296120563521981, 4484830.881772790104151 ], [ 696079.466118885087781, 4484830.882528206333518 ], [ 696079.473324871971272, 4484827.932537007145584 ], [ 696079.303326550405473, 4484827.931781590916216 ], [ 696079.296120563521981, 4484830.881772790104151 ] ] ] } },
{ "type": "Feature", "properties": { }, "geometry": { "type": "Polygon", "coordinates": [ [ [ 696080.456109110848047, 4484830.886927396059036 ], [ 696080.626107432413846, 4484830.887682812288404 ], [ 696080.633313419297338, 4484827.937691613100469 ], [ 696080.463315097731538, 4484827.936936196871102 ], [ 696080.456109110848047, 4484830.886927396059036 ] ] ] } },
{ "type": "Feature", "properties": { }, "geometry": { "type": "Polygon", "coordinates": [ [ [ 696080.626107432413846, 4484830.887682813219726 ], [ 696080.796105753979646, 4484830.888438229449093 ], [ 696080.803311740863137, 4484827.938447030261159 ], [ 696080.633313419297338, 4484827.937691614031792 ], [ 696080.626107432413846, 4484830.887682813219726 ] ] ] } },
{ "type": "Feature", "properties": { }, "geometry": { "type": "Polygon", "coordinates": [ [ [ 696080.796105754096061, 4484830.888438229449093 ], [ 696080.96610407566186, 4484830.889193645678461 ], [ 696080.973310062545352, 4484827.939202446490526 ], [ 696080.803311740979552, 4484827.938447030261159 ], [ 696080.796105754096061, 4484830.888438229449093 ] ] ] } },
{ "type": "Feature", "properties": { }, "geometry": { "type": "Polygon", "coordinates": [ [ [ 696080.96610407566186, 4484830.889193645678461 ], [ 696081.13610239722766, 4484830.889949061907828 ], [ 696081.143308384111151, 4484827.939957862719893 ], [ 696080.973310062545352, 4484827.939202446490526 ], [ 696080.96610407566186, 4484830.889193645678461 ] ] ] } },
{ "type": "Feature", "properties": { }, "geometry": { "type": "Polygon", "coordinates": [ [ [ 696081.13610239722766, 4484830.889949061907828 ], [ 696081.306100718793459, 4484830.890704478137195 ], [ 696081.313306705676951, 4484827.940713278949261 ], [ 696081.143308384111151, 4484827.939957862719893 ], [ 696081.13610239722766, 4484830.889949061907828 ] ] ] } },
{ "type": "Feature", "properties": { }, "geometry": { "type": "Polygon", "coordinates": [ [ [ 696081.306100718793459, 4484830.890704478137195 ], [ 696081.476099040359259, 4484830.891459894366562 ], [ 696081.48330502724275, 4484827.941468695178628 ], [ 696081.313306705676951, 4484827.940713278949261 ], [ 696081.306100718793459, 4484830.890704478137195 ] ] ] } },
{ "type": "Feature", "properties": { }, "geometry": { "type": "Polygon", "coordinates": [ [ [ 696081.476099040475674, 4484830.891459894366562 ], [ 696081.646097362041473, 4484830.89221531059593 ], [ 696081.653303348924965, 4484827.942224111407995 ], [ 696081.483305027359165, 4484827.941468695178628 ], [ 696081.476099040475674, 4484830.891459894366562 ] ] ] } },
{ "type": "Feature", "properties": { }, "geometry": { "type": "Polygon", "coordinates": [ [ [ 696082.63608758780174, 4484830.896614500321448 ], [ 696082.806085909367539, 4484830.897369916550815 ], [ 696082.81329189625103, 4484827.947378717362881 ], [ 696082.643293574685231, 4484827.946623301133513 ], [ 696082.63608758780174, 4484830.896614500321448 ] ] ] } },
{ "type": "Feature", "properties": { }, "geometry": { "type": "Polygon", "coordinates": [ [ [ 696082.806085909367539, 4484830.897369917482138 ], [ 696082.976084230933338, 4484830.898125333711505 ], [ 696082.98329021781683, 4484827.948134134523571 ], [ 696082.81329189625103, 4484827.947378718294203 ], [ 696082.806085909367539, 4484830.897369917482138 ] ] ] } },
{ "type": "Feature", "properties": { }, "geometry": { "type": "Polygon", "coordinates": [ [ [ 696082.976084231049754, 4484830.898125333711505 ], [ 696083.146082552615553, 4484830.898880749940872 ], [ 696083.153288539499044, 4484827.948889550752938 ], [ 696082.983290217933245, 4484827.948134134523571 ], [ 696082.976084231049754, 4484830.898125333711505 ] ] ] } },
{ "type": "Feature", "properties": { }, "geometry": { "type": "Polygon", "coordinates": [ [ [ 696083.146082552615553, 4484830.898880749940872 ], [ 696083.316080874181353, 4484830.899636166170239 ], [ 696083.323286861064844, 4484827.949644966982305 ], [ 696083.153288539499044, 4484827.948889550752938 ], [ 696083.146082552615553, 4484830.898880749940872 ] ] ] } },
{ "type": "Feature", "properties": { }, "geometry": { "type": "Polygon", "coordinates": [ [ [ 696083.316080874181353, 4484830.899636166170239 ], [ 696083.486079195747152, 4484830.900391582399607 ], [ 696083.493285182630643, 4484827.950400383211672 ], [ 696083.323286861064844, 4484827.949644966982305 ], [ 696083.316080874181353, 4484830.899636166170239 ] ] ] } },
{ "type": "Feature", "properties": { }, "geometry": { "type": "Polygon", "coordinates": [ [ [ 696083.486079195863567, 4484830.900391582399607 ], [ 696083.656077517429367, 4484830.901146998628974 ], [ 696083.663283504312858, 4484827.95115579944104 ], [ 696083.493285182747059, 4484827.950400383211672 ], [ 696083.486079195863567, 4484830.900391582399607 ] ] ] } },
{ "type": "Feature", "properties": { }, "geometry": { "type": "Polygon", "coordinates": [ [ [ 696083.656077517429367, 4484830.901146999560297 ], [ 696083.826075838995166, 4484830.901902415789664 ], [ 696083.833281825878657, 4484827.951911216601729 ], [ 696083.663283504312858, 4484827.951155800372362 ], [ 696083.656077517429367, 4484830.901146999560297 ] ] ] } },
{ "type": "Feature", "properties": { }, "geometry": { "type": "Polygon", "coordinates": [ [ [ 696084.816066064755432, 4484830.906301605515182 ], [ 696084.986064386321232, 4484830.907057021744549 ], [ 696084.993270373204723, 4484827.957065822556615 ], [ 696084.823272051638924, 4484827.956310406327248 ], [ 696084.816066064755432, 4484830.906301605515182 ] ] ] } },
{ "type": "Feature", "properties": { }, "geometry": { "type": "Polygon", "coordinates": [ [ [ 696084.986064386321232, 4484830.907057021744549 ], [ 696085.156062707887031, 4484830.907812437973917 ], [ 696085.163268694770522, 4484827.957821238785982 ], [ 696084.993270373204723, 4484827.957065822556615 ], [ 696084.986064386321232, 4484830.907057021744549 ] ] ] } },
{ "type": "Feature", "properties": { }, "geometry": { "type": "Polygon", "coordinates": [ [ [ 696085.156062708003446, 4484830.907812437973917 ], [ 696085.326061029569246, 4484830.908567854203284 ], [ 696085.333267016452737, 4484827.958576655015349 ], [ 696085.163268694886938, 4484827.957821238785982 ], [ 696085.156062708003446, 4484830.907812437973917 ] ] ] } },
{ "type": "Feature", "properties": { }, "geometry": { "type": "Polygon", "coordinates": [ [ [ 696085.326061029569246, 4484830.908567854203284 ], [ 696085.496059351135045, 4484830.909323270432651 ], [ 696085.503265338018537, 4484827.959332071244717 ], [ 696085.333267016452737, 4484827.958576655015349 ], [ 696085.326061029569246, 4484830.908567854203284 ] ] ] } },
{ "type": "Feature", "properties": { }, "geometry": { "type": "Polygon", "coordinates": [ [ [ 696085.496059351135045, 4484830.909323270432651 ], [ 696085.666057672700845, 4484830.910078686662018 ], [ 696085.673263659584336, 4484827.960087487474084 ], [ 696085.503265338018537, 4484827.959332071244717 ], [ 696085.496059351135045, 4484830.909323270432651 ] ] ] } },
{ "type": "Feature", "properties": { }, "geometry": { "type": "Polygon", "coordinates": [ [ [ 696085.66605767281726, 4484830.910078687593341 ], [ 696085.836055994383059, 4484830.910834103822708 ], [ 696085.843261981266551, 4484827.960842904634774 ], [ 696085.673263659700751, 4484827.960087488405406 ], [ 696085.66605767281726, 4484830.910078687593341 ] ] ] } },
{ "type": "Feature", "properties": { }, "geometry": { "type": "Polygon", "coordinates": [ [ [ 696085.836055994383059, 4484830.910834103822708 ], [ 696086.006054315948859, 4484830.911589520052075 ], [ 696086.01326030283235, 4484827.961598320864141 ], [ 696085.843261981266551, 4484827.960842904634774 ], [ 696085.836055994383059, 4484830.910834103822708 ] ] ] } },
{ "type": "Feature", "properties": { }, "geometry": { "type": "Polygon", "coordinates": [ [ [ 696086.996044541709125, 4484830.915988709777594 ], [ 696087.166042863274924, 4484830.916744126006961 ], [ 696087.173248850158416, 4484827.966752926819026 ], [ 696087.003250528592616, 4484827.965997510589659 ], [ 696086.996044541709125, 4484830.915988709777594 ] ] ] } },
{ "type": "Feature", "properties": { }, "geometry": { "type": "Polygon", "coordinates": [ [ [ 696087.16604286339134, 4484830.916744126006961 ], [ 696087.336041184957139, 4484830.917499542236328 ], [ 696087.34324717184063, 4484827.967508343048394 ], [ 696087.173248850274831, 4484827.966752926819026 ], [ 696087.16604286339134, 4484830.916744126006961 ] ] ] } },
{ "type": "Feature", "properties": { }, "geometry": { "type": "Polygon", "coordinates": [ [ [ 696087.336041184957139, 4484830.917499542236328 ], [ 696087.506039506522939, 4484830.918254958465695 ], [ 696087.51324549340643, 4484827.968263759277761 ], [ 696087.34324717184063, 4484827.967508343048394 ], [ 696087.336041184957139, 4484830.917499542236328 ] ] ] } },
{ "type": "Feature", "properties": { }, "geometry": { "type": "Polygon", "coordinates": [ [ [ 696087.506039506522939, 4484830.918254958465695 ], [ 696087.676037828088738, 4484830.919010374695063 ], [ 696087.683243814972229, 4484827.969019175507128 ], [ 696087.51324549340643, 4484827.968263759277761 ], [ 696087.506039506522939, 4484830.918254958465695 ] ] ] } },
{ "type": "Feature", "properties": { }, "geometry": { "type": "Polygon", "coordinates": [ [ [ 696087.676037828088738, 4484830.919010375626385 ], [ 696087.846036149654537, 4484830.919765791855752 ], [ 696087.853242136538029, 4484827.969774592667818 ], [ 696087.683243814972229, 4484827.969019176438451 ], [ 696087.676037828088738, 4484830.919010375626385 ] ] ] } },
{ "type": "Feature", "properties": { }, "geometry": { "type": "Polygon", "coordinates": [ [ [ 696087.846036149770953, 4484830.919765791855752 ], [ 696088.016034471336752, 4484830.92052120808512 ], [ 696088.023240458220243, 4484827.970530008897185 ], [ 696087.853242136654444, 4484827.969774592667818 ], [ 696087.846036149770953, 4484830.919765791855752 ] ] ] } },
{ "type": "Feature", "properties": { }, "geometry": { "type": "Polygon", "coordinates": [ [ [ 696088.016034471336752, 4484830.92052120808512 ], [ 696088.186032792902552, 4484830.921276624314487 ], [ 696088.193238779786043, 4484827.971285425126553 ], [ 696088.023240458220243, 4484827.970530008897185 ], [ 696088.016034471336752, 4484830.92052120808512 ] ] ] } },
{ "type": "Feature", "properties": { }, "geometry": { "type": "Polygon", "coordinates": [ [ [ 696089.176023018662818, 4484830.925675814040005 ], [ 696089.346021340228617, 4484830.926431230269372 ], [ 696089.353227327112108, 4484827.976440031081438 ], [ 696089.183229005546309, 4484827.975684614852071 ], [ 696089.176023018662818, 4484830.925675814040005 ] ] ] } },
{ "type": "Feature", "properties": { }, "geometry": { "type": "Polygon", "coordinates": [ [ [ 696089.346021340345033, 4484830.926431230269372 ], [ 696089.516019661910832, 4484830.92718664649874 ], [ 696089.523225648794323, 4484827.977195447310805 ], [ 696089.353227327228524, 4484827.976440031081438 ], [ 696089.346021340345033, 4484830.926431230269372 ] ] ] } },
{ "type": "Feature", "properties": { }, "geometry": { "type": "Polygon", "coordinates": [ [ [ 696089.516019661910832, 4484830.92718664649874 ], [ 696089.686017983476631, 4484830.927942062728107 ], [ 696089.693223970360123, 4484827.977950863540173 ], [ 696089.523225648794323, 4484827.977195447310805 ], [ 696089.516019661910832, 4484830.92718664649874 ] ] ] } },
{ "type": "Feature", "properties": { }, "geometry": { "type": "Polygon", "coordinates": [ [ [ 696089.686017983476631, 4484830.92794206365943 ], [ 696089.856016305042431, 4484830.928697479888797 ], [ 696089.863222291925922, 4484827.978706280700862 ], [ 696089.693223970360123, 4484827.977950864471495 ], [ 696089.686017983476631, 4484830.92794206365943 ] ] ] } },
{ "type": "Feature", "properties": { }, "geometry": { "type": "Polygon", "coordinates": [ [ [ 696089.856016305042431, 4484830.928697479888797 ], [ 696090.02601462660823, 4484830.929452896118164 ], [ 696090.033220613491721, 4484827.97946169693023 ], [ 696089.863222291925922, 4484827.978706280700862 ], [ 696089.856016305042431, 4484830.928697479888797 ] ] ] } },
{ "type": "Feature", "properties": { }, "geometry": { "type": "Polygon", "coordinates": [ [ [ 696090.026014626724645, 4484830.929452896118164 ], [ 696090.196012948290445, 4484830.930208312347531 ], [ 696090.203218935173936, 4484827.980217113159597 ], [ 696090.033220613608137, 4484827.97946169693023 ], [ 696090.026014626724645, 4484830.929452896118164 ] ] ] } },
{ "type": "Feature", "properties": { }, "geometry": { "type": "Polygon", "coordinates": [ [ [ 696090.196012948290445, 4484830.930208312347531 ], [ 696090.366011269856244, 4484830.930963728576899 ], [ 696090.373217256739736, 4484827.980972529388964 ], [ 696090.203218935173936, 4484827.980217113159597 ], [ 696090.196012948290445, 4484830.930208312347531 ] ] ] } },
{ "type": "Feature", "properties": { }, "geometry": { "type": "Polygon", "coordinates": [ [ [ 696091.356001495616511, 4484830.935362918302417 ], [ 696091.52599981718231, 4484830.936118334531784 ], [ 696091.533205804065801, 4484827.98612713534385 ], [ 696091.363207482500002, 4484827.985371719114482 ], [ 696091.356001495616511, 4484830.935362918302417 ] ] ] } },
{ "type": "Feature", "properties": { }, "geometry": { "type": "Polygon", "coordinates": [ [ [ 696091.525999817298725, 4484830.936118334531784 ], [ 696091.695998138864525, 4484830.936873750761151 ], [ 696091.703204125748016, 4484827.986882551573217 ], [ 696091.533205804182217, 4484827.98612713534385 ], [ 696091.525999817298725, 4484830.936118334531784 ] ] ] } },
{ "type": "Feature", "properties": { }, "geometry": { "type": "Polygon", "coordinates": [ [ [ 696091.695998138864525, 4484830.936873751692474 ], [ 696091.865996460430324, 4484830.937629167921841 ], [ 696091.873202447313815, 4484827.987637968733907 ], [ 696091.703204125748016, 4484827.986882552504539 ], [ 696091.695998138864525, 4484830.936873751692474 ] ] ] } },
{ "type": "Feature", "properties": { }, "geometry": { "type": "Polygon", "coordinates": [ [ [ 696091.865996460430324, 4484830.937629167921841 ], [ 696092.035994781996123, 4484830.938384584151208 ], [ 696092.043200768879615, 4484827.988393384963274 ], [ 696091.873202447313815, 4484827.987637968733907 ], [ 696091.865996460430324, 4484830.937629167921841 ] ] ] } },
{ "type": "Feature", "properties": { }, "geometry": { "type": "Polygon", "coordinates": [ [ [ 696092.035994781996123, 4484830.938384584151208 ], [ 696092.205993103561923, 4484830.939140000380576 ], [ 696092.213199090445414, 4484827.989148801192641 ], [ 696092.043200768879615, 4484827.988393384963274 ], [ 696092.035994781996123, 4484830.938384584151208 ] ] ] } },
{ "type": "Feature", "properties": { }, "geometry": { "type": "Polygon", "coordinates": [ [ [ 696092.205993103678338, 4484830.939140000380576 ], [ 696092.375991425244138, 4484830.939895416609943 ], [ 696092.383197412127629, 4484827.989904217422009 ], [ 696092.21319909056183, 4484827.989148801192641 ], [ 696092.205993103678338, 4484830.939140000380576 ] ] ] } },
{ "type": "Feature", "properties": { }, "geometry": { "type": "Polygon", "coordinates": [ [ [ 696092.375991425244138, 4484830.939895416609943 ], [ 696092.545989746809937, 4484830.94065083283931 ], [ 696092.553195733693428, 4484827.990659633651376 ], [ 696092.383197412127629, 4484827.989904217422009 ], [ 696092.375991425244138, 4484830.939895416609943 ] ] ] } },
{ "type": "Feature", "properties": { }, "geometry": { "type": "Polygon", "coordinates": [ [ [ 696093.535979972570203, 4484830.945050022564828 ], [ 696093.705978294136003, 4484830.945805438794196 ], [ 696093.713184281019494, 4484827.995814239606261 ], [ 696093.543185959453695, 4484827.995058823376894 ], [ 696093.535979972570203, 4484830.945050022564828 ] ] ] } },
{ "type": "Feature", "properties": { }, "geometry": { "type": "Polygon", "coordinates": [ [ [ 696093.705978294252418, 4484830.945805439725518 ], [ 696093.875976615818217, 4484830.946560855954885 ], [ 696093.883182602701709, 4484827.996569656766951 ], [ 696093.713184281135909, 4484827.995814240537584 ], [ 696093.705978294252418, 4484830.945805439725518 ] ] ] } },
{ "type": "Feature", "properties": { }, "geometry": { "type": "Polygon", "coordinates": [ [ [ 696093.875976615818217, 4484830.946560855954885 ], [ 696094.045974937384017, 4484830.947316272184253 ], [ 696094.053180924267508, 4484827.997325072996318 ], [ 696093.883182602701709, 4484827.996569656766951 ], [ 696093.875976615818217, 4484830.946560855954885 ] ] ] } },
{ "type": "Feature", "properties": { }, "geometry": { "type": "Polygon", "coordinates": [ [ [ 696094.045974937384017, 4484830.947316272184253 ], [ 696094.215973258949816, 4484830.94807168841362 ], [ 696094.223179245833308, 4484827.998080489225686 ], [ 696094.053180924267508, 4484827.997325072996318 ], [ 696094.045974937384017, 4484830.947316272184253 ] ] ] } },
{ "type": "Feature", "properties": { }, "geometry": { "type": "Polygon", "coordinates": [ [ [ 696094.215973259066232, 4484830.94807168841362 ], [ 696094.385971580632031, 4484830.948827104642987 ], [ 696094.393177567515522, 4484827.998835905455053 ], [ 696094.223179245949723, 4484827.998080489225686 ], [ 696094.215973259066232, 4484830.94807168841362 ] ] ] } },
{ "type": "Feature", "properties": { }, "geometry": { "type": "Polygon", "coordinates": [ [ [ 696094.385971580632031, 4484830.948827104642987 ], [ 696094.55596990219783, 4484830.949582520872355 ], [ 696094.563175889081322, 4484827.99959132168442 ], [ 696094.393177567515522, 4484827.998835905455053 ], [ 696094.385971580632031, 4484830.948827104642987 ] ] ] } },
{ "type": "Feature", "properties": { }, "geometry": { "type": "Polygon", "coordinates": [ [ [ 696094.55596990219783, 4484830.949582520872355 ], [ 696094.72596822376363, 4484830.950337937101722 ], [ 696094.733174210647121, 4484828.000346737913787 ], [ 696094.563175889081322, 4484827.99959132168442 ], [ 696094.55596990219783, 4484830.949582520872355 ] ] ] } },
{ "type": "Feature", "properties": { }, "geometry": { "type": "Polygon", "coordinates": [ [ [ 696095.715958449523896, 4484830.95473712682724 ], [ 696095.885956771089695, 4484830.955492543056607 ], [ 696095.893162757973187, 4484828.005501343868673 ], [ 696095.723164436407387, 4484828.004745927639306 ], [ 696095.715958449523896, 4484830.95473712682724 ] ] ] } },
{ "type": "Feature", "properties": { }, "geometry": { "type": "Polygon", "coordinates": [ [ [ 696095.885956771206111, 4484830.95549254398793 ], [ 696096.05595509277191, 4484830.956247960217297 ], [ 696096.063161079655401, 4484828.006256761029363 ], [ 696095.893162758089602, 4484828.005501344799995 ], [ 696095.885956771206111, 4484830.95549254398793 ] ] ] } },
{ "type": "Feature", "properties": { }, "geometry": { "type": "Polygon", "coordinates": [ [ [ 696096.05595509277191, 4484830.956247960217297 ], [ 696096.22595341433771, 4484830.957003376446664 ], [ 696096.233159401221201, 4484828.00701217725873 ], [ 696096.063161079655401, 4484828.006256761029363 ], [ 696096.05595509277191, 4484830.956247960217297 ] ] ] } },
{ "type": "Feature", "properties": { }, "geometry": { "type": "Polygon", "coordinates": [ [ [ 696096.22595341433771, 4484830.957003376446664 ], [ 696096.395951735903509, 4484830.957758792676032 ], [ 696096.403157722787, 4484828.007767593488097 ], [ 696096.233159401221201, 4484828.00701217725873 ], [ 696096.22595341433771, 4484830.957003376446664 ] ] ] } },
{ "type": "Feature", "properties": { }, "geometry": { "type": "Polygon", "coordinates": [ [ [ 696096.395951736019924, 4484830.957758792676032 ], [ 696096.565950057585724, 4484830.958514208905399 ], [ 696096.573156044469215, 4484828.008523009717464 ], [ 696096.403157722903416, 4484828.007767593488097 ], [ 696096.395951736019924, 4484830.957758792676032 ] ] ] } },
{ "type": "Feature", "properties": { }, "geometry": { "type": "Polygon", "coordinates": [ [ [ 696096.565950057585724, 4484830.958514208905399 ], [ 696096.735948379151523, 4484830.959269625134766 ], [ 696096.743154366035014, 4484828.009278425946832 ], [ 696096.573156044469215, 4484828.008523009717464 ], [ 696096.565950057585724, 4484830.958514208905399 ] ] ] } },
{ "type": "Feature", "properties": { }, "geometry": { "type": "Polygon", "coordinates": [ [ [ 696096.735948379151523, 4484830.959269626066089 ], [ 696096.905946700717323, 4484830.960025042295456 ], [ 696096.913152687600814, 4484828.010033843107522 ], [ 696096.743154366035014, 4484828.009278426878154 ], [ 696096.735948379151523, 4484830.959269626066089 ] ] ] } },
{ "type": "Feature", "properties": { }, "geometry": { "type": "Polygon", "coordinates": [ [ [ 696076.106826788396575, 4484826.497566225007176 ], [ 696076.276825109962374, 4484826.498321641236544 ], [ 696076.284031096845865, 4484823.548330442048609 ], [ 696076.114032775280066, 4484823.547575025819242 ], [ 696076.106826788396575, 4484826.497566225007176 ] ] ] } },
{ "type": "Feature", "properties": { }, "geometry": { "type": "Polygon", "coordinates": [ [ [ 696076.276825109962374, 4484826.498321641236544 ], [ 696076.446823431528173, 4484826.499077057465911 ], [ 696076.454029418411665, 4484823.549085858277977 ], [ 696076.284031096845865, 4484823.548330442048609 ], [ 696076.276825109962374, 4484826.498321641236544 ] ] ] } },
{ "type": "Feature", "properties": { }, "geometry": { "type": "Polygon", "coordinates": [ [ [ 696076.446823431644589, 4484826.499077057465911 ], [ 696076.616821753210388, 4484826.499832473695278 ], [ 696076.624027740093879, 4484823.549841274507344 ], [ 696076.45402941852808, 4484823.549085858277977 ], [ 696076.446823431644589, 4484826.499077057465911 ] ] ] } },
{ "type": "Feature", "properties": { }, "geometry": { "type": "Polygon", "coordinates": [ [ [ 696076.616821753210388, 4484826.499832474626601 ], [ 696076.786820074776188, 4484826.500587890855968 ], [ 696076.794026061659679, 4484823.550596691668034 ], [ 696076.624027740093879, 4484823.549841275438666 ], [ 696076.616821753210388, 4484826.499832474626601 ] ] ] } },
{ "type": "Feature", "properties": { }, "geometry": { "type": "Polygon", "coordinates": [ [ [ 696076.786820074776188, 4484826.500587890855968 ], [ 696076.956818396341987, 4484826.501343307085335 ], [ 696076.964024383225478, 4484823.551352107897401 ], [ 696076.794026061659679, 4484823.550596691668034 ], [ 696076.786820074776188, 4484826.500587890855968 ] ] ] } },
{ "type": "Feature", "properties": { }, "geometry": { "type": "Polygon", "coordinates": [ [ [ 696076.956818396341987, 4484826.501343307085335 ], [ 696077.126816717907786, 4484826.502098723314703 ], [ 696077.134022704791278, 4484823.552107524126768 ], [ 696076.964024383225478, 4484823.551352107897401 ], [ 696076.956818396341987, 4484826.501343307085335 ] ] ] } },
{ "type": "Feature", "properties": { }, "geometry": { "type": "Polygon", "coordinates": [ [ [ 696077.126816718024202, 4484826.502098723314703 ], [ 696077.296815039590001, 4484826.50285413954407 ], [ 696077.304021026473492, 4484823.552862940356135 ], [ 696077.134022704907693, 4484823.552107524126768 ], [ 696077.126816718024202, 4484826.502098723314703 ] ] ] } },
{ "type": "Feature", "properties": { }, "geometry": { "type": "Polygon", "coordinates": [ [ [ 696078.286805265350267, 4484826.507253329269588 ], [ 696078.456803586916067, 4484826.508008745498955 ], [ 696078.464009573799558, 4484823.558017546311021 ], [ 696078.294011252233759, 4484823.557262130081654 ], [ 696078.286805265350267, 4484826.507253329269588 ] ] ] } },
{ "type": "Feature", "properties": { }, "geometry": { "type": "Polygon", "coordinates": [ [ [ 696078.456803586916067, 4484826.508008745498955 ], [ 696078.626801908481866, 4484826.508764161728323 ], [ 696078.634007895365357, 4484823.558772962540388 ], [ 696078.464009573799558, 4484823.558017546311021 ], [ 696078.456803586916067, 4484826.508008745498955 ] ] ] } },
{ "type": "Feature", "properties": { }, "geometry": { "type": "Polygon", "coordinates": [ [ [ 696078.626801908598281, 4484826.508764162659645 ], [ 696078.796800230164081, 4484826.509519578889012 ], [ 696078.804006217047572, 4484823.559528379701078 ], [ 696078.634007895481773, 4484823.558772963471711 ], [ 696078.626801908598281, 4484826.508764162659645 ] ] ] } },
{ "type": "Feature", "properties": { }, "geometry": { "type": "Polygon", "coordinates": [ [ [ 696078.796800230164081, 4484826.509519578889012 ], [ 696078.96679855172988, 4484826.51027499511838 ], [ 696078.974004538613372, 4484823.560283795930445 ], [ 696078.804006217047572, 4484823.559528379701078 ], [ 696078.796800230164081, 4484826.509519578889012 ] ] ] } },
{ "type": "Feature", "properties": { }, "geometry": { "type": "Polygon", "coordinates": [ [ [ 696078.96679855172988, 4484826.51027499511838 ], [ 696079.13679687329568, 4484826.511030411347747 ], [ 696079.144002860179171, 4484823.561039212159812 ], [ 696078.974004538613372, 4484823.560283795930445 ], [ 696078.96679855172988, 4484826.51027499511838 ] ] ] } },
{ "type": "Feature", "properties": { }, "geometry": { "type": "Polygon", "coordinates": [ [ [ 696079.13679687329568, 4484826.511030411347747 ], [ 696079.306795194861479, 4484826.511785827577114 ], [ 696079.31400118174497, 4484823.56179462838918 ], [ 696079.144002860179171, 4484823.561039212159812 ], [ 696079.13679687329568, 4484826.511030411347747 ] ] ] } },
{ "type": "Feature", "properties": { }, "geometry": { "type": "Polygon", "coordinates": [ [ [ 696079.306795194977894, 4484826.511785827577114 ], [ 696079.476793516543694, 4484826.512541243806481 ], [ 696079.483999503427185, 4484823.562550044618547 ], [ 696079.314001181861386, 4484823.56179462838918 ], [ 696079.306795194977894, 4484826.511785827577114 ] ] ] } },
{ "type": "Feature", "properties": { }, "geometry": { "type": "Polygon", "coordinates": [ [ [ 696080.46678374230396, 4484826.516940433532 ], [ 696080.636782063869759, 4484826.517695849761367 ], [ 696080.643988050753251, 4484823.567704650573432 ], [ 696080.473989729187451, 4484823.566949234344065 ], [ 696080.46678374230396, 4484826.516940433532 ] ] ] } },
{ "type": "Feature", "properties": { }, "geometry": { "type": "Polygon", "coordinates": [ [ [ 696080.636782063869759, 4484826.517695850692689 ], [ 696080.806780385435559, 4484826.518451266922057 ], [ 696080.81398637231905, 4484823.568460067734122 ], [ 696080.643988050753251, 4484823.567704651504755 ], [ 696080.636782063869759, 4484826.517695850692689 ] ] ] } },
{ "type": "Feature", "properties": { }, "geometry": { "type": "Polygon", "coordinates": [ [ [ 696080.806780385551974, 4484826.518451266922057 ], [ 696080.976778707117774, 4484826.519206683151424 ], [ 696080.983984694001265, 4484823.56921548396349 ], [ 696080.813986372435465, 4484823.568460067734122 ], [ 696080.806780385551974, 4484826.518451266922057 ] ] ] } },
{ "type": "Feature", "properties": { }, "geometry": { "type": "Polygon", "coordinates": [ [ [ 696080.976778707117774, 4484826.519206683151424 ], [ 696081.146777028683573, 4484826.519962099380791 ], [ 696081.153983015567064, 4484823.569970900192857 ], [ 696080.983984694001265, 4484823.56921548396349 ], [ 696080.976778707117774, 4484826.519206683151424 ] ] ] } },
{ "type": "Feature", "properties": { }, "geometry": { "type": "Polygon", "coordinates": [ [ [ 696081.146777028683573, 4484826.519962099380791 ], [ 696081.316775350249372, 4484826.520717515610158 ], [ 696081.323981337132864, 4484823.570726316422224 ], [ 696081.153983015567064, 4484823.569970900192857 ], [ 696081.146777028683573, 4484826.519962099380791 ] ] ] } },
{ "type": "Feature", "properties": { }, "geometry": { "type": "Polygon", "coordinates": [ [ [ 696081.316775350249372, 4484826.520717515610158 ], [ 696081.486773671815172, 4484826.521472931839526 ], [ 696081.493979658698663, 4484823.571481732651591 ], [ 696081.323981337132864, 4484823.570726316422224 ], [ 696081.316775350249372, 4484826.520717515610158 ] ] ] } },
{ "type": "Feature", "properties": { }, "geometry": { "type": "Polygon", "coordinates": [ [ [ 696081.486773671931587, 4484826.521472931839526 ], [ 696081.656771993497387, 4484826.522228348068893 ], [ 696081.663977980380878, 4484823.572237148880959 ], [ 696081.493979658815078, 4484823.571481732651591 ], [ 696081.486773671931587, 4484826.521472931839526 ] ] ] } },
{ "type": "Feature", "properties": { }, "geometry": { "type": "Polygon", "coordinates": [ [ [ 696082.646762219257653, 4484826.526627537794411 ], [ 696082.816760540823452, 4484826.527382954023778 ], [ 696082.823966527706943, 4484823.577391754835844 ], [ 696082.653968206141144, 4484823.576636338606477 ], [ 696082.646762219257653, 4484826.526627537794411 ] ] ] } },
{ "type": "Feature", "properties": { }, "geometry": { "type": "Polygon", "coordinates": [ [ [ 696082.816760540823452, 4484826.527382954955101 ], [ 696082.986758862389252, 4484826.528138371184468 ], [ 696082.993964849272743, 4484823.578147171996534 ], [ 696082.823966527706943, 4484823.577391755767167 ], [ 696082.816760540823452, 4484826.527382954955101 ] ] ] } },
{ "type": "Feature", "properties": { }, "geometry": { "type": "Polygon", "coordinates": [ [ [ 696082.986758862505667, 4484826.528138371184468 ], [ 696083.156757184071466, 4484826.528893787413836 ], [ 696083.163963170954958, 4484823.578902588225901 ], [ 696082.993964849389158, 4484823.578147171996534 ], [ 696082.986758862505667, 4484826.528138371184468 ] ] ] } },
{ "type": "Feature", "properties": { }, "geometry": { "type": "Polygon", "coordinates": [ [ [ 696083.156757184071466, 4484826.528893787413836 ], [ 696083.326755505637266, 4484826.529649203643203 ], [ 696083.333961492520757, 4484823.579658004455268 ], [ 696083.163963170954958, 4484823.578902588225901 ], [ 696083.156757184071466, 4484826.528893787413836 ] ] ] } },
{ "type": "Feature", "properties": { }, "geometry": { "type": "Polygon", "coordinates": [ [ [ 696083.326755505637266, 4484826.529649203643203 ], [ 696083.496753827203065, 4484826.53040461987257 ], [ 696083.503959814086556, 4484823.580413420684636 ], [ 696083.333961492520757, 4484823.579658004455268 ], [ 696083.326755505637266, 4484826.529649203643203 ] ] ] } },
{ "type": "Feature", "properties": { }, "geometry": { "type": "Polygon", "coordinates": [ [ [ 696083.49675382731948, 4484826.53040461987257 ], [ 696083.66675214888528, 4484826.531160036101937 ], [ 696083.673958135768771, 4484823.581168836914003 ], [ 696083.503959814202972, 4484823.580413420684636 ], [ 696083.49675382731948, 4484826.53040461987257 ] ] ] } },
{ "type": "Feature", "properties": { }, "geometry": { "type": "Polygon", "coordinates": [ [ [ 696083.66675214888528, 4484826.53116003703326 ], [ 696083.836750470451079, 4484826.531915453262627 ], [ 696083.843956457334571, 4484823.581924254074693 ], [ 696083.673958135768771, 4484823.581168837845325 ], [ 696083.66675214888528, 4484826.53116003703326 ] ] ] } },
{ "type": "Feature", "properties": { }, "geometry": { "type": "Polygon", "coordinates": [ [ [ 696084.826740696211345, 4484826.536314642988145 ], [ 696084.996739017777145, 4484826.537070059217513 ], [ 696085.003945004660636, 4484823.587078860029578 ], [ 696084.833946683094837, 4484823.586323443800211 ], [ 696084.826740696211345, 4484826.536314642988145 ] ] ] } },
{ "type": "Feature", "properties": { }, "geometry": { "type": "Polygon", "coordinates": [ [ [ 696084.996739017777145, 4484826.537070059217513 ], [ 696085.166737339342944, 4484826.53782547544688 ], [ 696085.173943326226436, 4484823.587834276258945 ], [ 696085.003945004660636, 4484823.587078860029578 ], [ 696084.996739017777145, 4484826.537070059217513 ] ] ] } },
{ "type": "Feature", "properties": { }, "geometry": { "type": "Polygon", "coordinates": [ [ [ 696085.16673733945936, 4484826.53782547544688 ], [ 696085.336735661025159, 4484826.538580891676247 ], [ 696085.34394164790865, 4484823.588589692488313 ], [ 696085.173943326342851, 4484823.587834276258945 ], [ 696085.16673733945936, 4484826.53782547544688 ] ] ] } },
{ "type": "Feature", "properties": { }, "geometry": { "type": "Polygon", "coordinates": [ [ [ 696085.336735661025159, 4484826.538580891676247 ], [ 696085.506733982590958, 4484826.539336307905614 ], [ 696085.51393996947445, 4484823.58934510871768 ], [ 696085.34394164790865, 4484823.588589692488313 ], [ 696085.336735661025159, 4484826.538580891676247 ] ] ] } },
{ "type": "Feature", "properties": { }, "geometry": { "type": "Polygon", "coordinates": [ [ [ 696085.506733982590958, 4484826.539336307905614 ], [ 696085.676732304156758, 4484826.540091724134982 ], [ 696085.683938291040249, 4484823.590100524947047 ], [ 696085.51393996947445, 4484823.58934510871768 ], [ 696085.506733982590958, 4484826.539336307905614 ] ] ] } },
{ "type": "Feature", "properties": { }, "geometry": { "type": "Polygon", "coordinates": [ [ [ 696085.676732304273173, 4484826.540091725066304 ], [ 696085.846730625838973, 4484826.540847141295671 ], [ 696085.853936612722464, 4484823.590855942107737 ], [ 696085.683938291156664, 4484823.59010052587837 ], [ 696085.676732304273173, 4484826.540091725066304 ] ] ] } },
{ "type": "Feature", "properties": { }, "geometry": { "type": "Polygon", "coordinates": [ [ [ 696085.846730625838973, 4484826.540847141295671 ], [ 696086.016728947404772, 4484826.541602557525039 ], [ 696086.023934934288263, 4484823.591611358337104 ], [ 696085.853936612722464, 4484823.590855942107737 ], [ 696085.846730625838973, 4484826.540847141295671 ] ] ] } },
{ "type": "Feature", "properties": { }, "geometry": { "type": "Polygon", "coordinates": [ [ [ 696087.006719173165038, 4484826.546001747250557 ], [ 696087.176717494730838, 4484826.546757163479924 ], [ 696087.183923481614329, 4484823.59676596429199 ], [ 696087.01392516004853, 4484823.596010548062623 ], [ 696087.006719173165038, 4484826.546001747250557 ] ] ] } },
{ "type": "Feature", "properties": { }, "geometry": { "type": "Polygon", "coordinates": [ [ [ 696087.176717494847253, 4484826.546757163479924 ], [ 696087.346715816413052, 4484826.547512579709291 ], [ 696087.353921803296544, 4484823.597521380521357 ], [ 696087.183923481730744, 4484823.59676596429199 ], [ 696087.176717494847253, 4484826.546757163479924 ] ] ] } },
{ "type": "Feature", "properties": { }, "geometry": { "type": "Polygon", "coordinates": [ [ [ 696087.346715816413052, 4484826.547512579709291 ], [ 696087.516714137978852, 4484826.548267995938659 ], [ 696087.523920124862343, 4484823.598276796750724 ], [ 696087.353921803296544, 4484823.597521380521357 ], [ 696087.346715816413052, 4484826.547512579709291 ] ] ] } },
{ "type": "Feature", "properties": { }, "geometry": { "type": "Polygon", "coordinates": [ [ [ 696087.516714137978852, 4484826.548267995938659 ], [ 696087.686712459544651, 4484826.549023412168026 ], [ 696087.693918446428142, 4484823.599032212980092 ], [ 696087.523920124862343, 4484823.598276796750724 ], [ 696087.516714137978852, 4484826.548267995938659 ] ] ] } },
{ "type": "Feature", "properties": { }, "geometry": { "type": "Polygon", "coordinates": [ [ [ 696087.686712459544651, 4484826.549023413099349 ], [ 696087.856710781110451, 4484826.549778829328716 ], [ 696087.863916767993942, 4484823.599787630140781 ], [ 696087.693918446428142, 4484823.599032213911414 ], [ 696087.686712459544651, 4484826.549023413099349 ] ] ] } },
{ "type": "Feature", "properties": { }, "geometry": { "type": "Polygon", "coordinates": [ [ [ 696087.856710781226866, 4484826.549778829328716 ], [ 696088.026709102792665, 4484826.550534245558083 ], [ 696088.033915089676157, 4484823.600543046370149 ], [ 696087.863916768110357, 4484823.599787630140781 ], [ 696087.856710781226866, 4484826.549778829328716 ] ] ] } },
{ "type": "Feature", "properties": { }, "geometry": { "type": "Polygon", "coordinates": [ [ [ 696088.026709102792665, 4484826.550534245558083 ], [ 696088.196707424358465, 4484826.55128966178745 ], [ 696088.203913411241956, 4484823.601298462599516 ], [ 696088.033915089676157, 4484823.600543046370149 ], [ 696088.026709102792665, 4484826.550534245558083 ] ] ] } },
{ "type": "Feature", "properties": { }, "geometry": { "type": "Polygon", "coordinates": [ [ [ 696089.186697650118731, 4484826.555688851512969 ], [ 696089.35669597168453, 4484826.556444267742336 ], [ 696089.363901958568022, 4484823.606453068554401 ], [ 696089.193903637002222, 4484823.605697652325034 ], [ 696089.186697650118731, 4484826.555688851512969 ] ] ] } },
{ "type": "Feature", "properties": { }, "geometry": { "type": "Polygon", "coordinates": [ [ [ 696089.356695971800946, 4484826.556444267742336 ], [ 696089.526694293366745, 4484826.557199683971703 ], [ 696089.533900280250236, 4484823.607208484783769 ], [ 696089.363901958684437, 4484823.606453068554401 ], [ 696089.356695971800946, 4484826.556444267742336 ] ] ] } },
{ "type": "Feature", "properties": { }, "geometry": { "type": "Polygon", "coordinates": [ [ [ 696089.526694293366745, 4484826.557199683971703 ], [ 696089.696692614932545, 4484826.55795510020107 ], [ 696089.703898601816036, 4484823.607963901013136 ], [ 696089.533900280250236, 4484823.607208484783769 ], [ 696089.526694293366745, 4484826.557199683971703 ] ] ] } },
{ "type": "Feature", "properties": { }, "geometry": { "type": "Polygon", "coordinates": [ [ [ 696089.696692614932545, 4484826.557955101132393 ], [ 696089.866690936498344, 4484826.55871051736176 ], [ 696089.873896923381835, 4484823.608719318173826 ], [ 696089.703898601816036, 4484823.607963901944458 ], [ 696089.696692614932545, 4484826.557955101132393 ] ] ] } },
{ "type": "Feature", "properties": { }, "geometry": { "type": "Polygon", "coordinates": [ [ [ 696089.866690936498344, 4484826.55871051736176 ], [ 696090.036689258064143, 4484826.559465933591127 ], [ 696090.043895244947635, 4484823.609474734403193 ], [ 696089.873896923381835, 4484823.608719318173826 ], [ 696089.866690936498344, 4484826.55871051736176 ] ] ] } },
{ "type": "Feature", "properties": { }, "geometry": { "type": "Polygon", "coordinates": [ [ [ 696090.036689258180559, 4484826.559465933591127 ], [ 696090.206687579746358, 4484826.560221349820495 ], [ 696090.213893566629849, 4484823.61023015063256 ], [ 696090.04389524506405, 4484823.609474734403193 ], [ 696090.036689258180559, 4484826.559465933591127 ] ] ] } },
{ "type": "Feature", "properties": { }, "geometry": { "type": "Polygon", "coordinates": [ [ [ 696090.206687579746358, 4484826.560221349820495 ], [ 696090.376685901312158, 4484826.560976766049862 ], [ 696090.383891888195649, 4484823.610985566861928 ], [ 696090.213893566629849, 4484823.61023015063256 ], [ 696090.206687579746358, 4484826.560221349820495 ] ] ] } },
{ "type": "Feature", "properties": { }, "geometry": { "type": "Polygon", "coordinates": [ [ [ 696091.366676127072424, 4484826.56537595577538 ], [ 696091.536674448638223, 4484826.566131372004747 ], [ 696091.543880435521714, 4484823.616140172816813 ], [ 696091.373882113955915, 4484823.615384756587446 ], [ 696091.366676127072424, 4484826.56537595577538 ] ] ] } },
{ "type": "Feature", "properties": { }, "geometry": { "type": "Polygon", "coordinates": [ [ [ 696091.536674448754638, 4484826.566131372004747 ], [ 696091.706672770320438, 4484826.566886788234115 ], [ 696091.713878757203929, 4484823.61689558904618 ], [ 696091.54388043563813, 4484823.616140172816813 ], [ 696091.536674448754638, 4484826.566131372004747 ] ] ] } },
{ "type": "Feature", "properties": { }, "geometry": { "type": "Polygon", "coordinates": [ [ [ 696091.706672770320438, 4484826.566886789165437 ], [ 696091.876671091886237, 4484826.567642205394804 ], [ 696091.883877078769729, 4484823.61765100620687 ], [ 696091.713878757203929, 4484823.616895589977503 ], [ 696091.706672770320438, 4484826.566886789165437 ] ] ] } },
{ "type": "Feature", "properties": { }, "geometry": { "type": "Polygon", "coordinates": [ [ [ 696091.876671091886237, 4484826.567642205394804 ], [ 696092.046669413452037, 4484826.568397621624172 ], [ 696092.053875400335528, 4484823.618406422436237 ], [ 696091.883877078769729, 4484823.61765100620687 ], [ 696091.876671091886237, 4484826.567642205394804 ] ] ] } },
{ "type": "Feature", "properties": { }, "geometry": { "type": "Polygon", "coordinates": [ [ [ 696092.046669413452037, 4484826.568397621624172 ], [ 696092.216667735017836, 4484826.569153037853539 ], [ 696092.223873721901327, 4484823.619161838665605 ], [ 696092.053875400335528, 4484823.618406422436237 ], [ 696092.046669413452037, 4484826.568397621624172 ] ] ] } },
{ "type": "Feature", "properties": { }, "geometry": { "type": "Polygon", "coordinates": [ [ [ 696092.216667735134251, 4484826.569153037853539 ], [ 696092.386666056700051, 4484826.569908454082906 ], [ 696092.393872043583542, 4484823.619917254894972 ], [ 696092.223873722017743, 4484823.619161838665605 ], [ 696092.216667735134251, 4484826.569153037853539 ] ] ] } },
{ "type": "Feature", "properties": { }, "geometry": { "type": "Polygon", "coordinates": [ [ [ 696092.386666056700051, 4484826.569908454082906 ], [ 696092.55666437826585, 4484826.570663870312274 ], [ 696092.563870365149342, 4484823.620672671124339 ], [ 696092.393872043583542, 4484823.619917254894972 ], [ 696092.386666056700051, 4484826.569908454082906 ] ] ] } },
{ "type": "Feature", "properties": { }, "geometry": { "type": "Polygon", "coordinates": [ [ [ 696093.546654604026116, 4484826.575063060037792 ], [ 696093.716652925591916, 4484826.575818476267159 ], [ 696093.723858912475407, 4484823.625827277079225 ], [ 696093.553860590909608, 4484823.625071860849857 ], [ 696093.546654604026116, 4484826.575063060037792 ] ] ] } },
{ "type": "Feature", "properties": { }, "geometry": { "type": "Polygon", "coordinates": [ [ [ 696093.716652925708331, 4484826.575818477198482 ], [ 696093.886651247274131, 4484826.576573893427849 ], [ 696093.893857234157622, 4484823.626582694239914 ], [ 696093.723858912591822, 4484823.625827278010547 ], [ 696093.716652925708331, 4484826.575818477198482 ] ] ] } },
{ "type": "Feature", "properties": { }, "geometry": { "type": "Polygon", "coordinates": [ [ [ 696093.886651247274131, 4484826.576573893427849 ], [ 696094.05664956883993, 4484826.577329309657216 ], [ 696094.063855555723421, 4484823.627338110469282 ], [ 696093.893857234157622, 4484823.626582694239914 ], [ 696093.886651247274131, 4484826.576573893427849 ] ] ] } },
{ "type": "Feature", "properties": { }, "geometry": { "type": "Polygon", "coordinates": [ [ [ 696094.05664956883993, 4484826.577329309657216 ], [ 696094.226647890405729, 4484826.578084725886583 ], [ 696094.233853877289221, 4484823.628093526698649 ], [ 696094.063855555723421, 4484823.627338110469282 ], [ 696094.05664956883993, 4484826.577329309657216 ] ] ] } },
{ "type": "Feature", "properties": { }, "geometry": { "type": "Polygon", "coordinates": [ [ [ 696094.226647890522145, 4484826.578084725886583 ], [ 696094.396646212087944, 4484826.578840142115951 ], [ 696094.403852198971435, 4484823.628848942928016 ], [ 696094.233853877405636, 4484823.628093526698649 ], [ 696094.226647890522145, 4484826.578084725886583 ] ] ] } },
{ "type": "Feature", "properties": { }, "geometry": { "type": "Polygon", "coordinates": [ [ [ 696094.396646212087944, 4484826.578840142115951 ], [ 696094.566644533653744, 4484826.579595558345318 ], [ 696094.573850520537235, 4484823.629604359157383 ], [ 696094.403852198971435, 4484823.628848942928016 ], [ 696094.396646212087944, 4484826.578840142115951 ] ] ] } },
{ "type": "Feature", "properties": { }, "geometry": { "type": "Polygon", "coordinates": [ [ [ 696094.566644533653744, 4484826.579595558345318 ], [ 696094.736642855219543, 4484826.580350974574685 ], [ 696094.743848842103034, 4484823.630359775386751 ], [ 696094.573850520537235, 4484823.629604359157383 ], [ 696094.566644533653744, 4484826.579595558345318 ] ] ] } },
{ "type": "Feature", "properties": { }, "geometry": { "type": "Polygon", "coordinates": [ [ [ 696095.726633080979809, 4484826.584750164300203 ], [ 696095.896631402545609, 4484826.585505580529571 ], [ 696095.9038373894291, 4484823.635514381341636 ], [ 696095.7338390678633, 4484823.634758965112269 ], [ 696095.726633080979809, 4484826.584750164300203 ] ] ] } },
{ "type": "Feature", "properties": { }, "geometry": { "type": "Polygon", "coordinates": [ [ [ 696095.896631402662024, 4484826.585505581460893 ], [ 696096.066629724227823, 4484826.58626099769026 ], [ 696096.073835711111315, 4484823.636269798502326 ], [ 696095.903837389545515, 4484823.635514382272959 ], [ 696095.896631402662024, 4484826.585505581460893 ] ] ] } },
{ "type": "Feature", "properties": { }, "geometry": { "type": "Polygon", "coordinates": [ [ [ 696096.066629724227823, 4484826.58626099769026 ], [ 696096.236628045793623, 4484826.587016413919628 ], [ 696096.243834032677114, 4484823.637025214731693 ], [ 696096.073835711111315, 4484823.636269798502326 ], [ 696096.066629724227823, 4484826.58626099769026 ] ] ] } },
{ "type": "Feature", "properties": { }, "geometry": { "type": "Polygon", "coordinates": [ [ [ 696096.236628045793623, 4484826.587016413919628 ], [ 696096.406626367359422, 4484826.587771830148995 ], [ 696096.413832354242913, 4484823.637780630961061 ], [ 696096.243834032677114, 4484823.637025214731693 ], [ 696096.236628045793623, 4484826.587016413919628 ] ] ] } },
{ "type": "Feature", "properties": { }, "geometry": { "type": "Polygon", "coordinates": [ [ [ 696096.406626367475837, 4484826.587771830148995 ], [ 696096.576624689041637, 4484826.588527246378362 ], [ 696096.583830675925128, 4484823.638536047190428 ], [ 696096.413832354359329, 4484823.637780630961061 ], [ 696096.406626367475837, 4484826.587771830148995 ] ] ] } },
{ "type": "Feature", "properties": { }, "geometry": { "type": "Polygon", "coordinates": [ [ [ 696096.576624689041637, 4484826.588527246378362 ], [ 696096.746623010607436, 4484826.589282662607729 ], [ 696096.753828997490928, 4484823.639291463419795 ], [ 696096.583830675925128, 4484823.638536047190428 ], [ 696096.576624689041637, 4484826.588527246378362 ] ] ] } },
{ "type": "Feature", "properties": { }, "geometry": { "type": "Polygon", "coordinates": [ [ [ 696096.746623010607436, 4484826.589282663539052 ], [ 696096.916621332173236, 4484826.590038079768419 ], [ 696096.923827319056727, 4484823.640046880580485 ], [ 696096.753828997490928, 4484823.639291464351118 ], [ 696096.746623010607436, 4484826.589282663539052 ] ] ] } },
{ "type": "Feature", "properties": { }, "geometry": { "type": "Polygon", "coordinates": [ [ [ 696076.117501419736072, 4484822.12757926248014 ], [ 696076.287499741301872, 4484822.128334678709507 ], [ 696076.294705728185363, 4484819.178343479521573 ], [ 696076.124707406619564, 4484819.177588063292205 ], [ 696076.117501419736072, 4484822.12757926248014 ] ] ] } },
{ "type": "Feature", "properties": { }, "geometry": { "type": "Polygon", "coordinates": [ [ [ 696076.287499741301872, 4484822.128334678709507 ], [ 696076.457498062867671, 4484822.129090094938874 ], [ 696076.464704049751163, 4484819.17909889575094 ], [ 696076.294705728185363, 4484819.178343479521573 ], [ 696076.287499741301872, 4484822.128334678709507 ] ] ] } },
{ "type": "Feature", "properties": { }, "geometry": { "type": "Polygon", "coordinates": [ [ [ 696076.457498062984087, 4484822.129090094938874 ], [ 696076.627496384549886, 4484822.129845511168242 ], [ 696076.634702371433377, 4484819.179854311980307 ], [ 696076.464704049867578, 4484819.17909889575094 ], [ 696076.457498062984087, 4484822.129090094938874 ] ] ] } },
{ "type": "Feature", "properties": { }, "geometry": { "type": "Polygon", "coordinates": [ [ [ 696076.627496384549886, 4484822.129845512099564 ], [ 696076.797494706115685, 4484822.130600928328931 ], [ 696076.804700692999177, 4484819.180609729140997 ], [ 696076.634702371433377, 4484819.17985431291163 ], [ 696076.627496384549886, 4484822.129845512099564 ] ] ] } },
{ "type": "Feature", "properties": { }, "geometry": { "type": "Polygon", "coordinates": [ [ [ 696076.797494706115685, 4484822.130600928328931 ], [ 696076.967493027681485, 4484822.131356344558299 ], [ 696076.974699014564976, 4484819.181365145370364 ], [ 696076.804700692999177, 4484819.180609729140997 ], [ 696076.797494706115685, 4484822.130600928328931 ] ] ] } },
{ "type": "Feature", "properties": { }, "geometry": { "type": "Polygon", "coordinates": [ [ [ 696076.967493027681485, 4484822.131356344558299 ], [ 696077.137491349247284, 4484822.132111760787666 ], [ 696077.144697336130776, 4484819.182120561599731 ], [ 696076.974699014564976, 4484819.181365145370364 ], [ 696076.967493027681485, 4484822.131356344558299 ] ] ] } },
{ "type": "Feature", "properties": { }, "geometry": { "type": "Polygon", "coordinates": [ [ [ 696077.1374913493637, 4484822.132111760787666 ], [ 696077.307489670929499, 4484822.132867177017033 ], [ 696077.31469565781299, 4484819.182875977829099 ], [ 696077.144697336247191, 4484819.182120561599731 ], [ 696077.1374913493637, 4484822.132111760787666 ] ] ] } },
{ "type": "Feature", "properties": { }, "geometry": { "type": "Polygon", "coordinates": [ [ [ 696078.297479896689765, 4484822.137266366742551 ], [ 696078.467478218255565, 4484822.138021782971919 ], [ 696078.474684205139056, 4484819.188030583783984 ], [ 696078.304685883573256, 4484819.187275167554617 ], [ 696078.297479896689765, 4484822.137266366742551 ] ] ] } },
{ "type": "Feature", "properties": { }, "geometry": { "type": "Polygon", "coordinates": [ [ [ 696078.467478218255565, 4484822.138021782971919 ], [ 696078.637476539821364, 4484822.138777199201286 ], [ 696078.644682526704855, 4484819.188786 ], [ 696078.474684205139056, 4484819.188030583783984 ], [ 696078.467478218255565, 4484822.138021782971919 ] ] ] } },
{ "type": "Feature", "properties": { }, "geometry": { "type": "Polygon", "coordinates": [ [ [ 696078.637476539937779, 4484822.138777200132608 ], [ 696078.807474861503579, 4484822.139532616361976 ], [ 696078.81468084838707, 4484819.189541417174041 ], [ 696078.644682526821271, 4484819.188786000944674 ], [ 696078.637476539937779, 4484822.138777200132608 ] ] ] } },
{ "type": "Feature", "properties": { }, "geometry": { "type": "Polygon", "coordinates": [ [ [ 696078.807474861503579, 4484822.139532616361976 ], [ 696078.977473183069378, 4484822.140288032591343 ], [ 696078.984679169952869, 4484819.190296833403409 ], [ 696078.81468084838707, 4484819.189541417174041 ], [ 696078.807474861503579, 4484822.139532616361976 ] ] ] } },
{ "type": "Feature", "properties": { }, "geometry": { "type": "Polygon", "coordinates": [ [ [ 696078.977473183069378, 4484822.140288032591343 ], [ 696079.147471504635178, 4484822.14104344882071 ], [ 696079.154677491518669, 4484819.191052249632776 ], [ 696078.984679169952869, 4484819.190296833403409 ], [ 696078.977473183069378, 4484822.140288032591343 ] ] ] } },
{ "type": "Feature", "properties": { }, "geometry": { "type": "Polygon", "coordinates": [ [ [ 696079.147471504635178, 4484822.14104344882071 ], [ 696079.317469826200977, 4484822.141798865050077 ], [ 696079.324675813084468, 4484819.191807665862143 ], [ 696079.154677491518669, 4484819.191052249632776 ], [ 696079.147471504635178, 4484822.14104344882071 ] ] ] } },
{ "type": "Feature", "properties": { }, "geometry": { "type": "Polygon", "coordinates": [ [ [ 696079.317469826317392, 4484822.141798865050077 ], [ 696079.487468147883192, 4484822.142554281279445 ], [ 696079.494674134766683, 4484819.19256308209151 ], [ 696079.324675813200884, 4484819.191807665862143 ], [ 696079.317469826317392, 4484822.141798865050077 ] ] ] } },
{ "type": "Feature", "properties": { }, "geometry": { "type": "Polygon", "coordinates": [ [ [ 696080.477458373643458, 4484822.146953471004963 ], [ 696080.647456695209257, 4484822.14770888723433 ], [ 696080.654662682092749, 4484819.197717688046396 ], [ 696080.484664360526949, 4484819.196962271817029 ], [ 696080.477458373643458, 4484822.146953471004963 ] ] ] } },
{ "type": "Feature", "properties": { }, "geometry": { "type": "Polygon", "coordinates": [ [ [ 696080.647456695209257, 4484822.147708888165653 ], [ 696080.817455016775057, 4484822.14846430439502 ], [ 696080.824661003658548, 4484819.198473105207086 ], [ 696080.654662682092749, 4484819.197717688977718 ], [ 696080.647456695209257, 4484822.147708888165653 ] ] ] } },
{ "type": "Feature", "properties": { }, "geometry": { "type": "Polygon", "coordinates": [ [ [ 696080.817455016891472, 4484822.14846430439502 ], [ 696080.987453338457271, 4484822.149219720624387 ], [ 696080.994659325340763, 4484819.199228521436453 ], [ 696080.824661003774963, 4484819.198473105207086 ], [ 696080.817455016891472, 4484822.14846430439502 ] ] ] } },
{ "type": "Feature", "properties": { }, "geometry": { "type": "Polygon", "coordinates": [ [ [ 696080.987453338457271, 4484822.149219720624387 ], [ 696081.157451660023071, 4484822.149975136853755 ], [ 696081.164657646906562, 4484819.19998393766582 ], [ 696080.994659325340763, 4484819.199228521436453 ], [ 696080.987453338457271, 4484822.149219720624387 ] ] ] } },
{ "type": "Feature", "properties": { }, "geometry": { "type": "Polygon", "coordinates": [ [ [ 696081.157451660023071, 4484822.149975136853755 ], [ 696081.32744998158887, 4484822.150730553083122 ], [ 696081.334655968472362, 4484819.200739353895187 ], [ 696081.164657646906562, 4484819.19998393766582 ], [ 696081.157451660023071, 4484822.149975136853755 ] ] ] } },
{ "type": "Feature", "properties": { }, "geometry": { "type": "Polygon", "coordinates": [ [ [ 696081.32744998158887, 4484822.150730553083122 ], [ 696081.49744830315467, 4484822.151485969312489 ], [ 696081.504654290038161, 4484819.201494770124555 ], [ 696081.334655968472362, 4484819.200739353895187 ], [ 696081.32744998158887, 4484822.150730553083122 ] ] ] } },
{ "type": "Feature", "properties": { }, "geometry": { "type": "Polygon", "coordinates": [ [ [ 696081.497448303271085, 4484822.151485969312489 ], [ 696081.667446624836884, 4484822.152241385541856 ], [ 696081.674652611720376, 4484819.202250186353922 ], [ 696081.504654290154576, 4484819.201494770124555 ], [ 696081.497448303271085, 4484822.151485969312489 ] ] ] } },
{ "type": "Feature", "properties": { }, "geometry": { "type": "Polygon", "coordinates": [ [ [ 696082.657436850597151, 4484822.156640575267375 ], [ 696082.82743517216295, 4484822.157395991496742 ], [ 696082.834641159046441, 4484819.207404792308807 ], [ 696082.664642837480642, 4484819.20664937607944 ], [ 696082.657436850597151, 4484822.156640575267375 ] ] ] } },
{ "type": "Feature", "properties": { }, "geometry": { "type": "Polygon", "coordinates": [ [ [ 696082.82743517216295, 4484822.157395992428064 ], [ 696082.997433493728749, 4484822.158151408657432 ], [ 696083.004639480612241, 4484819.208160209469497 ], [ 696082.834641159046441, 4484819.20740479324013 ], [ 696082.82743517216295, 4484822.157395992428064 ] ] ] } },
{ "type": "Feature", "properties": { }, "geometry": { "type": "Polygon", "coordinates": [ [ [ 696082.997433493845165, 4484822.158151408657432 ], [ 696083.167431815410964, 4484822.158906824886799 ], [ 696083.174637802294455, 4484819.208915625698864 ], [ 696083.004639480728656, 4484819.208160209469497 ], [ 696082.997433493845165, 4484822.158151408657432 ] ] ] } },
{ "type": "Feature", "properties": { }, "geometry": { "type": "Polygon", "coordinates": [ [ [ 696083.167431815410964, 4484822.158906824886799 ], [ 696083.337430136976764, 4484822.159662241116166 ], [ 696083.344636123860255, 4484819.209671041928232 ], [ 696083.174637802294455, 4484819.208915625698864 ], [ 696083.167431815410964, 4484822.158906824886799 ] ] ] } },
{ "type": "Feature", "properties": { }, "geometry": { "type": "Polygon", "coordinates": [ [ [ 696083.337430136976764, 4484822.159662241116166 ], [ 696083.507428458542563, 4484822.160417657345533 ], [ 696083.514634445426054, 4484819.210426458157599 ], [ 696083.344636123860255, 4484819.209671041928232 ], [ 696083.337430136976764, 4484822.159662241116166 ] ] ] } },
{ "type": "Feature", "properties": { }, "geometry": { "type": "Polygon", "coordinates": [ [ [ 696083.507428458658978, 4484822.160417657345533 ], [ 696083.677426780224778, 4484822.161173073574901 ], [ 696083.684632767108269, 4484819.211181874386966 ], [ 696083.51463444554247, 4484819.210426458157599 ], [ 696083.507428458658978, 4484822.160417657345533 ] ] ] } },
{ "type": "Feature", "properties": { }, "geometry": { "type": "Polygon", "coordinates": [ [ [ 696083.677426780224778, 4484822.161173074506223 ], [ 696083.847425101790577, 4484822.16192849073559 ], [ 696083.854631088674068, 4484819.211937291547656 ], [ 696083.684632767108269, 4484819.211181875318289 ], [ 696083.677426780224778, 4484822.161173074506223 ] ] ] } },
{ "type": "Feature", "properties": { }, "geometry": { "type": "Polygon", "coordinates": [ [ [ 696084.837415327550843, 4484822.166327680461109 ], [ 696085.007413649116643, 4484822.167083096690476 ], [ 696085.014619636000134, 4484819.217091897502542 ], [ 696084.844621314434335, 4484819.216336481273174 ], [ 696084.837415327550843, 4484822.166327680461109 ] ] ] } },
{ "type": "Feature", "properties": { }, "geometry": { "type": "Polygon", "coordinates": [ [ [ 696085.007413649116643, 4484822.167083096690476 ], [ 696085.177411970682442, 4484822.167838512919843 ], [ 696085.184617957565933, 4484819.217847313731909 ], [ 696085.014619636000134, 4484819.217091897502542 ], [ 696085.007413649116643, 4484822.167083096690476 ] ] ] } },
{ "type": "Feature", "properties": { }, "geometry": { "type": "Polygon", "coordinates": [ [ [ 696085.177411970798858, 4484822.167838512919843 ], [ 696085.347410292364657, 4484822.16859392914921 ], [ 696085.354616279248148, 4484819.218602729961276 ], [ 696085.184617957682349, 4484819.217847313731909 ], [ 696085.177411970798858, 4484822.167838512919843 ] ] ] } },
{ "type": "Feature", "properties": { }, "geometry": { "type": "Polygon", "coordinates": [ [ [ 696085.347410292364657, 4484822.16859392914921 ], [ 696085.517408613930456, 4484822.169349345378578 ], [ 696085.524614600813948, 4484819.219358146190643 ], [ 696085.354616279248148, 4484819.218602729961276 ], [ 696085.347410292364657, 4484822.16859392914921 ] ] ] } },
{ "type": "Feature", "properties": { }, "geometry": { "type": "Polygon", "coordinates": [ [ [ 696085.517408613930456, 4484822.169349345378578 ], [ 696085.687406935496256, 4484822.170104761607945 ], [ 696085.694612922379747, 4484819.220113562420011 ], [ 696085.524614600813948, 4484819.219358146190643 ], [ 696085.517408613930456, 4484822.169349345378578 ] ] ] } },
{ "type": "Feature", "properties": { }, "geometry": { "type": "Polygon", "coordinates": [ [ [ 696085.687406935612671, 4484822.170104762539268 ], [ 696085.85740525717847, 4484822.170860178768635 ], [ 696085.864611244061962, 4484819.2208689795807 ], [ 696085.694612922496162, 4484819.220113563351333 ], [ 696085.687406935612671, 4484822.170104762539268 ] ] ] } },
{ "type": "Feature", "properties": { }, "geometry": { "type": "Polygon", "coordinates": [ [ [ 696085.85740525717847, 4484822.170860178768635 ], [ 696086.02740357874427, 4484822.171615594998002 ], [ 696086.034609565627761, 4484819.221624395810068 ], [ 696085.864611244061962, 4484819.2208689795807 ], [ 696085.85740525717847, 4484822.170860178768635 ] ] ] } },
{ "type": "Feature", "properties": { }, "geometry": { "type": "Polygon", "coordinates": [ [ [ 696087.017393804504536, 4484822.17601478472352 ], [ 696087.187392126070336, 4484822.176770200952888 ], [ 696087.194598112953827, 4484819.226779001764953 ], [ 696087.024599791388027, 4484819.226023585535586 ], [ 696087.017393804504536, 4484822.17601478472352 ] ] ] } },
{ "type": "Feature", "properties": { }, "geometry": { "type": "Polygon", "coordinates": [ [ [ 696087.187392126186751, 4484822.176770200952888 ], [ 696087.35739044775255, 4484822.177525617182255 ], [ 696087.364596434636042, 4484819.22753441799432 ], [ 696087.194598113070242, 4484819.226779001764953 ], [ 696087.187392126186751, 4484822.176770200952888 ] ] ] } },
{ "type": "Feature", "properties": { }, "geometry": { "type": "Polygon", "coordinates": [ [ [ 696087.35739044775255, 4484822.177525617182255 ], [ 696087.52738876931835, 4484822.178281033411622 ], [ 696087.534594756201841, 4484819.228289834223688 ], [ 696087.364596434636042, 4484819.22753441799432 ], [ 696087.35739044775255, 4484822.177525617182255 ] ] ] } },
{ "type": "Feature", "properties": { }, "geometry": { "type": "Polygon", "coordinates": [ [ [ 696087.52738876931835, 4484822.178281033411622 ], [ 696087.697387090884149, 4484822.179036449640989 ], [ 696087.70459307776764, 4484819.229045250453055 ], [ 696087.534594756201841, 4484819.228289834223688 ], [ 696087.52738876931835, 4484822.178281033411622 ] ] ] } },
{ "type": "Feature", "properties": { }, "geometry": { "type": "Polygon", "coordinates": [ [ [ 696087.697387090884149, 4484822.179036450572312 ], [ 696087.867385412449948, 4484822.179791866801679 ], [ 696087.87459139933344, 4484819.229800667613745 ], [ 696087.70459307776764, 4484819.229045251384377 ], [ 696087.697387090884149, 4484822.179036450572312 ] ] ] } },
{ "type": "Feature", "properties": { }, "geometry": { "type": "Polygon", "coordinates": [ [ [ 696087.867385412566364, 4484822.179791866801679 ], [ 696088.037383734132163, 4484822.180547283031046 ], [ 696088.044589721015655, 4484819.230556083843112 ], [ 696087.874591399449855, 4484819.229800667613745 ], [ 696087.867385412566364, 4484822.179791866801679 ] ] ] } },
{ "type": "Feature", "properties": { }, "geometry": { "type": "Polygon", "coordinates": [ [ [ 696088.037383734132163, 4484822.180547283031046 ], [ 696088.207382055697963, 4484822.181302699260414 ], [ 696088.214588042581454, 4484819.231311500072479 ], [ 696088.044589721015655, 4484819.230556083843112 ], [ 696088.037383734132163, 4484822.180547283031046 ] ] ] } },
{ "type": "Feature", "properties": { }, "geometry": { "type": "Polygon", "coordinates": [ [ [ 696089.197372281458229, 4484822.185701888985932 ], [ 696089.367370603024028, 4484822.186457305215299 ], [ 696089.37457658990752, 4484819.236466106027365 ], [ 696089.20457826834172, 4484819.235710689797997 ], [ 696089.197372281458229, 4484822.185701888985932 ] ] ] } },
{ "type": "Feature", "properties": { }, "geometry": { "type": "Polygon", "coordinates": [ [ [ 696089.367370603140444, 4484822.186457305215299 ], [ 696089.537368924706243, 4484822.187212721444666 ], [ 696089.544574911589734, 4484819.237221522256732 ], [ 696089.374576590023935, 4484819.236466106027365 ], [ 696089.367370603140444, 4484822.186457305215299 ] ] ] } },
{ "type": "Feature", "properties": { }, "geometry": { "type": "Polygon", "coordinates": [ [ [ 696089.537368924706243, 4484822.187212721444666 ], [ 696089.707367246272042, 4484822.187968137674034 ], [ 696089.714573233155534, 4484819.237976938486099 ], [ 696089.544574911589734, 4484819.237221522256732 ], [ 696089.537368924706243, 4484822.187212721444666 ] ] ] } },
{ "type": "Feature", "properties": { }, "geometry": { "type": "Polygon", "coordinates": [ [ [ 696089.707367246272042, 4484822.187968138605356 ], [ 696089.877365567837842, 4484822.188723554834723 ], [ 696089.884571554721333, 4484819.238732355646789 ], [ 696089.714573233155534, 4484819.237976939417422 ], [ 696089.707367246272042, 4484822.187968138605356 ] ] ] } },
{ "type": "Feature", "properties": { }, "geometry": { "type": "Polygon", "coordinates": [ [ [ 696089.877365567837842, 4484822.188723554834723 ], [ 696090.047363889403641, 4484822.189478971064091 ], [ 696090.054569876287133, 4484819.239487771876156 ], [ 696089.884571554721333, 4484819.238732355646789 ], [ 696089.877365567837842, 4484822.188723554834723 ] ] ] } },
{ "type": "Feature", "properties": { }, "geometry": { "type": "Polygon", "coordinates": [ [ [ 696090.047363889520057, 4484822.189478971064091 ], [ 696090.217362211085856, 4484822.190234387293458 ], [ 696090.224568197969347, 4484819.240243188105524 ], [ 696090.054569876403548, 4484819.239487771876156 ], [ 696090.047363889520057, 4484822.189478971064091 ] ] ] } },
{ "type": "Feature", "properties": { }, "geometry": { "type": "Polygon", "coordinates": [ [ [ 696090.217362211085856, 4484822.190234387293458 ], [ 696090.387360532651655, 4484822.190989803522825 ], [ 696090.394566519535147, 4484819.240998604334891 ], [ 696090.224568197969347, 4484819.240243188105524 ], [ 696090.217362211085856, 4484822.190234387293458 ] ] ] } },
{ "type": "Feature", "properties": { }, "geometry": { "type": "Polygon", "coordinates": [ [ [ 696091.377350758411922, 4484822.195388993248343 ], [ 696091.547349079977721, 4484822.196144409477711 ], [ 696091.554555066861212, 4484819.246153210289776 ], [ 696091.384556745295413, 4484819.245397794060409 ], [ 696091.377350758411922, 4484822.195388993248343 ] ] ] } },
{ "type": "Feature", "properties": { }, "geometry": { "type": "Polygon", "coordinates": [ [ [ 696091.547349080094136, 4484822.196144409477711 ], [ 696091.717347401659936, 4484822.196899825707078 ], [ 696091.724553388543427, 4484819.246908626519144 ], [ 696091.554555066977628, 4484819.246153210289776 ], [ 696091.547349080094136, 4484822.196144409477711 ] ] ] } },
{ "type": "Feature", "properties": { }, "geometry": { "type": "Polygon", "coordinates": [ [ [ 696091.717347401659936, 4484822.196899826638401 ], [ 696091.887345723225735, 4484822.197655242867768 ], [ 696091.894551710109226, 4484819.247664043679833 ], [ 696091.724553388543427, 4484819.246908627450466 ], [ 696091.717347401659936, 4484822.196899826638401 ] ] ] } },
{ "type": "Feature", "properties": { }, "geometry": { "type": "Polygon", "coordinates": [ [ [ 696091.887345723225735, 4484822.197655242867768 ], [ 696092.057344044791535, 4484822.198410659097135 ], [ 696092.064550031675026, 4484819.248419459909201 ], [ 696091.894551710109226, 4484819.247664043679833 ], [ 696091.887345723225735, 4484822.197655242867768 ] ] ] } },
{ "type": "Feature", "properties": { }, "geometry": { "type": "Polygon", "coordinates": [ [ [ 696092.057344044791535, 4484822.198410659097135 ], [ 696092.227342366357334, 4484822.199166075326502 ], [ 696092.234548353240825, 4484819.249174876138568 ], [ 696092.064550031675026, 4484819.248419459909201 ], [ 696092.057344044791535, 4484822.198410659097135 ] ] ] } },
{ "type": "Feature", "properties": { }, "geometry": { "type": "Polygon", "coordinates": [ [ [ 696092.227342366473749, 4484822.199166075326502 ], [ 696092.397340688039549, 4484822.19992149155587 ], [ 696092.40454667492304, 4484819.249930292367935 ], [ 696092.234548353357241, 4484819.249174876138568 ], [ 696092.227342366473749, 4484822.199166075326502 ] ] ] } },
{ "type": "Feature", "properties": { }, "geometry": { "type": "Polygon", "coordinates": [ [ [ 696092.397340688039549, 4484822.19992149155587 ], [ 696092.567339009605348, 4484822.200676907785237 ], [ 696092.574544996488839, 4484819.250685708597302 ], [ 696092.40454667492304, 4484819.249930292367935 ], [ 696092.397340688039549, 4484822.19992149155587 ] ] ] } },
{ "type": "Feature", "properties": { }, "geometry": { "type": "Polygon", "coordinates": [ [ [ 696093.557329235365614, 4484822.205076097510755 ], [ 696093.727327556931414, 4484822.205831513740122 ], [ 696093.734533543814905, 4484819.255840314552188 ], [ 696093.564535222249106, 4484819.255084898322821 ], [ 696093.557329235365614, 4484822.205076097510755 ] ] ] } },
{ "type": "Feature", "properties": { }, "geometry": { "type": "Polygon", "coordinates": [ [ [ 696093.727327557047829, 4484822.205831514671445 ], [ 696093.897325878613628, 4484822.206586930900812 ], [ 696093.90453186549712, 4484819.256595731712878 ], [ 696093.73453354393132, 4484819.25584031548351 ], [ 696093.727327557047829, 4484822.205831514671445 ] ] ] } },
{ "type": "Feature", "properties": { }, "geometry": { "type": "Polygon", "coordinates": [ [ [ 696093.897325878613628, 4484822.206586930900812 ], [ 696094.067324200179428, 4484822.207342347130179 ], [ 696094.074530187062919, 4484819.257351147942245 ], [ 696093.90453186549712, 4484819.256595731712878 ], [ 696093.897325878613628, 4484822.206586930900812 ] ] ] } },
{ "type": "Feature", "properties": { }, "geometry": { "type": "Polygon", "coordinates": [ [ [ 696094.067324200179428, 4484822.207342347130179 ], [ 696094.237322521745227, 4484822.208097763359547 ], [ 696094.244528508628719, 4484819.258106564171612 ], [ 696094.074530187062919, 4484819.257351147942245 ], [ 696094.067324200179428, 4484822.207342347130179 ] ] ] } },
{ "type": "Feature", "properties": { }, "geometry": { "type": "Polygon", "coordinates": [ [ [ 696094.237322521861643, 4484822.208097763359547 ], [ 696094.407320843427442, 4484822.208853179588914 ], [ 696094.414526830310933, 4484819.25886198040098 ], [ 696094.244528508745134, 4484819.258106564171612 ], [ 696094.237322521861643, 4484822.208097763359547 ] ] ] } },
{ "type": "Feature", "properties": { }, "geometry": { "type": "Polygon", "coordinates": [ [ [ 696094.407320843427442, 4484822.208853179588914 ], [ 696094.577319164993241, 4484822.209608595818281 ], [ 696094.584525151876733, 4484819.259617396630347 ], [ 696094.414526830310933, 4484819.25886198040098 ], [ 696094.407320843427442, 4484822.208853179588914 ] ] ] } },
{ "type": "Feature", "properties": { }, "geometry": { "type": "Polygon", "coordinates": [ [ [ 696094.577319164993241, 4484822.209608595818281 ], [ 696094.747317486559041, 4484822.210364012047648 ], [ 696094.754523473442532, 4484819.260372812859714 ], [ 696094.584525151876733, 4484819.259617396630347 ], [ 696094.577319164993241, 4484822.209608595818281 ] ] ] } },
{ "type": "Feature", "properties": { }, "geometry": { "type": "Polygon", "coordinates": [ [ [ 696095.737307712319307, 4484822.214763201773167 ], [ 696095.907306033885106, 4484822.215518618002534 ], [ 696095.914512020768598, 4484819.2655274188146 ], [ 696095.744513699202798, 4484819.264772002585232 ], [ 696095.737307712319307, 4484822.214763201773167 ] ] ] } },
{ "type": "Feature", "properties": { }, "geometry": { "type": "Polygon", "coordinates": [ [ [ 696095.907306034001522, 4484822.215518618933856 ], [ 696096.077304355567321, 4484822.216274035163224 ], [ 696096.084510342450812, 4484819.266282835975289 ], [ 696095.914512020885013, 4484819.265527419745922 ], [ 696095.907306034001522, 4484822.215518618933856 ] ] ] } },
{ "type": "Feature", "properties": { }, "geometry": { "type": "Polygon", "coordinates": [ [ [ 696096.077304355567321, 4484822.216274035163224 ], [ 696096.247302677133121, 4484822.217029451392591 ], [ 696096.254508664016612, 4484819.267038252204657 ], [ 696096.084510342450812, 4484819.266282835975289 ], [ 696096.077304355567321, 4484822.216274035163224 ] ] ] } },
{ "type": "Feature", "properties": { }, "geometry": { "type": "Polygon", "coordinates": [ [ [ 696096.247302677133121, 4484822.217029451392591 ], [ 696096.41730099869892, 4484822.217784867621958 ], [ 696096.424506985582411, 4484819.267793668434024 ], [ 696096.254508664016612, 4484819.267038252204657 ], [ 696096.247302677133121, 4484822.217029451392591 ] ] ] } },
{ "type": "Feature", "properties": { }, "geometry": { "type": "Polygon", "coordinates": [ [ [ 696096.417300998815335, 4484822.217784867621958 ], [ 696096.587299320381135, 4484822.218540283851326 ], [ 696096.594505307264626, 4484819.268549084663391 ], [ 696096.424506985698827, 4484819.267793668434024 ], [ 696096.417300998815335, 4484822.217784867621958 ] ] ] } },
{ "type": "Feature", "properties": { }, "geometry": { "type": "Polygon", "coordinates": [ [ [ 696096.587299320381135, 4484822.218540283851326 ], [ 696096.757297641946934, 4484822.219295700080693 ], [ 696096.764503628830425, 4484819.269304500892758 ], [ 696096.594505307264626, 4484819.268549084663391 ], [ 696096.587299320381135, 4484822.218540283851326 ] ] ] } },
{ "type": "Feature", "properties": { }, "geometry": { "type": "Polygon", "coordinates": [ [ [ 696096.757297641946934, 4484822.219295701012015 ], [ 696096.927295963512734, 4484822.220051117241383 ], [ 696096.934501950396225, 4484819.270059918053448 ], [ 696096.764503628830425, 4484819.269304501824081 ], [ 696096.757297641946934, 4484822.219295701012015 ] ] ] } },
{ "type": "Feature", "properties": { }, "geometry": { "type": "Polygon", "coordinates": [ [ [ 696076.128176051191986, 4484817.757592299953103 ], [ 696076.298174372757785, 4484817.75834771618247 ], [ 696076.305380359641276, 4484814.808356516994536 ], [ 696076.135382038075477, 4484814.807601100765169 ], [ 696076.128176051191986, 4484817.757592299953103 ] ] ] } },
{ "type": "Feature", "properties": { }, "geometry": { "type": "Polygon", "coordinates": [ [ [ 696076.298174372757785, 4484817.75834771618247 ], [ 696076.468172694323584, 4484817.759103132411838 ], [ 696076.475378681207076, 4484814.809111933223903 ], [ 696076.305380359641276, 4484814.808356516994536 ], [ 696076.298174372757785, 4484817.75834771618247 ] ] ] } },
{ "type": "Feature", "properties": { }, "geometry": { "type": "Polygon", "coordinates": [ [ [ 696076.46817269444, 4484817.759103132411838 ], [ 696076.638171016005799, 4484817.759858548641205 ], [ 696076.64537700288929, 4484814.80986734945327 ], [ 696076.475378681323491, 4484814.809111933223903 ], [ 696076.46817269444, 4484817.759103132411838 ] ] ] } },
{ "type": "Feature", "properties": { }, "geometry": { "type": "Polygon", "coordinates": [ [ [ 696076.638171016005799, 4484817.759858549572527 ], [ 696076.808169337571599, 4484817.760613965801895 ], [ 696076.81537532445509, 4484814.81062276661396 ], [ 696076.64537700288929, 4484814.809867350384593 ], [ 696076.638171016005799, 4484817.759858549572527 ] ] ] } },
{ "type": "Feature", "properties": { }, "geometry": { "type": "Polygon", "coordinates": [ [ [ 696076.808169337571599, 4484817.760613965801895 ], [ 696076.978167659137398, 4484817.761369382031262 ], [ 696076.985373646020889, 4484814.811378182843328 ], [ 696076.81537532445509, 4484814.81062276661396 ], [ 696076.808169337571599, 4484817.760613965801895 ] ] ] } },
{ "type": "Feature", "properties": { }, "geometry": { "type": "Polygon", "coordinates": [ [ [ 696076.978167659137398, 4484817.761369382031262 ], [ 696077.148165980703197, 4484817.762124798260629 ], [ 696077.155371967586689, 4484814.812133599072695 ], [ 696076.985373646020889, 4484814.811378182843328 ], [ 696076.978167659137398, 4484817.761369382031262 ] ] ] } },
{ "type": "Feature", "properties": { }, "geometry": { "type": "Polygon", "coordinates": [ [ [ 696077.148165980819613, 4484817.762124798260629 ], [ 696077.318164302385412, 4484817.762880214489996 ], [ 696077.325370289268903, 4484814.812889015302062 ], [ 696077.155371967703104, 4484814.812133599072695 ], [ 696077.148165980819613, 4484817.762124798260629 ] ] ] } },
{ "type": "Feature", "properties": { }, "geometry": { "type": "Polygon", "coordinates": [ [ [ 696078.308154528145678, 4484817.767279404215515 ], [ 696078.478152849711478, 4484817.768034820444882 ], [ 696078.485358836594969, 4484814.818043621256948 ], [ 696078.31536051502917, 4484814.81728820502758 ], [ 696078.308154528145678, 4484817.767279404215515 ] ] ] } },
{ "type": "Feature", "properties": { }, "geometry": { "type": "Polygon", "coordinates": [ [ [ 696078.478152849711478, 4484817.768034820444882 ], [ 696078.648151171277277, 4484817.768790236674249 ], [ 696078.655357158160768, 4484814.818799037486315 ], [ 696078.485358836594969, 4484814.818043621256948 ], [ 696078.478152849711478, 4484817.768034820444882 ] ] ] } },
{ "type": "Feature", "properties": { }, "geometry": { "type": "Polygon", "coordinates": [ [ [ 696078.648151171393692, 4484817.768790237605572 ], [ 696078.818149492959492, 4484817.769545653834939 ], [ 696078.825355479842983, 4484814.819554454647005 ], [ 696078.655357158277184, 4484814.818799038417637 ], [ 696078.648151171393692, 4484817.768790237605572 ] ] ] } },
{ "type": "Feature", "properties": { }, "geometry": { "type": "Polygon", "coordinates": [ [ [ 696078.818149492959492, 4484817.769545653834939 ], [ 696078.988147814525291, 4484817.770301070064306 ], [ 696078.995353801408783, 4484814.820309870876372 ], [ 696078.825355479842983, 4484814.819554454647005 ], [ 696078.818149492959492, 4484817.769545653834939 ] ] ] } },
{ "type": "Feature", "properties": { }, "geometry": { "type": "Polygon", "coordinates": [ [ [ 696078.988147814525291, 4484817.770301070064306 ], [ 696079.158146136091091, 4484817.771056486293674 ], [ 696079.165352122974582, 4484814.821065287105739 ], [ 696078.995353801408783, 4484814.820309870876372 ], [ 696078.988147814525291, 4484817.770301070064306 ] ] ] } },
{ "type": "Feature", "properties": { }, "geometry": { "type": "Polygon", "coordinates": [ [ [ 696079.158146136091091, 4484817.771056486293674 ], [ 696079.32814445765689, 4484817.771811902523041 ], [ 696079.335350444540381, 4484814.821820703335106 ], [ 696079.165352122974582, 4484814.821065287105739 ], [ 696079.158146136091091, 4484817.771056486293674 ] ] ] } },
{ "type": "Feature", "properties": { }, "geometry": { "type": "Polygon", "coordinates": [ [ [ 696079.328144457773305, 4484817.771811902523041 ], [ 696079.498142779339105, 4484817.772567318752408 ], [ 696079.505348766222596, 4484814.822576119564474 ], [ 696079.335350444656797, 4484814.821820703335106 ], [ 696079.328144457773305, 4484817.771811902523041 ] ] ] } },
{ "type": "Feature", "properties": { }, "geometry": { "type": "Polygon", "coordinates": [ [ [ 696080.488133005099371, 4484817.776966508477926 ], [ 696080.65813132666517, 4484817.777721924707294 ], [ 696080.665337313548662, 4484814.827730725519359 ], [ 696080.495338991982862, 4484814.826975309289992 ], [ 696080.488133005099371, 4484817.776966508477926 ] ] ] } },
{ "type": "Feature", "properties": { }, "geometry": { "type": "Polygon", "coordinates": [ [ [ 696080.65813132666517, 4484817.777721925638616 ], [ 696080.82812964823097, 4484817.778477341867983 ], [ 696080.835335635114461, 4484814.828486142680049 ], [ 696080.665337313548662, 4484814.827730726450682 ], [ 696080.65813132666517, 4484817.777721925638616 ] ] ] } },
{ "type": "Feature", "properties": { }, "geometry": { "type": "Polygon", "coordinates": [ [ [ 696080.828129648347385, 4484817.778477341867983 ], [ 696080.998127969913185, 4484817.779232758097351 ], [ 696081.005333956796676, 4484814.829241558909416 ], [ 696080.835335635230877, 4484814.828486142680049 ], [ 696080.828129648347385, 4484817.778477341867983 ] ] ] } },
{ "type": "Feature", "properties": { }, "geometry": { "type": "Polygon", "coordinates": [ [ [ 696080.998127969913185, 4484817.779232758097351 ], [ 696081.168126291478984, 4484817.779988174326718 ], [ 696081.175332278362475, 4484814.829996975138783 ], [ 696081.005333956796676, 4484814.829241558909416 ], [ 696080.998127969913185, 4484817.779232758097351 ] ] ] } },
{ "type": "Feature", "properties": { }, "geometry": { "type": "Polygon", "coordinates": [ [ [ 696081.168126291478984, 4484817.779988174326718 ], [ 696081.338124613044783, 4484817.780743590556085 ], [ 696081.345330599928275, 4484814.830752391368151 ], [ 696081.175332278362475, 4484814.829996975138783 ], [ 696081.168126291478984, 4484817.779988174326718 ] ] ] } },
{ "type": "Feature", "properties": { }, "geometry": { "type": "Polygon", "coordinates": [ [ [ 696081.338124613044783, 4484817.780743590556085 ], [ 696081.508122934610583, 4484817.781499006785452 ], [ 696081.515328921494074, 4484814.831507807597518 ], [ 696081.345330599928275, 4484814.830752391368151 ], [ 696081.338124613044783, 4484817.780743590556085 ] ] ] } },
{ "type": "Feature", "properties": { }, "geometry": { "type": "Polygon", "coordinates": [ [ [ 696081.508122934726998, 4484817.781499006785452 ], [ 696081.678121256292798, 4484817.78225442301482 ], [ 696081.685327243176289, 4484814.832263223826885 ], [ 696081.515328921610489, 4484814.831507807597518 ], [ 696081.508122934726998, 4484817.781499006785452 ] ] ] } },
{ "type": "Feature", "properties": { }, "geometry": { "type": "Polygon", "coordinates": [ [ [ 696082.668111482053064, 4484817.786653612740338 ], [ 696082.838109803618863, 4484817.787409028969705 ], [ 696082.845315790502355, 4484814.837417829781771 ], [ 696082.675317468936555, 4484814.836662413552403 ], [ 696082.668111482053064, 4484817.786653612740338 ] ] ] } },
{ "type": "Feature", "properties": { }, "geometry": { "type": "Polygon", "coordinates": [ [ [ 696082.838109803618863, 4484817.787409029901028 ], [ 696083.008108125184663, 4484817.788164446130395 ], [ 696083.015314112068154, 4484814.838173246942461 ], [ 696082.845315790502355, 4484814.837417830713093 ], [ 696082.838109803618863, 4484817.787409029901028 ] ] ] } },
{ "type": "Feature", "properties": { }, "geometry": { "type": "Polygon", "coordinates": [ [ [ 696083.008108125301078, 4484817.788164446130395 ], [ 696083.178106446866877, 4484817.788919862359762 ], [ 696083.185312433750369, 4484814.838928663171828 ], [ 696083.015314112184569, 4484814.838173246942461 ], [ 696083.008108125301078, 4484817.788164446130395 ] ] ] } },
{ "type": "Feature", "properties": { }, "geometry": { "type": "Polygon", "coordinates": [ [ [ 696083.178106446866877, 4484817.788919862359762 ], [ 696083.348104768432677, 4484817.789675278589129 ], [ 696083.355310755316168, 4484814.839684079401195 ], [ 696083.185312433750369, 4484814.838928663171828 ], [ 696083.178106446866877, 4484817.788919862359762 ] ] ] } },
{ "type": "Feature", "properties": { }, "geometry": { "type": "Polygon", "coordinates": [ [ [ 696083.348104768432677, 4484817.789675278589129 ], [ 696083.518103089998476, 4484817.790430694818497 ], [ 696083.525309076881967, 4484814.840439495630562 ], [ 696083.355310755316168, 4484814.839684079401195 ], [ 696083.348104768432677, 4484817.789675278589129 ] ] ] } },
{ "type": "Feature", "properties": { }, "geometry": { "type": "Polygon", "coordinates": [ [ [ 696083.518103090114892, 4484817.790430694818497 ], [ 696083.688101411680691, 4484817.791186111047864 ], [ 696083.695307398564182, 4484814.84119491185993 ], [ 696083.525309076998383, 4484814.840439495630562 ], [ 696083.518103090114892, 4484817.790430694818497 ] ] ] } },
{ "type": "Feature", "properties": { }, "geometry": { "type": "Polygon", "coordinates": [ [ [ 696083.688101411680691, 4484817.791186111979187 ], [ 696083.85809973324649, 4484817.791941528208554 ], [ 696083.865305720129982, 4484814.841950329020619 ], [ 696083.695307398564182, 4484814.841194912791252 ], [ 696083.688101411680691, 4484817.791186111979187 ] ] ] } },
{ "type": "Feature", "properties": { }, "geometry": { "type": "Polygon", "coordinates": [ [ [ 696084.848089959006757, 4484817.796340717934072 ], [ 696085.018088280572556, 4484817.797096134163439 ], [ 696085.025294267456047, 4484814.847104934975505 ], [ 696084.855295945890248, 4484814.846349518746138 ], [ 696084.848089959006757, 4484817.796340717934072 ] ] ] } },
{ "type": "Feature", "properties": { }, "geometry": { "type": "Polygon", "coordinates": [ [ [ 696085.018088280572556, 4484817.797096134163439 ], [ 696085.188086602138355, 4484817.797851550392807 ], [ 696085.195292589021847, 4484814.847860351204872 ], [ 696085.025294267456047, 4484814.847104934975505 ], [ 696085.018088280572556, 4484817.797096134163439 ] ] ] } },
{ "type": "Feature", "properties": { }, "geometry": { "type": "Polygon", "coordinates": [ [ [ 696085.188086602254771, 4484817.797851550392807 ], [ 696085.35808492382057, 4484817.798606966622174 ], [ 696085.365290910704061, 4484814.848615767434239 ], [ 696085.195292589138262, 4484814.847860351204872 ], [ 696085.188086602254771, 4484817.797851550392807 ] ] ] } },
{ "type": "Feature", "properties": { }, "geometry": { "type": "Polygon", "coordinates": [ [ [ 696085.35808492382057, 4484817.798606966622174 ], [ 696085.52808324538637, 4484817.799362382851541 ], [ 696085.535289232269861, 4484814.849371183663607 ], [ 696085.365290910704061, 4484814.848615767434239 ], [ 696085.35808492382057, 4484817.798606966622174 ] ] ] } },
{ "type": "Feature", "properties": { }, "geometry": { "type": "Polygon", "coordinates": [ [ [ 696085.52808324538637, 4484817.799362382851541 ], [ 696085.698081566952169, 4484817.800117799080908 ], [ 696085.70528755383566, 4484814.850126599892974 ], [ 696085.535289232269861, 4484814.849371183663607 ], [ 696085.52808324538637, 4484817.799362382851541 ] ] ] } },
{ "type": "Feature", "properties": { }, "geometry": { "type": "Polygon", "coordinates": [ [ [ 696085.698081567068584, 4484817.800117800012231 ], [ 696085.868079888634384, 4484817.800873216241598 ], [ 696085.875285875517875, 4484814.850882017053664 ], [ 696085.705287553952076, 4484814.850126600824296 ], [ 696085.698081567068584, 4484817.800117800012231 ] ] ] } },
{ "type": "Feature", "properties": { }, "geometry": { "type": "Polygon", "coordinates": [ [ [ 696085.868079888634384, 4484817.800873216241598 ], [ 696086.038078210200183, 4484817.801628632470965 ], [ 696086.045284197083674, 4484814.851637433283031 ], [ 696085.875285875517875, 4484814.850882017053664 ], [ 696085.868079888634384, 4484817.800873216241598 ] ] ] } },
{ "type": "Feature", "properties": { }, "geometry": { "type": "Polygon", "coordinates": [ [ [ 696087.028068435960449, 4484817.806027822196484 ], [ 696087.198066757526249, 4484817.806783238425851 ], [ 696087.20527274440974, 4484814.856792039237916 ], [ 696087.035274422843941, 4484814.856036623008549 ], [ 696087.028068435960449, 4484817.806027822196484 ] ] ] } },
{ "type": "Feature", "properties": { }, "geometry": { "type": "Polygon", "coordinates": [ [ [ 696087.198066757642664, 4484817.806783238425851 ], [ 696087.368065079208463, 4484817.807538654655218 ], [ 696087.375271066091955, 4484814.857547455467284 ], [ 696087.205272744526155, 4484814.856792039237916 ], [ 696087.198066757642664, 4484817.806783238425851 ] ] ] } },
{ "type": "Feature", "properties": { }, "geometry": { "type": "Polygon", "coordinates": [ [ [ 696087.368065079208463, 4484817.807538654655218 ], [ 696087.538063400774263, 4484817.808294070884585 ], [ 696087.545269387657754, 4484814.858302871696651 ], [ 696087.375271066091955, 4484814.857547455467284 ], [ 696087.368065079208463, 4484817.807538654655218 ] ] ] } },
{ "type": "Feature", "properties": { }, "geometry": { "type": "Polygon", "coordinates": [ [ [ 696087.538063400774263, 4484817.808294070884585 ], [ 696087.708061722340062, 4484817.809049487113953 ], [ 696087.715267709223554, 4484814.859058287926018 ], [ 696087.545269387657754, 4484814.858302871696651 ], [ 696087.538063400774263, 4484817.808294070884585 ] ] ] } },
{ "type": "Feature", "properties": { }, "geometry": { "type": "Polygon", "coordinates": [ [ [ 696087.708061722340062, 4484817.809049488045275 ], [ 696087.878060043905862, 4484817.809804904274642 ], [ 696087.885266030789353, 4484814.859813705086708 ], [ 696087.715267709223554, 4484814.859058288857341 ], [ 696087.708061722340062, 4484817.809049488045275 ] ] ] } },
{ "type": "Feature", "properties": { }, "geometry": { "type": "Polygon", "coordinates": [ [ [ 696087.878060044022277, 4484817.809804904274642 ], [ 696088.048058365588076, 4484817.81056032050401 ], [ 696088.055264352471568, 4484814.860569121316075 ], [ 696087.885266030905768, 4484814.859813705086708 ], [ 696087.878060044022277, 4484817.809804904274642 ] ] ] } },
{ "type": "Feature", "properties": { }, "geometry": { "type": "Polygon", "coordinates": [ [ [ 696088.048058365588076, 4484817.81056032050401 ], [ 696088.218056687153876, 4484817.811315736733377 ], [ 696088.225262674037367, 4484814.861324537545443 ], [ 696088.055264352471568, 4484814.860569121316075 ], [ 696088.048058365588076, 4484817.81056032050401 ] ] ] } },
{ "type": "Feature", "properties": { }, "geometry": { "type": "Polygon", "coordinates": [ [ [ 696089.208046912914142, 4484817.815714926458895 ], [ 696089.378045234479941, 4484817.816470342688262 ], [ 696089.385251221363433, 4484814.866479143500328 ], [ 696089.215252899797633, 4484814.865723727270961 ], [ 696089.208046912914142, 4484817.815714926458895 ] ] ] } },
{ "type": "Feature", "properties": { }, "geometry": { "type": "Polygon", "coordinates": [ [ [ 696089.378045234596357, 4484817.816470342688262 ], [ 696089.548043556162156, 4484817.81722575891763 ], [ 696089.555249543045647, 4484814.867234559729695 ], [ 696089.385251221479848, 4484814.866479143500328 ], [ 696089.378045234596357, 4484817.816470342688262 ] ] ] } },
{ "type": "Feature", "properties": { }, "geometry": { "type": "Polygon", "coordinates": [ [ [ 696089.548043556162156, 4484817.81722575891763 ], [ 696089.718041877727956, 4484817.817981175146997 ], [ 696089.725247864611447, 4484814.867989975959063 ], [ 696089.555249543045647, 4484814.867234559729695 ], [ 696089.548043556162156, 4484817.81722575891763 ] ] ] } },
{ "type": "Feature", "properties": { }, "geometry": { "type": "Polygon", "coordinates": [ [ [ 696089.718041877727956, 4484817.81798117607832 ], [ 696089.888040199293755, 4484817.818736592307687 ], [ 696089.895246186177246, 4484814.868745393119752 ], [ 696089.725247864611447, 4484814.867989976890385 ], [ 696089.718041877727956, 4484817.81798117607832 ] ] ] } },
{ "type": "Feature", "properties": { }, "geometry": { "type": "Polygon", "coordinates": [ [ [ 696089.888040199293755, 4484817.818736592307687 ], [ 696090.058038520859554, 4484817.819492008537054 ], [ 696090.065244507743046, 4484814.86950080934912 ], [ 696089.895246186177246, 4484814.868745393119752 ], [ 696089.888040199293755, 4484817.818736592307687 ] ] ] } },
{ "type": "Feature", "properties": { }, "geometry": { "type": "Polygon", "coordinates": [ [ [ 696090.05803852097597, 4484817.819492008537054 ], [ 696090.228036842541769, 4484817.820247424766421 ], [ 696090.23524282942526, 4484814.870256225578487 ], [ 696090.065244507859461, 4484814.86950080934912 ], [ 696090.05803852097597, 4484817.819492008537054 ] ] ] } },
{ "type": "Feature", "properties": { }, "geometry": { "type": "Polygon", "coordinates": [ [ [ 696090.228036842541769, 4484817.820247424766421 ], [ 696090.398035164107569, 4484817.821002840995789 ], [ 696090.40524115099106, 4484814.871011641807854 ], [ 696090.23524282942526, 4484814.870256225578487 ], [ 696090.228036842541769, 4484817.820247424766421 ] ] ] } },
{ "type": "Feature", "properties": { }, "geometry": { "type": "Polygon", "coordinates": [ [ [ 696091.388025389867835, 4484817.825402030721307 ], [ 696091.558023711433634, 4484817.826157446950674 ], [ 696091.565229698317125, 4484814.87616624776274 ], [ 696091.395231376751326, 4484814.875410831533372 ], [ 696091.388025389867835, 4484817.825402030721307 ] ] ] } },
{ "type": "Feature", "properties": { }, "geometry": { "type": "Polygon", "coordinates": [ [ [ 696091.558023711550049, 4484817.826157446950674 ], [ 696091.728022033115849, 4484817.826912863180041 ], [ 696091.73522801999934, 4484814.876921663992107 ], [ 696091.565229698433541, 4484814.87616624776274 ], [ 696091.558023711550049, 4484817.826157446950674 ] ] ] } },
{ "type": "Feature", "properties": { }, "geometry": { "type": "Polygon", "coordinates": [ [ [ 696091.728022033115849, 4484817.826912864111364 ], [ 696091.898020354681648, 4484817.827668280340731 ], [ 696091.90522634156514, 4484814.877677081152797 ], [ 696091.73522801999934, 4484814.876921664923429 ], [ 696091.728022033115849, 4484817.826912864111364 ] ] ] } },
{ "type": "Feature", "properties": { }, "geometry": { "type": "Polygon", "coordinates": [ [ [ 696091.898020354681648, 4484817.827668280340731 ], [ 696092.068018676247448, 4484817.828423696570098 ], [ 696092.075224663130939, 4484814.878432497382164 ], [ 696091.90522634156514, 4484814.877677081152797 ], [ 696091.898020354681648, 4484817.827668280340731 ] ] ] } },
{ "type": "Feature", "properties": { }, "geometry": { "type": "Polygon", "coordinates": [ [ [ 696092.068018676247448, 4484817.828423696570098 ], [ 696092.238016997813247, 4484817.829179112799466 ], [ 696092.245222984696738, 4484814.879187913611531 ], [ 696092.075224663130939, 4484814.878432497382164 ], [ 696092.068018676247448, 4484817.828423696570098 ] ] ] } },
{ "type": "Feature", "properties": { }, "geometry": { "type": "Polygon", "coordinates": [ [ [ 696092.238016997929662, 4484817.829179112799466 ], [ 696092.408015319495462, 4484817.829934529028833 ], [ 696092.415221306378953, 4484814.879943329840899 ], [ 696092.245222984813154, 4484814.879187913611531 ], [ 696092.238016997929662, 4484817.829179112799466 ] ] ] } },
{ "type": "Feature", "properties": { }, "geometry": { "type": "Polygon", "coordinates": [ [ [ 696092.408015319495462, 4484817.829934529028833 ], [ 696092.578013641061261, 4484817.8306899452582 ], [ 696092.585219627944753, 4484814.880698746070266 ], [ 696092.415221306378953, 4484814.879943329840899 ], [ 696092.408015319495462, 4484817.829934529028833 ] ] ] } },
{ "type": "Feature", "properties": { }, "geometry": { "type": "Polygon", "coordinates": [ [ [ 696093.568003866821527, 4484817.835089134983718 ], [ 696093.738002188387327, 4484817.835844551213086 ], [ 696093.745208175270818, 4484814.885853352025151 ], [ 696093.575209853705019, 4484814.885097935795784 ], [ 696093.568003866821527, 4484817.835089134983718 ] ] ] } },
{ "type": "Feature", "properties": { }, "geometry": { "type": "Polygon", "coordinates": [ [ [ 696093.738002188503742, 4484817.835844552144408 ], [ 696093.908000510069542, 4484817.836599968373775 ], [ 696093.915206496953033, 4484814.886608769185841 ], [ 696093.745208175387233, 4484814.885853352956474 ], [ 696093.738002188503742, 4484817.835844552144408 ] ] ] } },
{ "type": "Feature", "properties": { }, "geometry": { "type": "Polygon", "coordinates": [ [ [ 696093.908000510069542, 4484817.836599968373775 ], [ 696094.077998831635341, 4484817.837355384603143 ], [ 696094.085204818518832, 4484814.887364185415208 ], [ 696093.915206496953033, 4484814.886608769185841 ], [ 696093.908000510069542, 4484817.836599968373775 ] ] ] } },
{ "type": "Feature", "properties": { }, "geometry": { "type": "Polygon", "coordinates": [ [ [ 696094.077998831635341, 4484817.837355384603143 ], [ 696094.24799715320114, 4484817.83811080083251 ], [ 696094.255203140084632, 4484814.888119601644576 ], [ 696094.085204818518832, 4484814.887364185415208 ], [ 696094.077998831635341, 4484817.837355384603143 ] ] ] } },
{ "type": "Feature", "properties": { }, "geometry": { "type": "Polygon", "coordinates": [ [ [ 696094.247997153317556, 4484817.83811080083251 ], [ 696094.417995474883355, 4484817.838866217061877 ], [ 696094.425201461766846, 4484814.888875017873943 ], [ 696094.255203140201047, 4484814.888119601644576 ], [ 696094.247997153317556, 4484817.83811080083251 ] ] ] } },
{ "type": "Feature", "properties": { }, "geometry": { "type": "Polygon", "coordinates": [ [ [ 696094.417995474883355, 4484817.838866217061877 ], [ 696094.587993796449155, 4484817.839621633291245 ], [ 696094.595199783332646, 4484814.88963043410331 ], [ 696094.425201461766846, 4484814.888875017873943 ], [ 696094.417995474883355, 4484817.838866217061877 ] ] ] } },
{ "type": "Feature", "properties": { }, "geometry": { "type": "Polygon", "coordinates": [ [ [ 696094.587993796449155, 4484817.839621633291245 ], [ 696094.757992118014954, 4484817.840377049520612 ], [ 696094.765198104898445, 4484814.890385850332677 ], [ 696094.595199783332646, 4484814.88963043410331 ], [ 696094.587993796449155, 4484817.839621633291245 ] ] ] } },
{ "type": "Feature", "properties": { }, "geometry": { "type": "Polygon", "coordinates": [ [ [ 696095.74798234377522, 4484817.84477623924613 ], [ 696095.91798066534102, 4484817.845531655475497 ], [ 696095.925186652224511, 4484814.895540456287563 ], [ 696095.755188330658711, 4484814.894785040058196 ], [ 696095.74798234377522, 4484817.84477623924613 ] ] ] } },
{ "type": "Feature", "properties": { }, "geometry": { "type": "Polygon", "coordinates": [ [ [ 696095.917980665457435, 4484817.84553165640682 ], [ 696096.087978987023234, 4484817.846287072636187 ], [ 696096.095184973906726, 4484814.896295873448253 ], [ 696095.925186652340926, 4484814.895540457218885 ], [ 696095.917980665457435, 4484817.84553165640682 ] ] ] } },
{ "type": "Feature", "properties": { }, "geometry": { "type": "Polygon", "coordinates": [ [ [ 696096.087978987023234, 4484817.846287072636187 ], [ 696096.257977308589034, 4484817.847042488865554 ], [ 696096.265183295472525, 4484814.89705128967762 ], [ 696096.095184973906726, 4484814.896295873448253 ], [ 696096.087978987023234, 4484817.846287072636187 ] ] ] } },
{ "type": "Feature", "properties": { }, "geometry": { "type": "Polygon", "coordinates": [ [ [ 696096.257977308589034, 4484817.847042488865554 ], [ 696096.427975630154833, 4484817.847797905094922 ], [ 696096.435181617038324, 4484814.897806705906987 ], [ 696096.265183295472525, 4484814.89705128967762 ], [ 696096.257977308589034, 4484817.847042488865554 ] ] ] } },
{ "type": "Feature", "properties": { }, "geometry": { "type": "Polygon", "coordinates": [ [ [ 696096.427975630271249, 4484817.847797905094922 ], [ 696096.597973951837048, 4484817.848553321324289 ], [ 696096.605179938720539, 4484814.898562122136354 ], [ 696096.43518161715474, 4484814.897806705906987 ], [ 696096.427975630271249, 4484817.847797905094922 ] ] ] } },
{ "type": "Feature", "properties": { }, "geometry": { "type": "Polygon", "coordinates": [ [ [ 696096.597973951837048, 4484817.848553321324289 ], [ 696096.767972273402847, 4484817.849308737553656 ], [ 696096.775178260286339, 4484814.899317538365722 ], [ 696096.605179938720539, 4484814.898562122136354 ], [ 696096.597973951837048, 4484817.848553321324289 ] ] ] } },
{ "type": "Feature", "properties": { }, "geometry": { "type": "Polygon", "coordinates": [ [ [ 696096.767972273402847, 4484817.849308738484979 ], [ 696096.937970594968647, 4484817.850064154714346 ], [ 696096.945176581852138, 4484814.900072955526412 ], [ 696096.775178260286339, 4484814.899317539297044 ], [ 696096.767972273402847, 4484817.849308738484979 ] ] ] } },
{ "type": "Feature", "properties": { }, "geometry": { "type": "Polygon", "coordinates": [ [ [ 696076.138850682531483, 4484813.387605337426066 ], [ 696076.308849004097283, 4484813.388360753655434 ], [ 696076.316054990980774, 4484810.438369554467499 ], [ 696076.146056669414975, 4484810.437614138238132 ], [ 696076.138850682531483, 4484813.387605337426066 ] ] ] } },
{ "type": "Feature", "properties": { }, "geometry": { "type": "Polygon", "coordinates": [ [ [ 696076.308849004097283, 4484813.388360753655434 ], [ 696076.478847325663082, 4484813.389116169884801 ], [ 696076.486053312546574, 4484810.439124970696867 ], [ 696076.316054990980774, 4484810.438369554467499 ], [ 696076.308849004097283, 4484813.388360753655434 ] ] ] } },
{ "type": "Feature", "properties": { }, "geometry": { "type": "Polygon", "coordinates": [ [ [ 696076.478847325779498, 4484813.389116169884801 ], [ 696076.648845647345297, 4484813.389871586114168 ], [ 696076.656051634228788, 4484810.439880386926234 ], [ 696076.486053312662989, 4484810.439124970696867 ], [ 696076.478847325779498, 4484813.389116169884801 ] ] ] } },
{ "type": "Feature", "properties": { }, "geometry": { "type": "Polygon", "coordinates": [ [ [ 696076.648845647345297, 4484813.389871587045491 ], [ 696076.818843968911096, 4484813.390627003274858 ], [ 696076.826049955794588, 4484810.440635804086924 ], [ 696076.656051634228788, 4484810.439880387857556 ], [ 696076.648845647345297, 4484813.389871587045491 ] ] ] } },
{ "type": "Feature", "properties": { }, "geometry": { "type": "Polygon", "coordinates": [ [ [ 696076.818843968911096, 4484813.390627003274858 ], [ 696076.988842290476896, 4484813.391382419504225 ], [ 696076.996048277360387, 4484810.441391220316291 ], [ 696076.826049955794588, 4484810.440635804086924 ], [ 696076.818843968911096, 4484813.390627003274858 ] ] ] } },
{ "type": "Feature", "properties": { }, "geometry": { "type": "Polygon", "coordinates": [ [ [ 696076.988842290476896, 4484813.391382419504225 ], [ 696077.158840612042695, 4484813.392137835733593 ], [ 696077.166046598926187, 4484810.442146636545658 ], [ 696076.996048277360387, 4484810.441391220316291 ], [ 696076.988842290476896, 4484813.391382419504225 ] ] ] } },
{ "type": "Feature", "properties": { }, "geometry": { "type": "Polygon", "coordinates": [ [ [ 696077.158840612159111, 4484813.392137835733593 ], [ 696077.32883893372491, 4484813.39289325196296 ], [ 696077.336044920608401, 4484810.442902052775025 ], [ 696077.166046599042602, 4484810.442146636545658 ], [ 696077.158840612159111, 4484813.392137835733593 ] ] ] } },
{ "type": "Feature", "properties": { }, "geometry": { "type": "Polygon", "coordinates": [ [ [ 696078.318829159485176, 4484813.397292441688478 ], [ 696078.488827481050976, 4484813.398047857917845 ], [ 696078.496033467934467, 4484810.448056658729911 ], [ 696078.326035146368667, 4484810.447301242500544 ], [ 696078.318829159485176, 4484813.397292441688478 ] ] ] } },
{ "type": "Feature", "properties": { }, "geometry": { "type": "Polygon", "coordinates": [ [ [ 696078.488827481050976, 4484813.398047857917845 ], [ 696078.658825802616775, 4484813.398803274147213 ], [ 696078.666031789500266, 4484810.448812074959278 ], [ 696078.496033467934467, 4484810.448056658729911 ], [ 696078.488827481050976, 4484813.398047857917845 ] ] ] } },
{ "type": "Feature", "properties": { }, "geometry": { "type": "Polygon", "coordinates": [ [ [ 696078.65882580273319, 4484813.398803275078535 ], [ 696078.82882412429899, 4484813.399558691307902 ], [ 696078.836030111182481, 4484810.449567492119968 ], [ 696078.666031789616682, 4484810.448812075890601 ], [ 696078.65882580273319, 4484813.398803275078535 ] ] ] } },
{ "type": "Feature", "properties": { }, "geometry": { "type": "Polygon", "coordinates": [ [ [ 696078.82882412429899, 4484813.399558691307902 ], [ 696078.998822445864789, 4484813.40031410753727 ], [ 696079.00602843274828, 4484810.450322908349335 ], [ 696078.836030111182481, 4484810.449567492119968 ], [ 696078.82882412429899, 4484813.399558691307902 ] ] ] } },
{ "type": "Feature", "properties": { }, "geometry": { "type": "Polygon", "coordinates": [ [ [ 696078.998822445864789, 4484813.40031410753727 ], [ 696079.168820767430589, 4484813.401069523766637 ], [ 696079.17602675431408, 4484810.451078324578702 ], [ 696079.00602843274828, 4484810.450322908349335 ], [ 696078.998822445864789, 4484813.40031410753727 ] ] ] } },
{ "type": "Feature", "properties": { }, "geometry": { "type": "Polygon", "coordinates": [ [ [ 696079.168820767430589, 4484813.401069523766637 ], [ 696079.338819088996388, 4484813.401824939996004 ], [ 696079.346025075879879, 4484810.45183374080807 ], [ 696079.17602675431408, 4484810.451078324578702 ], [ 696079.168820767430589, 4484813.401069523766637 ] ] ] } },
{ "type": "Feature", "properties": { }, "geometry": { "type": "Polygon", "coordinates": [ [ [ 696079.338819089112803, 4484813.401824939996004 ], [ 696079.508817410678603, 4484813.402580356225371 ], [ 696079.516023397562094, 4484810.452589157037437 ], [ 696079.346025075996295, 4484810.45183374080807 ], [ 696079.338819089112803, 4484813.401824939996004 ] ] ] } },
{ "type": "Feature", "properties": { }, "geometry": { "type": "Polygon", "coordinates": [ [ [ 696080.498807636438869, 4484813.40697954595089 ], [ 696080.668805958004668, 4484813.407734962180257 ], [ 696080.67601194488816, 4484810.457743762992322 ], [ 696080.50601362332236, 4484810.456988346762955 ], [ 696080.498807636438869, 4484813.40697954595089 ] ] ] } },
{ "type": "Feature", "properties": { }, "geometry": { "type": "Polygon", "coordinates": [ [ [ 696080.668805958004668, 4484813.407734963111579 ], [ 696080.838804279570468, 4484813.408490379340947 ], [ 696080.846010266453959, 4484810.458499180153012 ], [ 696080.67601194488816, 4484810.457743763923645 ], [ 696080.668805958004668, 4484813.407734963111579 ] ] ] } },
{ "type": "Feature", "properties": { }, "geometry": { "type": "Polygon", "coordinates": [ [ [ 696080.838804279686883, 4484813.408490379340947 ], [ 696081.008802601252683, 4484813.409245795570314 ], [ 696081.016008588136174, 4484810.45925459638238 ], [ 696080.846010266570374, 4484810.458499180153012 ], [ 696080.838804279686883, 4484813.408490379340947 ] ] ] } },
{ "type": "Feature", "properties": { }, "geometry": { "type": "Polygon", "coordinates": [ [ [ 696081.008802601252683, 4484813.409245795570314 ], [ 696081.178800922818482, 4484813.410001211799681 ], [ 696081.186006909701973, 4484810.460010012611747 ], [ 696081.016008588136174, 4484810.45925459638238 ], [ 696081.008802601252683, 4484813.409245795570314 ] ] ] } },
{ "type": "Feature", "properties": { }, "geometry": { "type": "Polygon", "coordinates": [ [ [ 696081.178800922818482, 4484813.410001211799681 ], [ 696081.348799244384281, 4484813.410756628029048 ], [ 696081.356005231267773, 4484810.460765428841114 ], [ 696081.186006909701973, 4484810.460010012611747 ], [ 696081.178800922818482, 4484813.410001211799681 ] ] ] } },
{ "type": "Feature", "properties": { }, "geometry": { "type": "Polygon", "coordinates": [ [ [ 696081.348799244384281, 4484813.410756628029048 ], [ 696081.518797565950081, 4484813.411512044258416 ], [ 696081.526003552833572, 4484810.461520845070481 ], [ 696081.356005231267773, 4484810.460765428841114 ], [ 696081.348799244384281, 4484813.410756628029048 ] ] ] } },
{ "type": "Feature", "properties": { }, "geometry": { "type": "Polygon", "coordinates": [ [ [ 696081.518797566066496, 4484813.411512044258416 ], [ 696081.688795887632295, 4484813.412267460487783 ], [ 696081.696001874515787, 4484810.462276261299849 ], [ 696081.526003552949987, 4484810.461520845070481 ], [ 696081.518797566066496, 4484813.411512044258416 ] ] ] } },
{ "type": "Feature", "properties": { }, "geometry": { "type": "Polygon", "coordinates": [ [ [ 696082.678786113392562, 4484813.416666650213301 ], [ 696082.848784434958361, 4484813.417422066442668 ], [ 696082.855990421841852, 4484810.467430867254734 ], [ 696082.685992100276053, 4484810.466675451025367 ], [ 696082.678786113392562, 4484813.416666650213301 ] ] ] } },
{ "type": "Feature", "properties": { }, "geometry": { "type": "Polygon", "coordinates": [ [ [ 696082.848784434958361, 4484813.417422067373991 ], [ 696083.018782756524161, 4484813.418177483603358 ], [ 696083.025988743407652, 4484810.468186284415424 ], [ 696082.855990421841852, 4484810.467430868186057 ], [ 696082.848784434958361, 4484813.417422067373991 ] ] ] } },
{ "type": "Feature", "properties": { }, "geometry": { "type": "Polygon", "coordinates": [ [ [ 696083.018782756640576, 4484813.418177483603358 ], [ 696083.188781078206375, 4484813.418932899832726 ], [ 696083.195987065089867, 4484810.468941700644791 ], [ 696083.025988743524067, 4484810.468186284415424 ], [ 696083.018782756640576, 4484813.418177483603358 ] ] ] } },
{ "type": "Feature", "properties": { }, "geometry": { "type": "Polygon", "coordinates": [ [ [ 696083.188781078206375, 4484813.418932899832726 ], [ 696083.358779399772175, 4484813.419688316062093 ], [ 696083.365985386655666, 4484810.469697116874158 ], [ 696083.195987065089867, 4484810.468941700644791 ], [ 696083.188781078206375, 4484813.418932899832726 ] ] ] } },
{ "type": "Feature", "properties": { }, "geometry": { "type": "Polygon", "coordinates": [ [ [ 696083.358779399772175, 4484813.419688316062093 ], [ 696083.528777721337974, 4484813.42044373229146 ], [ 696083.535983708221465, 4484810.470452533103526 ], [ 696083.365985386655666, 4484810.469697116874158 ], [ 696083.358779399772175, 4484813.419688316062093 ] ] ] } },
{ "type": "Feature", "properties": { }, "geometry": { "type": "Polygon", "coordinates": [ [ [ 696083.528777721454389, 4484813.42044373229146 ], [ 696083.698776043020189, 4484813.421199148520827 ], [ 696083.70598202990368, 4484810.471207949332893 ], [ 696083.535983708337881, 4484810.470452533103526 ], [ 696083.528777721454389, 4484813.42044373229146 ] ] ] } },
{ "type": "Feature", "properties": { }, "geometry": { "type": "Polygon", "coordinates": [ [ [ 696083.698776043020189, 4484813.42119914945215 ], [ 696083.868774364585988, 4484813.421954565681517 ], [ 696083.87598035146948, 4484810.471963366493583 ], [ 696083.70598202990368, 4484810.471207950264215 ], [ 696083.698776043020189, 4484813.42119914945215 ] ] ] } },
{ "type": "Feature", "properties": { }, "geometry": { "type": "Polygon", "coordinates": [ [ [ 696084.858764590346254, 4484813.426353755407035 ], [ 696085.028762911912054, 4484813.427109171636403 ], [ 696085.035968898795545, 4484810.477117972448468 ], [ 696084.865970577229746, 4484810.476362556219101 ], [ 696084.858764590346254, 4484813.426353755407035 ] ] ] } },
{ "type": "Feature", "properties": { }, "geometry": { "type": "Polygon", "coordinates": [ [ [ 696085.028762911912054, 4484813.427109171636403 ], [ 696085.198761233477853, 4484813.42786458786577 ], [ 696085.205967220361345, 4484810.477873388677835 ], [ 696085.035968898795545, 4484810.477117972448468 ], [ 696085.028762911912054, 4484813.427109171636403 ] ] ] } },
{ "type": "Feature", "properties": { }, "geometry": { "type": "Polygon", "coordinates": [ [ [ 696085.198761233594269, 4484813.42786458786577 ], [ 696085.368759555160068, 4484813.428620004095137 ], [ 696085.375965542043559, 4484810.478628804907203 ], [ 696085.20596722047776, 4484810.477873388677835 ], [ 696085.198761233594269, 4484813.42786458786577 ] ] ] } },
{ "type": "Feature", "properties": { }, "geometry": { "type": "Polygon", "coordinates": [ [ [ 696085.368759555160068, 4484813.428620004095137 ], [ 696085.538757876725867, 4484813.429375420324504 ], [ 696085.545963863609359, 4484810.47938422113657 ], [ 696085.375965542043559, 4484810.478628804907203 ], [ 696085.368759555160068, 4484813.428620004095137 ] ] ] } },
{ "type": "Feature", "properties": { }, "geometry": { "type": "Polygon", "coordinates": [ [ [ 696085.538757876725867, 4484813.429375420324504 ], [ 696085.708756198291667, 4484813.430130836553872 ], [ 696085.715962185175158, 4484810.480139637365937 ], [ 696085.545963863609359, 4484810.47938422113657 ], [ 696085.538757876725867, 4484813.429375420324504 ] ] ] } },
{ "type": "Feature", "properties": { }, "geometry": { "type": "Polygon", "coordinates": [ [ [ 696085.708756198408082, 4484813.430130837485194 ], [ 696085.878754519973882, 4484813.430886253714561 ], [ 696085.885960506857373, 4484810.480895054526627 ], [ 696085.715962185291573, 4484810.48013963829726 ], [ 696085.708756198408082, 4484813.430130837485194 ] ] ] } },
{ "type": "Feature", "properties": { }, "geometry": { "type": "Polygon", "coordinates": [ [ [ 696085.878754519973882, 4484813.430886253714561 ], [ 696086.048752841539681, 4484813.431641669943929 ], [ 696086.055958828423172, 4484810.481650470755994 ], [ 696085.885960506857373, 4484810.480895054526627 ], [ 696085.878754519973882, 4484813.430886253714561 ] ] ] } },
{ "type": "Feature", "properties": { }, "geometry": { "type": "Polygon", "coordinates": [ [ [ 696087.038743067299947, 4484813.436040859669447 ], [ 696087.208741388865747, 4484813.436796275898814 ], [ 696087.215947375749238, 4484810.48680507671088 ], [ 696087.045949054183438, 4484810.486049660481513 ], [ 696087.038743067299947, 4484813.436040859669447 ] ] ] } },
{ "type": "Feature", "properties": { }, "geometry": { "type": "Polygon", "coordinates": [ [ [ 696087.208741388982162, 4484813.436796275898814 ], [ 696087.378739710547961, 4484813.437551692128181 ], [ 696087.385945697431453, 4484810.487560492940247 ], [ 696087.215947375865653, 4484810.48680507671088 ], [ 696087.208741388982162, 4484813.436796275898814 ] ] ] } },
{ "type": "Feature", "properties": { }, "geometry": { "type": "Polygon", "coordinates": [ [ [ 696087.378739710547961, 4484813.437551692128181 ], [ 696087.548738032113761, 4484813.438307108357549 ], [ 696087.555944018997252, 4484810.488315909169614 ], [ 696087.385945697431453, 4484810.487560492940247 ], [ 696087.378739710547961, 4484813.437551692128181 ] ] ] } },
{ "type": "Feature", "properties": { }, "geometry": { "type": "Polygon", "coordinates": [ [ [ 696087.548738032113761, 4484813.438307108357549 ], [ 696087.71873635367956, 4484813.439062524586916 ], [ 696087.725942340563051, 4484810.489071325398982 ], [ 696087.555944018997252, 4484810.488315909169614 ], [ 696087.548738032113761, 4484813.438307108357549 ] ] ] } },
{ "type": "Feature", "properties": { }, "geometry": { "type": "Polygon", "coordinates": [ [ [ 696087.71873635367956, 4484813.439062525518239 ], [ 696087.88873467524536, 4484813.439817941747606 ], [ 696087.895940662128851, 4484810.489826742559671 ], [ 696087.725942340563051, 4484810.489071326330304 ], [ 696087.71873635367956, 4484813.439062525518239 ] ] ] } },
{ "type": "Feature", "properties": { }, "geometry": { "type": "Polygon", "coordinates": [ [ [ 696087.888734675361775, 4484813.439817941747606 ], [ 696088.058732996927574, 4484813.440573357976973 ], [ 696088.065938983811066, 4484810.490582158789039 ], [ 696087.895940662245266, 4484810.489826742559671 ], [ 696087.888734675361775, 4484813.439817941747606 ] ] ] } },
{ "type": "Feature", "properties": { }, "geometry": { "type": "Polygon", "coordinates": [ [ [ 696088.058732996927574, 4484813.440573357976973 ], [ 696088.228731318493374, 4484813.44132877420634 ], [ 696088.235937305376865, 4484810.491337575018406 ], [ 696088.065938983811066, 4484810.490582158789039 ], [ 696088.058732996927574, 4484813.440573357976973 ] ] ] } },
{ "type": "Feature", "properties": { }, "geometry": { "type": "Polygon", "coordinates": [ [ [ 696089.21872154425364, 4484813.445727963931859 ], [ 696089.388719865819439, 4484813.446483380161226 ], [ 696089.395925852702931, 4484810.496492180973291 ], [ 696089.225927531137131, 4484810.495736764743924 ], [ 696089.21872154425364, 4484813.445727963931859 ] ] ] } },
{ "type": "Feature", "properties": { }, "geometry": { "type": "Polygon", "coordinates": [ [ [ 696089.388719865935855, 4484813.446483380161226 ], [ 696089.558718187501654, 4484813.447238796390593 ], [ 696089.565924174385145, 4484810.497247597202659 ], [ 696089.395925852819346, 4484810.496492180973291 ], [ 696089.388719865935855, 4484813.446483380161226 ] ] ] } },
{ "type": "Feature", "properties": { }, "geometry": { "type": "Polygon", "coordinates": [ [ [ 696089.558718187501654, 4484813.447238796390593 ], [ 696089.728716509067453, 4484813.44799421261996 ], [ 696089.735922495950945, 4484810.498003013432026 ], [ 696089.565924174385145, 4484810.497247597202659 ], [ 696089.558718187501654, 4484813.447238796390593 ] ] ] } },
{ "type": "Feature", "properties": { }, "geometry": { "type": "Polygon", "coordinates": [ [ [ 696089.728716509067453, 4484813.447994213551283 ], [ 696089.898714830633253, 4484813.44874962978065 ], [ 696089.905920817516744, 4484810.498758430592716 ], [ 696089.735922495950945, 4484810.498003014363348 ], [ 696089.728716509067453, 4484813.447994213551283 ] ] ] } },
{ "type": "Feature", "properties": { }, "geometry": { "type": "Polygon", "coordinates": [ [ [ 696089.898714830633253, 4484813.44874962978065 ], [ 696090.068713152199052, 4484813.449505046010017 ], [ 696090.075919139082544, 4484810.499513846822083 ], [ 696089.905920817516744, 4484810.498758430592716 ], [ 696089.898714830633253, 4484813.44874962978065 ] ] ] } },
{ "type": "Feature", "properties": { }, "geometry": { "type": "Polygon", "coordinates": [ [ [ 696090.068713152315468, 4484813.449505046010017 ], [ 696090.238711473881267, 4484813.450260462239385 ], [ 696090.245917460764758, 4484810.50026926305145 ], [ 696090.075919139198959, 4484810.499513846822083 ], [ 696090.068713152315468, 4484813.449505046010017 ] ] ] } },
{ "type": "Feature", "properties": { }, "geometry": { "type": "Polygon", "coordinates": [ [ [ 696090.238711473881267, 4484813.450260462239385 ], [ 696090.408709795447066, 4484813.451015878468752 ], [ 696090.415915782330558, 4484810.501024679280818 ], [ 696090.245917460764758, 4484810.50026926305145 ], [ 696090.238711473881267, 4484813.450260462239385 ] ] ] } },
{ "type": "Feature", "properties": { }, "geometry": { "type": "Polygon", "coordinates": [ [ [ 696091.398700021207333, 4484813.45541506819427 ], [ 696091.568698342773132, 4484813.456170484423637 ], [ 696091.575904329656623, 4484810.506179285235703 ], [ 696091.405906008090824, 4484810.505423869006336 ], [ 696091.398700021207333, 4484813.45541506819427 ] ] ] } },
{ "type": "Feature", "properties": { }, "geometry": { "type": "Polygon", "coordinates": [ [ [ 696091.568698342889547, 4484813.456170484423637 ], [ 696091.738696664455347, 4484813.456925900653005 ], [ 696091.745902651338838, 4484810.50693470146507 ], [ 696091.575904329773039, 4484810.506179285235703 ], [ 696091.568698342889547, 4484813.456170484423637 ] ] ] } },
{ "type": "Feature", "properties": { }, "geometry": { "type": "Polygon", "coordinates": [ [ [ 696091.738696664455347, 4484813.456925901584327 ], [ 696091.908694986021146, 4484813.457681317813694 ], [ 696091.915900972904637, 4484810.50769011862576 ], [ 696091.745902651338838, 4484810.506934702396393 ], [ 696091.738696664455347, 4484813.456925901584327 ] ] ] } },
{ "type": "Feature", "properties": { }, "geometry": { "type": "Polygon", "coordinates": [ [ [ 696091.908694986021146, 4484813.457681317813694 ], [ 696092.078693307586946, 4484813.458436734043062 ], [ 696092.085899294470437, 4484810.508445534855127 ], [ 696091.915900972904637, 4484810.50769011862576 ], [ 696091.908694986021146, 4484813.457681317813694 ] ] ] } },
{ "type": "Feature", "properties": { }, "geometry": { "type": "Polygon", "coordinates": [ [ [ 696092.078693307586946, 4484813.458436734043062 ], [ 696092.248691629152745, 4484813.459192150272429 ], [ 696092.255897616036236, 4484810.509200951084495 ], [ 696092.085899294470437, 4484810.508445534855127 ], [ 696092.078693307586946, 4484813.458436734043062 ] ] ] } },
{ "type": "Feature", "properties": { }, "geometry": { "type": "Polygon", "coordinates": [ [ [ 696092.24869162926916, 4484813.459192150272429 ], [ 696092.41868995083496, 4484813.459947566501796 ], [ 696092.425895937718451, 4484810.509956367313862 ], [ 696092.255897616152652, 4484810.509200951084495 ], [ 696092.24869162926916, 4484813.459192150272429 ] ] ] } },
{ "type": "Feature", "properties": { }, "geometry": { "type": "Polygon", "coordinates": [ [ [ 696092.41868995083496, 4484813.459947566501796 ], [ 696092.588688272400759, 4484813.460702982731164 ], [ 696092.59589425928425, 4484810.510711783543229 ], [ 696092.425895937718451, 4484810.509956367313862 ], [ 696092.41868995083496, 4484813.459947566501796 ] ] ] } },
{ "type": "Feature", "properties": { }, "geometry": { "type": "Polygon", "coordinates": [ [ [ 696093.578678498161025, 4484813.465102172456682 ], [ 696093.748676819726825, 4484813.465857588686049 ], [ 696093.755882806610316, 4484810.515866389498115 ], [ 696093.585884485044517, 4484810.515110973268747 ], [ 696093.578678498161025, 4484813.465102172456682 ] ] ] } },
{ "type": "Feature", "properties": { }, "geometry": { "type": "Polygon", "coordinates": [ [ [ 696093.74867681984324, 4484813.465857589617372 ], [ 696093.918675141409039, 4484813.466613005846739 ], [ 696093.925881128292531, 4484810.516621806658804 ], [ 696093.755882806726731, 4484810.515866390429437 ], [ 696093.74867681984324, 4484813.465857589617372 ] ] ] } },
{ "type": "Feature", "properties": { }, "geometry": { "type": "Polygon", "coordinates": [ [ [ 696093.918675141409039, 4484813.466613005846739 ], [ 696094.088673462974839, 4484813.467368422076106 ], [ 696094.09587944985833, 4484810.517377222888172 ], [ 696093.925881128292531, 4484810.516621806658804 ], [ 696093.918675141409039, 4484813.466613005846739 ] ] ] } },
{ "type": "Feature", "properties": { }, "geometry": { "type": "Polygon", "coordinates": [ [ [ 696094.088673462974839, 4484813.467368422076106 ], [ 696094.258671784540638, 4484813.468123838305473 ], [ 696094.26587777142413, 4484810.518132639117539 ], [ 696094.09587944985833, 4484810.517377222888172 ], [ 696094.088673462974839, 4484813.467368422076106 ] ] ] } },
{ "type": "Feature", "properties": { }, "geometry": { "type": "Polygon", "coordinates": [ [ [ 696094.258671784657054, 4484813.468123838305473 ], [ 696094.428670106222853, 4484813.468879254534841 ], [ 696094.435876093106344, 4484810.518888055346906 ], [ 696094.265877771540545, 4484810.518132639117539 ], [ 696094.258671784657054, 4484813.468123838305473 ] ] ] } },
{ "type": "Feature", "properties": { }, "geometry": { "type": "Polygon", "coordinates": [ [ [ 696094.428670106222853, 4484813.468879254534841 ], [ 696094.598668427788652, 4484813.469634670764208 ], [ 696094.605874414672144, 4484810.519643471576273 ], [ 696094.435876093106344, 4484810.518888055346906 ], [ 696094.428670106222853, 4484813.468879254534841 ] ] ] } },
{ "type": "Feature", "properties": { }, "geometry": { "type": "Polygon", "coordinates": [ [ [ 696094.598668427788652, 4484813.469634670764208 ], [ 696094.768666749354452, 4484813.470390086993575 ], [ 696094.775872736237943, 4484810.520398887805641 ], [ 696094.605874414672144, 4484810.519643471576273 ], [ 696094.598668427788652, 4484813.469634670764208 ] ] ] } },
{ "type": "Feature", "properties": { }, "geometry": { "type": "Polygon", "coordinates": [ [ [ 696095.758656975114718, 4484813.474789276719093 ], [ 696095.928655296680517, 4484813.475544692948461 ], [ 696095.935861283564009, 4484810.525553493760526 ], [ 696095.765862961998209, 4484810.524798077531159 ], [ 696095.758656975114718, 4484813.474789276719093 ] ] ] } },
{ "type": "Feature", "properties": { }, "geometry": { "type": "Polygon", "coordinates": [ [ [ 696095.928655296796933, 4484813.475544693879783 ], [ 696096.098653618362732, 4484813.47630011010915 ], [ 696096.105859605246224, 4484810.526308910921216 ], [ 696095.935861283680424, 4484810.525553494691849 ], [ 696095.928655296796933, 4484813.475544693879783 ] ] ] } },
{ "type": "Feature", "properties": { }, "geometry": { "type": "Polygon", "coordinates": [ [ [ 696096.098653618362732, 4484813.47630011010915 ], [ 696096.268651939928532, 4484813.477055526338518 ], [ 696096.275857926812023, 4484810.527064327150583 ], [ 696096.105859605246224, 4484810.526308910921216 ], [ 696096.098653618362732, 4484813.47630011010915 ] ] ] } },
{ "type": "Feature", "properties": { }, "geometry": { "type": "Polygon", "coordinates": [ [ [ 696096.268651939928532, 4484813.477055526338518 ], [ 696096.438650261494331, 4484813.477810942567885 ], [ 696096.445856248377822, 4484810.527819743379951 ], [ 696096.275857926812023, 4484810.527064327150583 ], [ 696096.268651939928532, 4484813.477055526338518 ] ] ] } },
{ "type": "Feature", "properties": { }, "geometry": { "type": "Polygon", "coordinates": [ [ [ 696096.438650261610746, 4484813.477810942567885 ], [ 696096.608648583176546, 4484813.478566358797252 ], [ 696096.615854570060037, 4484810.528575159609318 ], [ 696096.445856248494238, 4484810.527819743379951 ], [ 696096.438650261610746, 4484813.477810942567885 ] ] ] } },
{ "type": "Feature", "properties": { }, "geometry": { "type": "Polygon", "coordinates": [ [ [ 696096.608648583176546, 4484813.478566358797252 ], [ 696096.778646904742345, 4484813.479321775026619 ], [ 696096.785852891625836, 4484810.529330575838685 ], [ 696096.615854570060037, 4484810.528575159609318 ], [ 696096.608648583176546, 4484813.478566358797252 ] ] ] } },
{ "type": "Feature", "properties": { }, "geometry": { "type": "Polygon", "coordinates": [ [ [ 696096.778646904742345, 4484813.479321775957942 ], [ 696096.948645226308145, 4484813.480077192187309 ], [ 696096.955851213191636, 4484810.530085992999375 ], [ 696096.785852891625836, 4484810.529330576770008 ], [ 696096.778646904742345, 4484813.479321775957942 ] ] ] } },
{ "type": "Feature", "properties": { }, "geometry": { "type": "Polygon", "coordinates": [ [ [ 696076.149525313870981, 4484809.017618375830352 ], [ 696076.319523635436781, 4484809.01837379205972 ], [ 696076.326729622320272, 4484806.068382592871785 ], [ 696076.156731300754473, 4484806.067627176642418 ], [ 696076.149525313870981, 4484809.017618375830352 ] ] ] } },
{ "type": "Feature", "properties": { }, "geometry": { "type": "Polygon", "coordinates": [ [ [ 696076.319523635436781, 4484809.01837379205972 ], [ 696076.48952195700258, 4484809.019129208289087 ], [ 696076.496727943886071, 4484806.069138009101152 ], [ 696076.326729622320272, 4484806.068382592871785 ], [ 696076.319523635436781, 4484809.01837379205972 ] ] ] } },
{ "type": "Feature", "properties": { }, "geometry": { "type": "Polygon", "coordinates": [ [ [ 696076.489521957118995, 4484809.019129208289087 ], [ 696076.659520278684795, 4484809.019884624518454 ], [ 696076.666726265568286, 4484806.06989342533052 ], [ 696076.496727944002487, 4484806.069138009101152 ], [ 696076.489521957118995, 4484809.019129208289087 ] ] ] } },
{ "type": "Feature", "properties": { }, "geometry": { "type": "Polygon", "coordinates": [ [ [ 696076.659520278684795, 4484809.019884625449777 ], [ 696076.829518600250594, 4484809.020640041679144 ], [ 696076.836724587134086, 4484806.07064884249121 ], [ 696076.666726265568286, 4484806.069893426261842 ], [ 696076.659520278684795, 4484809.019884625449777 ] ] ] } },
{ "type": "Feature", "properties": { }, "geometry": { "type": "Polygon", "coordinates": [ [ [ 696076.829518600250594, 4484809.020640041679144 ], [ 696076.999516921816394, 4484809.021395457908511 ], [ 696077.006722908699885, 4484806.071404258720577 ], [ 696076.836724587134086, 4484806.07064884249121 ], [ 696076.829518600250594, 4484809.020640041679144 ] ] ] } },
{ "type": "Feature", "properties": { }, "geometry": { "type": "Polygon", "coordinates": [ [ [ 696076.999516921816394, 4484809.021395457908511 ], [ 696077.169515243382193, 4484809.022150874137878 ], [ 696077.176721230265684, 4484806.072159674949944 ], [ 696077.006722908699885, 4484806.071404258720577 ], [ 696076.999516921816394, 4484809.021395457908511 ] ] ] } },
{ "type": "Feature", "properties": { }, "geometry": { "type": "Polygon", "coordinates": [ [ [ 696077.169515243498608, 4484809.022150874137878 ], [ 696077.339513565064408, 4484809.022906290367246 ], [ 696077.346719551947899, 4484806.072915091179311 ], [ 696077.1767212303821, 4484806.072159674949944 ], [ 696077.169515243498608, 4484809.022150874137878 ] ] ] } },
{ "type": "Feature", "properties": { }, "geometry": { "type": "Polygon", "coordinates": [ [ [ 696078.329503790824674, 4484809.027305480092764 ], [ 696078.499502112390473, 4484809.028060896322131 ], [ 696078.506708099273965, 4484806.078069697134197 ], [ 696078.336709777708165, 4484806.07731428090483 ], [ 696078.329503790824674, 4484809.027305480092764 ] ] ] } },
{ "type": "Feature", "properties": { }, "geometry": { "type": "Polygon", "coordinates": [ [ [ 696078.499502112390473, 4484809.028060896322131 ], [ 696078.669500433956273, 4484809.028816312551498 ], [ 696078.676706420839764, 4484806.078825113363564 ], [ 696078.506708099273965, 4484806.078069697134197 ], [ 696078.499502112390473, 4484809.028060896322131 ] ] ] } },
{ "type": "Feature", "properties": { }, "geometry": { "type": "Polygon", "coordinates": [ [ [ 696078.669500434072688, 4484809.028816313482821 ], [ 696078.839498755638488, 4484809.029571729712188 ], [ 696078.846704742521979, 4484806.079580530524254 ], [ 696078.676706420956179, 4484806.078825114294887 ], [ 696078.669500434072688, 4484809.028816313482821 ] ] ] } },
{ "type": "Feature", "properties": { }, "geometry": { "type": "Polygon", "coordinates": [ [ [ 696078.839498755638488, 4484809.029571729712188 ], [ 696079.009497077204287, 4484809.030327145941556 ], [ 696079.016703064087778, 4484806.080335946753621 ], [ 696078.846704742521979, 4484806.079580530524254 ], [ 696078.839498755638488, 4484809.029571729712188 ] ] ] } },
{ "type": "Feature", "properties": { }, "geometry": { "type": "Polygon", "coordinates": [ [ [ 696079.009497077204287, 4484809.030327145941556 ], [ 696079.179495398770086, 4484809.031082562170923 ], [ 696079.186701385653578, 4484806.081091362982988 ], [ 696079.016703064087778, 4484806.080335946753621 ], [ 696079.009497077204287, 4484809.030327145941556 ] ] ] } },
{ "type": "Feature", "properties": { }, "geometry": { "type": "Polygon", "coordinates": [ [ [ 696079.179495398770086, 4484809.031082562170923 ], [ 696079.349493720335886, 4484809.03183797840029 ], [ 696079.356699707219377, 4484806.081846779212356 ], [ 696079.186701385653578, 4484806.081091362982988 ], [ 696079.179495398770086, 4484809.031082562170923 ] ] ] } },
{ "type": "Feature", "properties": { }, "geometry": { "type": "Polygon", "coordinates": [ [ [ 696079.349493720452301, 4484809.03183797840029 ], [ 696079.519492042018101, 4484809.032593394629657 ], [ 696079.526698028901592, 4484806.082602195441723 ], [ 696079.356699707335792, 4484806.081846779212356 ], [ 696079.349493720452301, 4484809.03183797840029 ] ] ] } },
{ "type": "Feature", "properties": { }, "geometry": { "type": "Polygon", "coordinates": [ [ [ 696080.509482267778367, 4484809.036992584355175 ], [ 696080.679480589344166, 4484809.037748000584543 ], [ 696080.686686576227657, 4484806.087756801396608 ], [ 696080.516688254661858, 4484806.087001385167241 ], [ 696080.509482267778367, 4484809.036992584355175 ] ] ] } },
{ "type": "Feature", "properties": { }, "geometry": { "type": "Polygon", "coordinates": [ [ [ 696080.679480589344166, 4484809.037748001515865 ], [ 696080.849478910909966, 4484809.038503417745233 ], [ 696080.856684897793457, 4484806.088512218557298 ], [ 696080.686686576227657, 4484806.087756802327931 ], [ 696080.679480589344166, 4484809.037748001515865 ] ] ] } },
{ "type": "Feature", "properties": { }, "geometry": { "type": "Polygon", "coordinates": [ [ [ 696080.849478911026381, 4484809.038503417745233 ], [ 696081.01947723259218, 4484809.0392588339746 ], [ 696081.026683219475672, 4484806.089267634786665 ], [ 696080.856684897909872, 4484806.088512218557298 ], [ 696080.849478911026381, 4484809.038503417745233 ] ] ] } },
{ "type": "Feature", "properties": { }, "geometry": { "type": "Polygon", "coordinates": [ [ [ 696081.01947723259218, 4484809.0392588339746 ], [ 696081.18947555415798, 4484809.040014250203967 ], [ 696081.196681541041471, 4484806.090023051016033 ], [ 696081.026683219475672, 4484806.089267634786665 ], [ 696081.01947723259218, 4484809.0392588339746 ] ] ] } },
{ "type": "Feature", "properties": { }, "geometry": { "type": "Polygon", "coordinates": [ [ [ 696081.18947555415798, 4484809.040014250203967 ], [ 696081.359473875723779, 4484809.040769666433334 ], [ 696081.36667986260727, 4484806.0907784672454 ], [ 696081.196681541041471, 4484806.090023051016033 ], [ 696081.18947555415798, 4484809.040014250203967 ] ] ] } },
{ "type": "Feature", "properties": { }, "geometry": { "type": "Polygon", "coordinates": [ [ [ 696081.359473875723779, 4484809.040769666433334 ], [ 696081.529472197289579, 4484809.041525082662702 ], [ 696081.53667818417307, 4484806.091533883474767 ], [ 696081.36667986260727, 4484806.0907784672454 ], [ 696081.359473875723779, 4484809.040769666433334 ] ] ] } },
{ "type": "Feature", "properties": { }, "geometry": { "type": "Polygon", "coordinates": [ [ [ 696081.529472197405994, 4484809.041525082662702 ], [ 696081.699470518971793, 4484809.042280498892069 ], [ 696081.706676505855285, 4484806.092289299704134 ], [ 696081.536678184289485, 4484806.091533883474767 ], [ 696081.529472197405994, 4484809.041525082662702 ] ] ] } },
{ "type": "Feature", "properties": { }, "geometry": { "type": "Polygon", "coordinates": [ [ [ 696082.68946074473206, 4484809.046679688617587 ], [ 696082.859459066297859, 4484809.047435104846954 ], [ 696082.86666505318135, 4484806.09744390565902 ], [ 696082.696666731615551, 4484806.096688489429653 ], [ 696082.68946074473206, 4484809.046679688617587 ] ] ] } },
{ "type": "Feature", "properties": { }, "geometry": { "type": "Polygon", "coordinates": [ [ [ 696082.859459066297859, 4484809.047435105778277 ], [ 696083.029457387863658, 4484809.048190522007644 ], [ 696083.03666337474715, 4484806.09819932281971 ], [ 696082.86666505318135, 4484806.097443906590343 ], [ 696082.859459066297859, 4484809.047435105778277 ] ] ] } },
{ "type": "Feature", "properties": { }, "geometry": { "type": "Polygon", "coordinates": [ [ [ 696083.029457387980074, 4484809.048190522007644 ], [ 696083.199455709545873, 4484809.048945938237011 ], [ 696083.206661696429364, 4484806.098954739049077 ], [ 696083.036663374863565, 4484806.09819932281971 ], [ 696083.029457387980074, 4484809.048190522007644 ] ] ] } },
{ "type": "Feature", "properties": { }, "geometry": { "type": "Polygon", "coordinates": [ [ [ 696083.199455709545873, 4484809.048945938237011 ], [ 696083.369454031111673, 4484809.049701354466379 ], [ 696083.376660017995164, 4484806.099710155278444 ], [ 696083.206661696429364, 4484806.098954739049077 ], [ 696083.199455709545873, 4484809.048945938237011 ] ] ] } },
{ "type": "Feature", "properties": { }, "geometry": { "type": "Polygon", "coordinates": [ [ [ 696083.369454031111673, 4484809.049701354466379 ], [ 696083.539452352677472, 4484809.050456770695746 ], [ 696083.546658339560963, 4484806.100465571507812 ], [ 696083.376660017995164, 4484806.099710155278444 ], [ 696083.369454031111673, 4484809.049701354466379 ] ] ] } },
{ "type": "Feature", "properties": { }, "geometry": { "type": "Polygon", "coordinates": [ [ [ 696083.539452352793887, 4484809.050456770695746 ], [ 696083.709450674359687, 4484809.051212186925113 ], [ 696083.716656661243178, 4484806.101220987737179 ], [ 696083.546658339677379, 4484806.100465571507812 ], [ 696083.539452352793887, 4484809.050456770695746 ] ] ] } },
{ "type": "Feature", "properties": { }, "geometry": { "type": "Polygon", "coordinates": [ [ [ 696083.709450674359687, 4484809.051212187856436 ], [ 696083.879448995925486, 4484809.051967604085803 ], [ 696083.886654982808977, 4484806.101976404897869 ], [ 696083.716656661243178, 4484806.101220988668501 ], [ 696083.709450674359687, 4484809.051212187856436 ] ] ] } },
{ "type": "Feature", "properties": { }, "geometry": { "type": "Polygon", "coordinates": [ [ [ 696084.869439221685752, 4484809.056366793811321 ], [ 696085.039437543251552, 4484809.057122210040689 ], [ 696085.046643530135043, 4484806.107131010852754 ], [ 696084.876645208569244, 4484806.106375594623387 ], [ 696084.869439221685752, 4484809.056366793811321 ] ] ] } },
{ "type": "Feature", "properties": { }, "geometry": { "type": "Polygon", "coordinates": [ [ [ 696085.039437543251552, 4484809.057122210040689 ], [ 696085.209435864817351, 4484809.057877626270056 ], [ 696085.216641851700842, 4484806.107886427082121 ], [ 696085.046643530135043, 4484806.107131010852754 ], [ 696085.039437543251552, 4484809.057122210040689 ] ] ] } },
{ "type": "Feature", "properties": { }, "geometry": { "type": "Polygon", "coordinates": [ [ [ 696085.209435864933766, 4484809.057877626270056 ], [ 696085.379434186499566, 4484809.058633042499423 ], [ 696085.386640173383057, 4484806.108641843311489 ], [ 696085.216641851817258, 4484806.107886427082121 ], [ 696085.209435864933766, 4484809.057877626270056 ] ] ] } },
{ "type": "Feature", "properties": { }, "geometry": { "type": "Polygon", "coordinates": [ [ [ 696085.379434186499566, 4484809.058633042499423 ], [ 696085.549432508065365, 4484809.05938845872879 ], [ 696085.556638494948857, 4484806.109397259540856 ], [ 696085.386640173383057, 4484806.108641843311489 ], [ 696085.379434186499566, 4484809.058633042499423 ] ] ] } },
{ "type": "Feature", "properties": { }, "geometry": { "type": "Polygon", "coordinates": [ [ [ 696085.549432508065365, 4484809.05938845872879 ], [ 696085.719430829631165, 4484809.060143874958158 ], [ 696085.726636816514656, 4484806.110152675770223 ], [ 696085.556638494948857, 4484806.109397259540856 ], [ 696085.549432508065365, 4484809.05938845872879 ] ] ] } },
{ "type": "Feature", "properties": { }, "geometry": { "type": "Polygon", "coordinates": [ [ [ 696085.71943082974758, 4484809.06014387588948 ], [ 696085.889429151313379, 4484809.060899292118847 ], [ 696085.896635138196871, 4484806.110908092930913 ], [ 696085.726636816631071, 4484806.110152676701546 ], [ 696085.71943082974758, 4484809.06014387588948 ] ] ] } },
{ "type": "Feature", "properties": { }, "geometry": { "type": "Polygon", "coordinates": [ [ [ 696085.889429151313379, 4484809.060899292118847 ], [ 696086.059427472879179, 4484809.061654708348215 ], [ 696086.06663345976267, 4484806.11166350916028 ], [ 696085.896635138196871, 4484806.110908092930913 ], [ 696085.889429151313379, 4484809.060899292118847 ] ] ] } },
{ "type": "Feature", "properties": { }, "geometry": { "type": "Polygon", "coordinates": [ [ [ 696087.049417698639445, 4484809.066053898073733 ], [ 696087.219416020205244, 4484809.0668093143031 ], [ 696087.226622007088736, 4484806.116818115115166 ], [ 696087.056623685522936, 4484806.116062698885798 ], [ 696087.049417698639445, 4484809.066053898073733 ] ] ] } },
{ "type": "Feature", "properties": { }, "geometry": { "type": "Polygon", "coordinates": [ [ [ 696087.21941602032166, 4484809.0668093143031 ], [ 696087.389414341887459, 4484809.067564730532467 ], [ 696087.39662032877095, 4484806.117573531344533 ], [ 696087.226622007205151, 4484806.116818115115166 ], [ 696087.21941602032166, 4484809.0668093143031 ] ] ] } },
{ "type": "Feature", "properties": { }, "geometry": { "type": "Polygon", "coordinates": [ [ [ 696087.389414341887459, 4484809.067564730532467 ], [ 696087.559412663453259, 4484809.068320146761835 ], [ 696087.56661865033675, 4484806.1183289475739 ], [ 696087.39662032877095, 4484806.117573531344533 ], [ 696087.389414341887459, 4484809.067564730532467 ] ] ] } },
{ "type": "Feature", "properties": { }, "geometry": { "type": "Polygon", "coordinates": [ [ [ 696087.559412663453259, 4484809.068320146761835 ], [ 696087.729410985019058, 4484809.069075562991202 ], [ 696087.736616971902549, 4484806.119084363803267 ], [ 696087.56661865033675, 4484806.1183289475739 ], [ 696087.559412663453259, 4484809.068320146761835 ] ] ] } },
{ "type": "Feature", "properties": { }, "geometry": { "type": "Polygon", "coordinates": [ [ [ 696087.729410985019058, 4484809.069075563922524 ], [ 696087.899409306584857, 4484809.069830980151892 ], [ 696087.906615293468349, 4484806.119839780963957 ], [ 696087.736616971902549, 4484806.11908436473459 ], [ 696087.729410985019058, 4484809.069075563922524 ] ] ] } },
{ "type": "Feature", "properties": { }, "geometry": { "type": "Polygon", "coordinates": [ [ [ 696087.899409306701273, 4484809.069830980151892 ], [ 696088.069407628267072, 4484809.070586396381259 ], [ 696088.076613615150563, 4484806.120595197193325 ], [ 696087.906615293584764, 4484806.119839780963957 ], [ 696087.899409306701273, 4484809.069830980151892 ] ] ] } },
{ "type": "Feature", "properties": { }, "geometry": { "type": "Polygon", "coordinates": [ [ [ 696088.069407628267072, 4484809.070586396381259 ], [ 696088.239405949832872, 4484809.071341812610626 ], [ 696088.246611936716363, 4484806.121350613422692 ], [ 696088.076613615150563, 4484806.120595197193325 ], [ 696088.069407628267072, 4484809.070586396381259 ] ] ] } },
{ "type": "Feature", "properties": { }, "geometry": { "type": "Polygon", "coordinates": [ [ [ 696089.229396175593138, 4484809.075741002336144 ], [ 696089.399394497158937, 4484809.076496418565512 ], [ 696089.406600484042428, 4484806.126505219377577 ], [ 696089.236602162476629, 4484806.12574980314821 ], [ 696089.229396175593138, 4484809.075741002336144 ] ] ] } },
{ "type": "Feature", "properties": { }, "geometry": { "type": "Polygon", "coordinates": [ [ [ 696089.399394497275352, 4484809.076496418565512 ], [ 696089.569392818841152, 4484809.077251834794879 ], [ 696089.576598805724643, 4484806.127260635606945 ], [ 696089.406600484158844, 4484806.126505219377577 ], [ 696089.399394497275352, 4484809.076496418565512 ] ] ] } },
{ "type": "Feature", "properties": { }, "geometry": { "type": "Polygon", "coordinates": [ [ [ 696089.569392818841152, 4484809.077251834794879 ], [ 696089.739391140406951, 4484809.078007251024246 ], [ 696089.746597127290443, 4484806.128016051836312 ], [ 696089.576598805724643, 4484806.127260635606945 ], [ 696089.569392818841152, 4484809.077251834794879 ] ] ] } },
{ "type": "Feature", "properties": { }, "geometry": { "type": "Polygon", "coordinates": [ [ [ 696089.739391140406951, 4484809.078007251955569 ], [ 696089.909389461972751, 4484809.078762668184936 ], [ 696089.916595448856242, 4484806.128771468997002 ], [ 696089.746597127290443, 4484806.128016052767634 ], [ 696089.739391140406951, 4484809.078007251955569 ] ] ] } },
{ "type": "Feature", "properties": { }, "geometry": { "type": "Polygon", "coordinates": [ [ [ 696089.909389461972751, 4484809.078762668184936 ], [ 696090.07938778353855, 4484809.079518084414303 ], [ 696090.086593770422041, 4484806.129526885226369 ], [ 696089.916595448856242, 4484806.128771468997002 ], [ 696089.909389461972751, 4484809.078762668184936 ] ] ] } },
{ "type": "Feature", "properties": { }, "geometry": { "type": "Polygon", "coordinates": [ [ [ 696090.079387783654965, 4484809.079518084414303 ], [ 696090.249386105220765, 4484809.080273500643671 ], [ 696090.256592092104256, 4484806.130282301455736 ], [ 696090.086593770538457, 4484806.129526885226369 ], [ 696090.079387783654965, 4484809.079518084414303 ] ] ] } },
{ "type": "Feature", "properties": { }, "geometry": { "type": "Polygon", "coordinates": [ [ [ 696090.249386105220765, 4484809.080273500643671 ], [ 696090.419384426786564, 4484809.081028916873038 ], [ 696090.426590413670056, 4484806.131037717685103 ], [ 696090.256592092104256, 4484806.130282301455736 ], [ 696090.249386105220765, 4484809.080273500643671 ] ] ] } },
{ "type": "Feature", "properties": { }, "geometry": { "type": "Polygon", "coordinates": [ [ [ 696091.40937465254683, 4484809.085428106598556 ], [ 696091.57937297411263, 4484809.086183522827923 ], [ 696091.586578960996121, 4484806.136192323639989 ], [ 696091.416580639430322, 4484806.135436907410622 ], [ 696091.40937465254683, 4484809.085428106598556 ] ] ] } },
{ "type": "Feature", "properties": { }, "geometry": { "type": "Polygon", "coordinates": [ [ [ 696091.579372974229045, 4484809.086183522827923 ], [ 696091.749371295794845, 4484809.086938939057291 ], [ 696091.756577282678336, 4484806.136947739869356 ], [ 696091.586578961112536, 4484806.136192323639989 ], [ 696091.579372974229045, 4484809.086183522827923 ] ] ] } },
{ "type": "Feature", "properties": { }, "geometry": { "type": "Polygon", "coordinates": [ [ [ 696091.749371295794845, 4484809.086938939988613 ], [ 696091.919369617360644, 4484809.08769435621798 ], [ 696091.926575604244135, 4484806.137703157030046 ], [ 696091.756577282678336, 4484806.136947740800679 ], [ 696091.749371295794845, 4484809.086938939988613 ] ] ] } },
{ "type": "Feature", "properties": { }, "geometry": { "type": "Polygon", "coordinates": [ [ [ 696091.919369617360644, 4484809.08769435621798 ], [ 696092.089367938926443, 4484809.088449772447348 ], [ 696092.096573925809935, 4484806.138458573259413 ], [ 696091.926575604244135, 4484806.137703157030046 ], [ 696091.919369617360644, 4484809.08769435621798 ] ] ] } },
{ "type": "Feature", "properties": { }, "geometry": { "type": "Polygon", "coordinates": [ [ [ 696092.089367938926443, 4484809.088449772447348 ], [ 696092.259366260492243, 4484809.089205188676715 ], [ 696092.266572247375734, 4484806.13921398948878 ], [ 696092.096573925809935, 4484806.138458573259413 ], [ 696092.089367938926443, 4484809.088449772447348 ] ] ] } },
{ "type": "Feature", "properties": { }, "geometry": { "type": "Polygon", "coordinates": [ [ [ 696092.259366260608658, 4484809.089205188676715 ], [ 696092.429364582174458, 4484809.089960604906082 ], [ 696092.436570569057949, 4484806.139969405718148 ], [ 696092.266572247492149, 4484806.13921398948878 ], [ 696092.259366260608658, 4484809.089205188676715 ] ] ] } },
{ "type": "Feature", "properties": { }, "geometry": { "type": "Polygon", "coordinates": [ [ [ 696092.429364582174458, 4484809.089960604906082 ], [ 696092.599362903740257, 4484809.090716021135449 ], [ 696092.606568890623748, 4484806.140724821947515 ], [ 696092.436570569057949, 4484806.139969405718148 ], [ 696092.429364582174458, 4484809.089960604906082 ] ] ] } },
{ "type": "Feature", "properties": { }, "geometry": { "type": "Polygon", "coordinates": [ [ [ 696093.589353129500523, 4484809.095115210860968 ], [ 696093.759351451066323, 4484809.095870627090335 ], [ 696093.766557437949814, 4484806.1458794279024 ], [ 696093.596559116384014, 4484806.145124011673033 ], [ 696093.589353129500523, 4484809.095115210860968 ] ] ] } },
{ "type": "Feature", "properties": { }, "geometry": { "type": "Polygon", "coordinates": [ [ [ 696093.759351451182738, 4484809.095870628021657 ], [ 696093.929349772748537, 4484809.096626044251025 ], [ 696093.936555759632029, 4484806.14663484506309 ], [ 696093.766557438066229, 4484806.145879428833723 ], [ 696093.759351451182738, 4484809.095870628021657 ] ] ] } },
{ "type": "Feature", "properties": { }, "geometry": { "type": "Polygon", "coordinates": [ [ [ 696093.929349772748537, 4484809.096626044251025 ], [ 696094.099348094314337, 4484809.097381460480392 ], [ 696094.106554081197828, 4484806.147390261292458 ], [ 696093.936555759632029, 4484806.14663484506309 ], [ 696093.929349772748537, 4484809.096626044251025 ] ] ] } },
{ "type": "Feature", "properties": { }, "geometry": { "type": "Polygon", "coordinates": [ [ [ 696094.099348094314337, 4484809.097381460480392 ], [ 696094.269346415880136, 4484809.098136876709759 ], [ 696094.276552402763627, 4484806.148145677521825 ], [ 696094.106554081197828, 4484806.147390261292458 ], [ 696094.099348094314337, 4484809.097381460480392 ] ] ] } },
{ "type": "Feature", "properties": { }, "geometry": { "type": "Polygon", "coordinates": [ [ [ 696094.269346415996552, 4484809.098136876709759 ], [ 696094.439344737562351, 4484809.098892292939126 ], [ 696094.446550724445842, 4484806.148901093751192 ], [ 696094.276552402880043, 4484806.148145677521825 ], [ 696094.269346415996552, 4484809.098136876709759 ] ] ] } },
{ "type": "Feature", "properties": { }, "geometry": { "type": "Polygon", "coordinates": [ [ [ 696094.439344737562351, 4484809.098892292939126 ], [ 696094.60934305912815, 4484809.099647709168494 ], [ 696094.616549046011642, 4484806.149656509980559 ], [ 696094.446550724445842, 4484806.148901093751192 ], [ 696094.439344737562351, 4484809.098892292939126 ] ] ] } },
{ "type": "Feature", "properties": { }, "geometry": { "type": "Polygon", "coordinates": [ [ [ 696094.60934305912815, 4484809.099647709168494 ], [ 696094.77934138069395, 4484809.100403125397861 ], [ 696094.786547367577441, 4484806.150411926209927 ], [ 696094.616549046011642, 4484806.149656509980559 ], [ 696094.60934305912815, 4484809.099647709168494 ] ] ] } },
{ "type": "Feature", "properties": { }, "geometry": { "type": "Polygon", "coordinates": [ [ [ 696095.769331606454216, 4484809.104802315123379 ], [ 696095.939329928020015, 4484809.105557731352746 ], [ 696095.946535914903507, 4484806.155566532164812 ], [ 696095.776537593337707, 4484806.154811115935445 ], [ 696095.769331606454216, 4484809.104802315123379 ] ] ] } },
{ "type": "Feature", "properties": { }, "geometry": { "type": "Polygon", "coordinates": [ [ [ 696095.939329928136431, 4484809.105557732284069 ], [ 696096.10932824970223, 4484809.106313148513436 ], [ 696096.116534236585721, 4484806.156321949325502 ], [ 696095.946535915019922, 4484806.155566533096135 ], [ 696095.939329928136431, 4484809.105557732284069 ] ] ] } },
{ "type": "Feature", "properties": { }, "geometry": { "type": "Polygon", "coordinates": [ [ [ 696096.10932824970223, 4484809.106313148513436 ], [ 696096.27932657126803, 4484809.107068564742804 ], [ 696096.286532558151521, 4484806.157077365554869 ], [ 696096.116534236585721, 4484806.156321949325502 ], [ 696096.10932824970223, 4484809.106313148513436 ] ] ] } },
{ "type": "Feature", "properties": { }, "geometry": { "type": "Polygon", "coordinates": [ [ [ 696096.27932657126803, 4484809.107068564742804 ], [ 696096.449324892833829, 4484809.107823980972171 ], [ 696096.45653087971732, 4484806.157832781784236 ], [ 696096.286532558151521, 4484806.157077365554869 ], [ 696096.27932657126803, 4484809.107068564742804 ] ] ] } },
{ "type": "Feature", "properties": { }, "geometry": { "type": "Polygon", "coordinates": [ [ [ 696096.449324892950244, 4484809.107823980972171 ], [ 696096.619323214516044, 4484809.108579397201538 ], [ 696096.626529201399535, 4484806.158588198013604 ], [ 696096.456530879833736, 4484806.157832781784236 ], [ 696096.449324892950244, 4484809.107823980972171 ] ] ] } },
{ "type": "Feature", "properties": { }, "geometry": { "type": "Polygon", "coordinates": [ [ [ 696096.619323214516044, 4484809.108579397201538 ], [ 696096.789321536081843, 4484809.109334813430905 ], [ 696096.796527522965334, 4484806.159343614242971 ], [ 696096.626529201399535, 4484806.158588198013604 ], [ 696096.619323214516044, 4484809.108579397201538 ] ] ] } },
{ "type": "Feature", "properties": { }, "geometry": { "type": "Polygon", "coordinates": [ [ [ 696096.789321536081843, 4484809.109334814362228 ], [ 696096.959319857647642, 4484809.110090230591595 ], [ 696096.966525844531134, 4484806.160099031403661 ], [ 696096.796527522965334, 4484806.159343615174294 ], [ 696096.789321536081843, 4484809.109334814362228 ] ] ] } },
{ "type": "Feature", "properties": { }, "geometry": { "type": "Polygon", "coordinates": [ [ [ 696076.160199945326895, 4484804.647631413303316 ], [ 696076.330198266892694, 4484804.648386829532683 ], [ 696076.337404253776185, 4484801.698395630344748 ], [ 696076.167405932210386, 4484801.697640214115381 ], [ 696076.160199945326895, 4484804.647631413303316 ] ] ] } },
{ "type": "Feature", "properties": { }, "geometry": { "type": "Polygon", "coordinates": [ [ [ 696076.330198266892694, 4484804.648386829532683 ], [ 696076.500196588458493, 4484804.64914224576205 ], [ 696076.507402575341985, 4484801.699151046574116 ], [ 696076.337404253776185, 4484801.698395630344748 ], [ 696076.330198266892694, 4484804.648386829532683 ] ] ] } },
{ "type": "Feature", "properties": { }, "geometry": { "type": "Polygon", "coordinates": [ [ [ 696076.500196588574909, 4484804.64914224576205 ], [ 696076.670194910140708, 4484804.649897661991417 ], [ 696076.677400897024199, 4484801.699906462803483 ], [ 696076.5074025754584, 4484801.699151046574116 ], [ 696076.500196588574909, 4484804.64914224576205 ] ] ] } },
{ "type": "Feature", "properties": { }, "geometry": { "type": "Polygon", "coordinates": [ [ [ 696076.670194910140708, 4484804.64989766292274 ], [ 696076.840193231706508, 4484804.650653079152107 ], [ 696076.847399218589999, 4484801.700661879964173 ], [ 696076.677400897024199, 4484801.699906463734806 ], [ 696076.670194910140708, 4484804.64989766292274 ] ] ] } },
{ "type": "Feature", "properties": { }, "geometry": { "type": "Polygon", "coordinates": [ [ [ 696076.840193231706508, 4484804.650653079152107 ], [ 696077.010191553272307, 4484804.651408495381474 ], [ 696077.017397540155798, 4484801.70141729619354 ], [ 696076.847399218589999, 4484801.700661879964173 ], [ 696076.840193231706508, 4484804.650653079152107 ] ] ] } },
{ "type": "Feature", "properties": { }, "geometry": { "type": "Polygon", "coordinates": [ [ [ 696077.010191553272307, 4484804.651408495381474 ], [ 696077.180189874838106, 4484804.652163911610842 ], [ 696077.187395861721598, 4484801.702172712422907 ], [ 696077.017397540155798, 4484801.70141729619354 ], [ 696077.010191553272307, 4484804.651408495381474 ] ] ] } },
{ "type": "Feature", "properties": { }, "geometry": { "type": "Polygon", "coordinates": [ [ [ 696077.180189874954522, 4484804.652163911610842 ], [ 696077.350188196520321, 4484804.652919327840209 ], [ 696077.357394183403812, 4484801.702928128652275 ], [ 696077.187395861838013, 4484801.702172712422907 ], [ 696077.180189874954522, 4484804.652163911610842 ] ] ] } },
{ "type": "Feature", "properties": { }, "geometry": { "type": "Polygon", "coordinates": [ [ [ 696078.340178422280587, 4484804.657318517565727 ], [ 696078.510176743846387, 4484804.658073933795094 ], [ 696078.517382730729878, 4484801.70808273460716 ], [ 696078.347384409164079, 4484801.707327318377793 ], [ 696078.340178422280587, 4484804.657318517565727 ] ] ] } },
{ "type": "Feature", "properties": { }, "geometry": { "type": "Polygon", "coordinates": [ [ [ 696078.510176743846387, 4484804.658073933795094 ], [ 696078.680175065412186, 4484804.658829350024462 ], [ 696078.687381052295677, 4484801.708838150836527 ], [ 696078.517382730729878, 4484801.70808273460716 ], [ 696078.510176743846387, 4484804.658073933795094 ] ] ] } },
{ "type": "Feature", "properties": { }, "geometry": { "type": "Polygon", "coordinates": [ [ [ 696078.680175065528601, 4484804.658829350955784 ], [ 696078.850173387094401, 4484804.659584767185152 ], [ 696078.857379373977892, 4484801.709593567997217 ], [ 696078.687381052412093, 4484801.70883815176785 ], [ 696078.680175065528601, 4484804.658829350955784 ] ] ] } },
{ "type": "Feature", "properties": { }, "geometry": { "type": "Polygon", "coordinates": [ [ [ 696078.850173387094401, 4484804.659584767185152 ], [ 696079.0201717086602, 4484804.660340183414519 ], [ 696079.027377695543692, 4484801.710348984226584 ], [ 696078.857379373977892, 4484801.709593567997217 ], [ 696078.850173387094401, 4484804.659584767185152 ] ] ] } },
{ "type": "Feature", "properties": { }, "geometry": { "type": "Polygon", "coordinates": [ [ [ 696079.0201717086602, 4484804.660340183414519 ], [ 696079.190170030226, 4484804.661095599643886 ], [ 696079.197376017109491, 4484801.711104400455952 ], [ 696079.027377695543692, 4484801.710348984226584 ], [ 696079.0201717086602, 4484804.660340183414519 ] ] ] } },
{ "type": "Feature", "properties": { }, "geometry": { "type": "Polygon", "coordinates": [ [ [ 696079.190170030226, 4484804.661095599643886 ], [ 696079.360168351791799, 4484804.661851015873253 ], [ 696079.36737433867529, 4484801.711859816685319 ], [ 696079.197376017109491, 4484801.711104400455952 ], [ 696079.190170030226, 4484804.661095599643886 ] ] ] } },
{ "type": "Feature", "properties": { }, "geometry": { "type": "Polygon", "coordinates": [ [ [ 696079.360168351908214, 4484804.661851015873253 ], [ 696079.530166673474014, 4484804.662606432102621 ], [ 696079.537372660357505, 4484801.712615232914686 ], [ 696079.367374338791706, 4484801.711859816685319 ], [ 696079.360168351908214, 4484804.661851015873253 ] ] ] } },
{ "type": "Feature", "properties": { }, "geometry": { "type": "Polygon", "coordinates": [ [ [ 696080.52015689923428, 4484804.667005621828139 ], [ 696080.690155220800079, 4484804.667761038057506 ], [ 696080.697361207683571, 4484801.717769838869572 ], [ 696080.527362886117771, 4484801.717014422640204 ], [ 696080.52015689923428, 4484804.667005621828139 ] ] ] } },
{ "type": "Feature", "properties": { }, "geometry": { "type": "Polygon", "coordinates": [ [ [ 696080.690155220800079, 4484804.667761038988829 ], [ 696080.860153542365879, 4484804.668516455218196 ], [ 696080.86735952924937, 4484801.718525256030262 ], [ 696080.697361207683571, 4484801.717769839800894 ], [ 696080.690155220800079, 4484804.667761038988829 ] ] ] } },
{ "type": "Feature", "properties": { }, "geometry": { "type": "Polygon", "coordinates": [ [ [ 696080.860153542482294, 4484804.668516455218196 ], [ 696081.030151864048094, 4484804.669271871447563 ], [ 696081.037357850931585, 4484801.719280672259629 ], [ 696080.867359529365785, 4484801.718525256030262 ], [ 696080.860153542482294, 4484804.668516455218196 ] ] ] } },
{ "type": "Feature", "properties": { }, "geometry": { "type": "Polygon", "coordinates": [ [ [ 696081.030151864048094, 4484804.669271871447563 ], [ 696081.200150185613893, 4484804.67002728767693 ], [ 696081.207356172497384, 4484801.720036088488996 ], [ 696081.037357850931585, 4484801.719280672259629 ], [ 696081.030151864048094, 4484804.669271871447563 ] ] ] } },
{ "type": "Feature", "properties": { }, "geometry": { "type": "Polygon", "coordinates": [ [ [ 696081.200150185613893, 4484804.67002728767693 ], [ 696081.370148507179692, 4484804.670782703906298 ], [ 696081.377354494063184, 4484801.720791504718363 ], [ 696081.207356172497384, 4484801.720036088488996 ], [ 696081.200150185613893, 4484804.67002728767693 ] ] ] } },
{ "type": "Feature", "properties": { }, "geometry": { "type": "Polygon", "coordinates": [ [ [ 696081.370148507179692, 4484804.670782703906298 ], [ 696081.540146828745492, 4484804.671538120135665 ], [ 696081.547352815628983, 4484801.721546920947731 ], [ 696081.377354494063184, 4484801.720791504718363 ], [ 696081.370148507179692, 4484804.670782703906298 ] ] ] } },
{ "type": "Feature", "properties": { }, "geometry": { "type": "Polygon", "coordinates": [ [ [ 696081.540146828861907, 4484804.671538120135665 ], [ 696081.710145150427707, 4484804.672293536365032 ], [ 696081.717351137311198, 4484801.722302337177098 ], [ 696081.547352815745398, 4484801.721546920947731 ], [ 696081.540146828861907, 4484804.671538120135665 ] ] ] } },
{ "type": "Feature", "properties": { }, "geometry": { "type": "Polygon", "coordinates": [ [ [ 696082.700135376187973, 4484804.67669272609055 ], [ 696082.870133697753772, 4484804.677448142319918 ], [ 696082.877339684637263, 4484801.727456943131983 ], [ 696082.707341363071464, 4484801.726701526902616 ], [ 696082.700135376187973, 4484804.67669272609055 ] ] ] } },
{ "type": "Feature", "properties": { }, "geometry": { "type": "Polygon", "coordinates": [ [ [ 696082.870133697753772, 4484804.67744814325124 ], [ 696083.040132019319572, 4484804.678203559480608 ], [ 696083.047338006203063, 4484801.728212360292673 ], [ 696082.877339684637263, 4484801.727456944063306 ], [ 696082.870133697753772, 4484804.67744814325124 ] ] ] } },
{ "type": "Feature", "properties": { }, "geometry": { "type": "Polygon", "coordinates": [ [ [ 696083.040132019435987, 4484804.678203559480608 ], [ 696083.210130341001786, 4484804.678958975709975 ], [ 696083.217336327885278, 4484801.72896777652204 ], [ 696083.047338006319478, 4484801.728212360292673 ], [ 696083.040132019435987, 4484804.678203559480608 ] ] ] } },
{ "type": "Feature", "properties": { }, "geometry": { "type": "Polygon", "coordinates": [ [ [ 696083.210130341001786, 4484804.678958975709975 ], [ 696083.380128662567586, 4484804.679714391939342 ], [ 696083.387334649451077, 4484801.729723192751408 ], [ 696083.217336327885278, 4484801.72896777652204 ], [ 696083.210130341001786, 4484804.678958975709975 ] ] ] } },
{ "type": "Feature", "properties": { }, "geometry": { "type": "Polygon", "coordinates": [ [ [ 696083.380128662567586, 4484804.679714391939342 ], [ 696083.550126984133385, 4484804.680469808168709 ], [ 696083.557332971016876, 4484801.730478608980775 ], [ 696083.387334649451077, 4484801.729723192751408 ], [ 696083.380128662567586, 4484804.679714391939342 ] ] ] } },
{ "type": "Feature", "properties": { }, "geometry": { "type": "Polygon", "coordinates": [ [ [ 696083.5501269842498, 4484804.680469808168709 ], [ 696083.7201253058156, 4484804.681225224398077 ], [ 696083.727331292699091, 4484801.731234025210142 ], [ 696083.557332971133292, 4484801.730478608980775 ], [ 696083.5501269842498, 4484804.680469808168709 ] ] ] } },
{ "type": "Feature", "properties": { }, "geometry": { "type": "Polygon", "coordinates": [ [ [ 696083.7201253058156, 4484804.681225225329399 ], [ 696083.890123627381399, 4484804.681980641558766 ], [ 696083.897329614264891, 4484801.731989442370832 ], [ 696083.727331292699091, 4484801.731234026141465 ], [ 696083.7201253058156, 4484804.681225225329399 ] ] ] } },
{ "type": "Feature", "properties": { }, "geometry": { "type": "Polygon", "coordinates": [ [ [ 696084.880113853141665, 4484804.686379831284285 ], [ 696085.050112174707465, 4484804.687135247513652 ], [ 696085.057318161590956, 4484801.737144048325717 ], [ 696084.887319840025157, 4484801.73638863209635 ], [ 696084.880113853141665, 4484804.686379831284285 ] ] ] } },
{ "type": "Feature", "properties": { }, "geometry": { "type": "Polygon", "coordinates": [ [ [ 696085.050112174707465, 4484804.687135247513652 ], [ 696085.220110496273264, 4484804.687890663743019 ], [ 696085.227316483156756, 4484801.737899464555085 ], [ 696085.057318161590956, 4484801.737144048325717 ], [ 696085.050112174707465, 4484804.687135247513652 ] ] ] } },
{ "type": "Feature", "properties": { }, "geometry": { "type": "Polygon", "coordinates": [ [ [ 696085.22011049638968, 4484804.687890663743019 ], [ 696085.390108817955479, 4484804.688646079972386 ], [ 696085.39731480483897, 4484801.738654880784452 ], [ 696085.227316483273171, 4484801.737899464555085 ], [ 696085.22011049638968, 4484804.687890663743019 ] ] ] } },
{ "type": "Feature", "properties": { }, "geometry": { "type": "Polygon", "coordinates": [ [ [ 696085.390108817955479, 4484804.688646079972386 ], [ 696085.560107139521278, 4484804.689401496201754 ], [ 696085.56731312640477, 4484801.739410297013819 ], [ 696085.39731480483897, 4484801.738654880784452 ], [ 696085.390108817955479, 4484804.688646079972386 ] ] ] } },
{ "type": "Feature", "properties": { }, "geometry": { "type": "Polygon", "coordinates": [ [ [ 696085.560107139521278, 4484804.689401496201754 ], [ 696085.730105461087078, 4484804.690156912431121 ], [ 696085.737311447970569, 4484801.740165713243186 ], [ 696085.56731312640477, 4484801.739410297013819 ], [ 696085.560107139521278, 4484804.689401496201754 ] ] ] } },
{ "type": "Feature", "properties": { }, "geometry": { "type": "Polygon", "coordinates": [ [ [ 696085.730105461203493, 4484804.690156913362443 ], [ 696085.900103782769293, 4484804.690912329591811 ], [ 696085.907309769652784, 4484801.740921130403876 ], [ 696085.737311448086984, 4484801.740165714174509 ], [ 696085.730105461203493, 4484804.690156913362443 ] ] ] } },
{ "type": "Feature", "properties": { }, "geometry": { "type": "Polygon", "coordinates": [ [ [ 696085.900103782769293, 4484804.690912329591811 ], [ 696086.070102104335092, 4484804.691667745821178 ], [ 696086.077308091218583, 4484801.741676546633244 ], [ 696085.907309769652784, 4484801.740921130403876 ], [ 696085.900103782769293, 4484804.690912329591811 ] ] ] } },
{ "type": "Feature", "properties": { }, "geometry": { "type": "Polygon", "coordinates": [ [ [ 696087.060092330095358, 4484804.696066935546696 ], [ 696087.230090651661158, 4484804.696822351776063 ], [ 696087.237296638544649, 4484801.746831152588129 ], [ 696087.067298316978849, 4484801.746075736358762 ], [ 696087.060092330095358, 4484804.696066935546696 ] ] ] } },
{ "type": "Feature", "properties": { }, "geometry": { "type": "Polygon", "coordinates": [ [ [ 696087.230090651777573, 4484804.696822351776063 ], [ 696087.400088973343372, 4484804.697577768005431 ], [ 696087.407294960226864, 4484801.747586568817496 ], [ 696087.237296638661064, 4484801.746831152588129 ], [ 696087.230090651777573, 4484804.696822351776063 ] ] ] } },
{ "type": "Feature", "properties": { }, "geometry": { "type": "Polygon", "coordinates": [ [ [ 696087.400088973343372, 4484804.697577768005431 ], [ 696087.570087294909172, 4484804.698333184234798 ], [ 696087.577293281792663, 4484801.748341985046864 ], [ 696087.407294960226864, 4484801.747586568817496 ], [ 696087.400088973343372, 4484804.697577768005431 ] ] ] } },
{ "type": "Feature", "properties": { }, "geometry": { "type": "Polygon", "coordinates": [ [ [ 696087.570087294909172, 4484804.698333184234798 ], [ 696087.740085616474971, 4484804.699088600464165 ], [ 696087.747291603358462, 4484801.749097401276231 ], [ 696087.577293281792663, 4484801.748341985046864 ], [ 696087.570087294909172, 4484804.698333184234798 ] ] ] } },
{ "type": "Feature", "properties": { }, "geometry": { "type": "Polygon", "coordinates": [ [ [ 696087.740085616474971, 4484804.699088601395488 ], [ 696087.910083938040771, 4484804.699844017624855 ], [ 696087.917289924924262, 4484801.749852818436921 ], [ 696087.747291603358462, 4484801.749097402207553 ], [ 696087.740085616474971, 4484804.699088601395488 ] ] ] } },
{ "type": "Feature", "properties": { }, "geometry": { "type": "Polygon", "coordinates": [ [ [ 696087.910083938157186, 4484804.699844017624855 ], [ 696088.080082259722985, 4484804.700599433854222 ], [ 696088.087288246606477, 4484801.750608234666288 ], [ 696087.917289925040677, 4484801.749852818436921 ], [ 696087.910083938157186, 4484804.699844017624855 ] ] ] } },
{ "type": "Feature", "properties": { }, "geometry": { "type": "Polygon", "coordinates": [ [ [ 696088.080082259722985, 4484804.700599433854222 ], [ 696088.250080581288785, 4484804.70135485008359 ], [ 696088.257286568172276, 4484801.751363650895655 ], [ 696088.087288246606477, 4484801.750608234666288 ], [ 696088.080082259722985, 4484804.700599433854222 ] ] ] } },
{ "type": "Feature", "properties": { }, "geometry": { "type": "Polygon", "coordinates": [ [ [ 696089.240070807049051, 4484804.705754039809108 ], [ 696089.41006912861485, 4484804.706509456038475 ], [ 696089.417275115498342, 4484801.756518256850541 ], [ 696089.247276793932542, 4484801.755762840621173 ], [ 696089.240070807049051, 4484804.705754039809108 ] ] ] } },
{ "type": "Feature", "properties": { }, "geometry": { "type": "Polygon", "coordinates": [ [ [ 696089.410069128731266, 4484804.706509456038475 ], [ 696089.580067450297065, 4484804.707264872267842 ], [ 696089.587273437180556, 4484801.757273673079908 ], [ 696089.417275115614757, 4484801.756518256850541 ], [ 696089.410069128731266, 4484804.706509456038475 ] ] ] } },
{ "type": "Feature", "properties": { }, "geometry": { "type": "Polygon", "coordinates": [ [ [ 696089.580067450297065, 4484804.707264872267842 ], [ 696089.750065771862864, 4484804.70802028849721 ], [ 696089.757271758746356, 4484801.758029089309275 ], [ 696089.587273437180556, 4484801.757273673079908 ], [ 696089.580067450297065, 4484804.707264872267842 ] ] ] } },
{ "type": "Feature", "properties": { }, "geometry": { "type": "Polygon", "coordinates": [ [ [ 696089.750065771862864, 4484804.708020289428532 ], [ 696089.920064093428664, 4484804.708775705657899 ], [ 696089.927270080312155, 4484801.758784506469965 ], [ 696089.757271758746356, 4484801.758029090240598 ], [ 696089.750065771862864, 4484804.708020289428532 ] ] ] } },
{ "type": "Feature", "properties": { }, "geometry": { "type": "Polygon", "coordinates": [ [ [ 696089.920064093428664, 4484804.708775705657899 ], [ 696090.090062414994463, 4484804.709531121887267 ], [ 696090.097268401877955, 4484801.759539922699332 ], [ 696089.927270080312155, 4484801.758784506469965 ], [ 696089.920064093428664, 4484804.708775705657899 ] ] ] } },
{ "type": "Feature", "properties": { }, "geometry": { "type": "Polygon", "coordinates": [ [ [ 696090.090062415110879, 4484804.709531121887267 ], [ 696090.260060736676678, 4484804.710286538116634 ], [ 696090.267266723560169, 4484801.760295338928699 ], [ 696090.09726840199437, 4484801.759539922699332 ], [ 696090.090062415110879, 4484804.709531121887267 ] ] ] } },
{ "type": "Feature", "properties": { }, "geometry": { "type": "Polygon", "coordinates": [ [ [ 696090.260060736676678, 4484804.710286538116634 ], [ 696090.430059058242477, 4484804.711041954346001 ], [ 696090.437265045125969, 4484801.761050755158067 ], [ 696090.267266723560169, 4484801.760295338928699 ], [ 696090.260060736676678, 4484804.710286538116634 ] ] ] } },
{ "type": "Feature", "properties": { }, "geometry": { "type": "Polygon", "coordinates": [ [ [ 696091.420049284002744, 4484804.715441144071519 ], [ 696091.590047605568543, 4484804.716196560300887 ], [ 696091.597253592452034, 4484801.766205361112952 ], [ 696091.427255270886235, 4484801.765449944883585 ], [ 696091.420049284002744, 4484804.715441144071519 ] ] ] } },
{ "type": "Feature", "properties": { }, "geometry": { "type": "Polygon", "coordinates": [ [ [ 696091.590047605684958, 4484804.716196560300887 ], [ 696091.760045927250758, 4484804.716951976530254 ], [ 696091.767251914134249, 4484801.766960777342319 ], [ 696091.59725359256845, 4484801.766205361112952 ], [ 696091.590047605684958, 4484804.716196560300887 ] ] ] } },
{ "type": "Feature", "properties": { }, "geometry": { "type": "Polygon", "coordinates": [ [ [ 696091.760045927250758, 4484804.716951977461576 ], [ 696091.930044248816557, 4484804.717707393690944 ], [ 696091.937250235700049, 4484801.767716194503009 ], [ 696091.767251914134249, 4484801.766960778273642 ], [ 696091.760045927250758, 4484804.716951977461576 ] ] ] } },
{ "type": "Feature", "properties": { }, "geometry": { "type": "Polygon", "coordinates": [ [ [ 696091.930044248816557, 4484804.717707393690944 ], [ 696092.100042570382357, 4484804.718462809920311 ], [ 696092.107248557265848, 4484801.768471610732377 ], [ 696091.937250235700049, 4484801.767716194503009 ], [ 696091.930044248816557, 4484804.717707393690944 ] ] ] } },
{ "type": "Feature", "properties": { }, "geometry": { "type": "Polygon", "coordinates": [ [ [ 696092.100042570382357, 4484804.718462809920311 ], [ 696092.270040891948156, 4484804.719218226149678 ], [ 696092.277246878831647, 4484801.769227026961744 ], [ 696092.107248557265848, 4484801.768471610732377 ], [ 696092.100042570382357, 4484804.718462809920311 ] ] ] } },
{ "type": "Feature", "properties": { }, "geometry": { "type": "Polygon", "coordinates": [ [ [ 696092.270040892064571, 4484804.719218226149678 ], [ 696092.440039213630371, 4484804.719973642379045 ], [ 696092.447245200513862, 4484801.769982443191111 ], [ 696092.277246878948063, 4484801.769227026961744 ], [ 696092.270040892064571, 4484804.719218226149678 ] ] ] } },
{ "type": "Feature", "properties": { }, "geometry": { "type": "Polygon", "coordinates": [ [ [ 696092.440039213630371, 4484804.719973642379045 ], [ 696092.61003753519617, 4484804.720729058608413 ], [ 696092.617243522079661, 4484801.770737859420478 ], [ 696092.447245200513862, 4484801.769982443191111 ], [ 696092.440039213630371, 4484804.719973642379045 ] ] ] } },
{ "type": "Feature", "properties": { }, "geometry": { "type": "Polygon", "coordinates": [ [ [ 696093.600027760956436, 4484804.725128248333931 ], [ 696093.770026082522236, 4484804.725883664563298 ], [ 696093.777232069405727, 4484801.775892465375364 ], [ 696093.607233747839928, 4484801.775137049145997 ], [ 696093.600027760956436, 4484804.725128248333931 ] ] ] } },
{ "type": "Feature", "properties": { }, "geometry": { "type": "Polygon", "coordinates": [ [ [ 696093.770026082638651, 4484804.725883665494621 ], [ 696093.940024404204451, 4484804.726639081723988 ], [ 696093.947230391087942, 4484801.776647882536054 ], [ 696093.777232069522142, 4484801.775892466306686 ], [ 696093.770026082638651, 4484804.725883665494621 ] ] ] } },
{ "type": "Feature", "properties": { }, "geometry": { "type": "Polygon", "coordinates": [ [ [ 696093.940024404204451, 4484804.726639081723988 ], [ 696094.11002272577025, 4484804.727394497953355 ], [ 696094.117228712653741, 4484801.777403298765421 ], [ 696093.947230391087942, 4484801.776647882536054 ], [ 696093.940024404204451, 4484804.726639081723988 ] ] ] } },
{ "type": "Feature", "properties": { }, "geometry": { "type": "Polygon", "coordinates": [ [ [ 696094.11002272577025, 4484804.727394497953355 ], [ 696094.280021047336049, 4484804.728149914182723 ], [ 696094.287227034219541, 4484801.778158714994788 ], [ 696094.117228712653741, 4484801.777403298765421 ], [ 696094.11002272577025, 4484804.727394497953355 ] ] ] } },
{ "type": "Feature", "properties": { }, "geometry": { "type": "Polygon", "coordinates": [ [ [ 696094.280021047452465, 4484804.728149914182723 ], [ 696094.450019369018264, 4484804.72890533041209 ], [ 696094.457225355901755, 4484801.778914131224155 ], [ 696094.287227034335956, 4484801.778158714994788 ], [ 696094.280021047452465, 4484804.728149914182723 ] ] ] } },
{ "type": "Feature", "properties": { }, "geometry": { "type": "Polygon", "coordinates": [ [ [ 696094.450019369018264, 4484804.72890533041209 ], [ 696094.620017690584064, 4484804.729660746641457 ], [ 696094.627223677467555, 4484801.779669547453523 ], [ 696094.457225355901755, 4484801.778914131224155 ], [ 696094.450019369018264, 4484804.72890533041209 ] ] ] } },
{ "type": "Feature", "properties": { }, "geometry": { "type": "Polygon", "coordinates": [ [ [ 696094.620017690584064, 4484804.729660746641457 ], [ 696094.790016012149863, 4484804.730416162870824 ], [ 696094.797221999033354, 4484801.78042496368289 ], [ 696094.627223677467555, 4484801.779669547453523 ], [ 696094.620017690584064, 4484804.729660746641457 ] ] ] } },
{ "type": "Feature", "properties": { }, "geometry": { "type": "Polygon", "coordinates": [ [ [ 696095.780006237910129, 4484804.734815352596343 ], [ 696095.950004559475929, 4484804.73557076882571 ], [ 696095.95721054635942, 4484801.785579569637775 ], [ 696095.78721222479362, 4484801.784824153408408 ], [ 696095.780006237910129, 4484804.734815352596343 ] ] ] } },
{ "type": "Feature", "properties": { }, "geometry": { "type": "Polygon", "coordinates": [ [ [ 696095.950004559592344, 4484804.735570769757032 ], [ 696096.120002881158143, 4484804.7363261859864 ], [ 696096.127208868041635, 4484801.786334986798465 ], [ 696095.957210546475835, 4484801.785579570569098 ], [ 696095.950004559592344, 4484804.735570769757032 ] ] ] } },
{ "type": "Feature", "properties": { }, "geometry": { "type": "Polygon", "coordinates": [ [ [ 696096.120002881158143, 4484804.7363261859864 ], [ 696096.290001202723943, 4484804.737081602215767 ], [ 696096.297207189607434, 4484801.787090403027833 ], [ 696096.127208868041635, 4484801.786334986798465 ], [ 696096.120002881158143, 4484804.7363261859864 ] ] ] } },
{ "type": "Feature", "properties": { }, "geometry": { "type": "Polygon", "coordinates": [ [ [ 696096.290001202723943, 4484804.737081602215767 ], [ 696096.459999524289742, 4484804.737837018445134 ], [ 696096.467205511173233, 4484801.7878458192572 ], [ 696096.297207189607434, 4484801.787090403027833 ], [ 696096.290001202723943, 4484804.737081602215767 ] ] ] } },
{ "type": "Feature", "properties": { }, "geometry": { "type": "Polygon", "coordinates": [ [ [ 696096.459999524406157, 4484804.737837018445134 ], [ 696096.629997845971957, 4484804.738592434674501 ], [ 696096.637203832855448, 4484801.788601235486567 ], [ 696096.467205511289649, 4484801.7878458192572 ], [ 696096.459999524406157, 4484804.737837018445134 ] ] ] } },
{ "type": "Feature", "properties": { }, "geometry": { "type": "Polygon", "coordinates": [ [ [ 696096.629997845971957, 4484804.738592434674501 ], [ 696096.799996167537756, 4484804.739347850903869 ], [ 696096.807202154421248, 4484801.789356651715934 ], [ 696096.637203832855448, 4484801.788601235486567 ], [ 696096.629997845971957, 4484804.738592434674501 ] ] ] } },
{ "type": "Feature", "properties": { }, "geometry": { "type": "Polygon", "coordinates": [ [ [ 696096.799996167537756, 4484804.739347851835191 ], [ 696096.969994489103556, 4484804.740103268064559 ], [ 696096.977200475987047, 4484801.790112068876624 ], [ 696096.807202154421248, 4484801.789356652647257 ], [ 696096.799996167537756, 4484804.739347851835191 ] ] ] } },
{ "type": "Feature", "properties": { }, "geometry": { "type": "Polygon", "coordinates": [ [ [ 696076.170874576666392, 4484800.277644450776279 ], [ 696076.340872898232192, 4484800.278399867005646 ], [ 696076.348078885115683, 4484797.328408667817712 ], [ 696076.178080563549884, 4484797.327653251588345 ], [ 696076.170874576666392, 4484800.277644450776279 ] ] ] } },
{ "type": "Feature", "properties": { }, "geometry": { "type": "Polygon", "coordinates": [ [ [ 696076.340872898232192, 4484800.278399867005646 ], [ 696076.510871219797991, 4484800.279155283235013 ], [ 696076.518077206681482, 4484797.329164084047079 ], [ 696076.348078885115683, 4484797.328408667817712 ], [ 696076.340872898232192, 4484800.278399867005646 ] ] ] } },
{ "type": "Feature", "properties": { }, "geometry": { "type": "Polygon", "coordinates": [ [ [ 696076.510871219914407, 4484800.279155283235013 ], [ 696076.680869541480206, 4484800.279910699464381 ], [ 696076.688075528363697, 4484797.329919500276446 ], [ 696076.518077206797898, 4484797.329164084047079 ], [ 696076.510871219914407, 4484800.279155283235013 ] ] ] } },
{ "type": "Feature", "properties": { }, "geometry": { "type": "Polygon", "coordinates": [ [ [ 696076.680869541480206, 4484800.279910700395703 ], [ 696076.850867863046005, 4484800.280666116625071 ], [ 696076.858073849929497, 4484797.330674917437136 ], [ 696076.688075528363697, 4484797.329919501207769 ], [ 696076.680869541480206, 4484800.279910700395703 ] ] ] } },
{ "type": "Feature", "properties": { }, "geometry": { "type": "Polygon", "coordinates": [ [ [ 696076.850867863046005, 4484800.280666116625071 ], [ 696077.020866184611805, 4484800.281421532854438 ], [ 696077.028072171495296, 4484797.331430333666503 ], [ 696076.858073849929497, 4484797.330674917437136 ], [ 696076.850867863046005, 4484800.280666116625071 ] ] ] } },
{ "type": "Feature", "properties": { }, "geometry": { "type": "Polygon", "coordinates": [ [ [ 696077.020866184611805, 4484800.281421532854438 ], [ 696077.190864506177604, 4484800.282176949083805 ], [ 696077.198070493061095, 4484797.332185749895871 ], [ 696077.028072171495296, 4484797.331430333666503 ], [ 696077.020866184611805, 4484800.281421532854438 ] ] ] } },
{ "type": "Feature", "properties": { }, "geometry": { "type": "Polygon", "coordinates": [ [ [ 696077.19086450629402, 4484800.282176949083805 ], [ 696077.360862827859819, 4484800.282932365313172 ], [ 696077.36806881474331, 4484797.332941166125238 ], [ 696077.198070493177511, 4484797.332185749895871 ], [ 696077.19086450629402, 4484800.282176949083805 ] ] ] } },
{ "type": "Feature", "properties": { }, "geometry": { "type": "Polygon", "coordinates": [ [ [ 696078.350853053620085, 4484800.287331555038691 ], [ 696078.520851375185885, 4484800.288086971268058 ], [ 696078.528057362069376, 4484797.338095772080123 ], [ 696078.358059040503576, 4484797.337340355850756 ], [ 696078.350853053620085, 4484800.287331555038691 ] ] ] } },
{ "type": "Feature", "properties": { }, "geometry": { "type": "Polygon", "coordinates": [ [ [ 696078.520851375185885, 4484800.288086971268058 ], [ 696078.690849696751684, 4484800.288842387497425 ], [ 696078.698055683635175, 4484797.338851188309491 ], [ 696078.528057362069376, 4484797.338095772080123 ], [ 696078.520851375185885, 4484800.288086971268058 ] ] ] } },
{ "type": "Feature", "properties": { }, "geometry": { "type": "Polygon", "coordinates": [ [ [ 696078.690849696868099, 4484800.288842388428748 ], [ 696078.860848018433899, 4484800.289597804658115 ], [ 696078.86805400531739, 4484797.339606605470181 ], [ 696078.698055683751591, 4484797.338851189240813 ], [ 696078.690849696868099, 4484800.288842388428748 ] ] ] } },
{ "type": "Feature", "properties": { }, "geometry": { "type": "Polygon", "coordinates": [ [ [ 696078.860848018433899, 4484800.289597804658115 ], [ 696079.030846339999698, 4484800.290353220887482 ], [ 696079.038052326883189, 4484797.340362021699548 ], [ 696078.86805400531739, 4484797.339606605470181 ], [ 696078.860848018433899, 4484800.289597804658115 ] ] ] } },
{ "type": "Feature", "properties": { }, "geometry": { "type": "Polygon", "coordinates": [ [ [ 696079.030846339999698, 4484800.290353220887482 ], [ 696079.200844661565498, 4484800.291108637116849 ], [ 696079.208050648448989, 4484797.341117437928915 ], [ 696079.038052326883189, 4484797.340362021699548 ], [ 696079.030846339999698, 4484800.290353220887482 ] ] ] } },
{ "type": "Feature", "properties": { }, "geometry": { "type": "Polygon", "coordinates": [ [ [ 696079.200844661565498, 4484800.291108637116849 ], [ 696079.370842983131297, 4484800.291864053346217 ], [ 696079.378048970014788, 4484797.341872854158282 ], [ 696079.208050648448989, 4484797.341117437928915 ], [ 696079.200844661565498, 4484800.291108637116849 ] ] ] } },
{ "type": "Feature", "properties": { }, "geometry": { "type": "Polygon", "coordinates": [ [ [ 696079.370842983247712, 4484800.291864053346217 ], [ 696079.540841304813512, 4484800.292619469575584 ], [ 696079.548047291697003, 4484797.34262827038765 ], [ 696079.378048970131204, 4484797.341872854158282 ], [ 696079.370842983247712, 4484800.291864053346217 ] ] ] } },
{ "type": "Feature", "properties": { }, "geometry": { "type": "Polygon", "coordinates": [ [ [ 696080.530831530573778, 4484800.297018659301102 ], [ 696080.700829852139577, 4484800.297774075530469 ], [ 696080.708035839023069, 4484797.347782876342535 ], [ 696080.538037517457269, 4484797.347027460113168 ], [ 696080.530831530573778, 4484800.297018659301102 ] ] ] } },
{ "type": "Feature", "properties": { }, "geometry": { "type": "Polygon", "coordinates": [ [ [ 696080.700829852139577, 4484800.297774076461792 ], [ 696080.870828173705377, 4484800.298529492691159 ], [ 696080.878034160588868, 4484797.348538293503225 ], [ 696080.708035839023069, 4484797.347782877273858 ], [ 696080.700829852139577, 4484800.297774076461792 ] ] ] } },
{ "type": "Feature", "properties": { }, "geometry": { "type": "Polygon", "coordinates": [ [ [ 696080.870828173821792, 4484800.298529492691159 ], [ 696081.040826495387591, 4484800.299284908920527 ], [ 696081.048032482271083, 4484797.349293709732592 ], [ 696080.878034160705283, 4484797.348538293503225 ], [ 696080.870828173821792, 4484800.298529492691159 ] ] ] } },
{ "type": "Feature", "properties": { }, "geometry": { "type": "Polygon", "coordinates": [ [ [ 696081.040826495387591, 4484800.299284908920527 ], [ 696081.210824816953391, 4484800.300040325149894 ], [ 696081.218030803836882, 4484797.350049125961959 ], [ 696081.048032482271083, 4484797.349293709732592 ], [ 696081.040826495387591, 4484800.299284908920527 ] ] ] } },
{ "type": "Feature", "properties": { }, "geometry": { "type": "Polygon", "coordinates": [ [ [ 696081.210824816953391, 4484800.300040325149894 ], [ 696081.38082313851919, 4484800.300795741379261 ], [ 696081.388029125402682, 4484797.350804542191327 ], [ 696081.218030803836882, 4484797.350049125961959 ], [ 696081.210824816953391, 4484800.300040325149894 ] ] ] } },
{ "type": "Feature", "properties": { }, "geometry": { "type": "Polygon", "coordinates": [ [ [ 696081.38082313851919, 4484800.300795741379261 ], [ 696081.55082146008499, 4484800.301551157608628 ], [ 696081.558027446968481, 4484797.351559958420694 ], [ 696081.388029125402682, 4484797.350804542191327 ], [ 696081.38082313851919, 4484800.300795741379261 ] ] ] } },
{ "type": "Feature", "properties": { }, "geometry": { "type": "Polygon", "coordinates": [ [ [ 696081.550821460201405, 4484800.301551157608628 ], [ 696081.720819781767204, 4484800.302306573837996 ], [ 696081.728025768650696, 4484797.352315374650061 ], [ 696081.558027447084896, 4484797.351559958420694 ], [ 696081.550821460201405, 4484800.301551157608628 ] ] ] } },
{ "type": "Feature", "properties": { }, "geometry": { "type": "Polygon", "coordinates": [ [ [ 696082.710810007527471, 4484800.306705763563514 ], [ 696082.88080832909327, 4484800.307461179792881 ], [ 696082.888014315976761, 4484797.357469980604947 ], [ 696082.718015994410962, 4484797.356714564375579 ], [ 696082.710810007527471, 4484800.306705763563514 ] ] ] } },
{ "type": "Feature", "properties": { }, "geometry": { "type": "Polygon", "coordinates": [ [ [ 696082.88080832909327, 4484800.307461180724204 ], [ 696083.050806650659069, 4484800.308216596953571 ], [ 696083.058012637542561, 4484797.358225397765636 ], [ 696082.888014315976761, 4484797.357469981536269 ], [ 696082.88080832909327, 4484800.307461180724204 ] ] ] } },
{ "type": "Feature", "properties": { }, "geometry": { "type": "Polygon", "coordinates": [ [ [ 696083.050806650775485, 4484800.308216596953571 ], [ 696083.220804972341284, 4484800.308972013182938 ], [ 696083.228010959224775, 4484797.358980813995004 ], [ 696083.058012637658976, 4484797.358225397765636 ], [ 696083.050806650775485, 4484800.308216596953571 ] ] ] } },
{ "type": "Feature", "properties": { }, "geometry": { "type": "Polygon", "coordinates": [ [ [ 696083.220804972341284, 4484800.308972013182938 ], [ 696083.390803293907084, 4484800.309727429412305 ], [ 696083.398009280790575, 4484797.359736230224371 ], [ 696083.228010959224775, 4484797.358980813995004 ], [ 696083.220804972341284, 4484800.308972013182938 ] ] ] } },
{ "type": "Feature", "properties": { }, "geometry": { "type": "Polygon", "coordinates": [ [ [ 696083.390803293907084, 4484800.309727429412305 ], [ 696083.560801615472883, 4484800.310482845641673 ], [ 696083.568007602356374, 4484797.360491646453738 ], [ 696083.398009280790575, 4484797.359736230224371 ], [ 696083.390803293907084, 4484800.309727429412305 ] ] ] } },
{ "type": "Feature", "properties": { }, "geometry": { "type": "Polygon", "coordinates": [ [ [ 696083.560801615589298, 4484800.310482845641673 ], [ 696083.730799937155098, 4484800.31123826187104 ], [ 696083.738005924038589, 4484797.361247062683105 ], [ 696083.56800760247279, 4484797.360491646453738 ], [ 696083.560801615589298, 4484800.310482845641673 ] ] ] } },
{ "type": "Feature", "properties": { }, "geometry": { "type": "Polygon", "coordinates": [ [ [ 696083.730799937155098, 4484800.311238262802362 ], [ 696083.900798258720897, 4484800.31199367903173 ], [ 696083.908004245604388, 4484797.362002479843795 ], [ 696083.738005924038589, 4484797.361247063614428 ], [ 696083.730799937155098, 4484800.311238262802362 ] ] ] } },
{ "type": "Feature", "properties": { }, "geometry": { "type": "Polygon", "coordinates": [ [ [ 696084.890788484481163, 4484800.316392868757248 ], [ 696085.060786806046963, 4484800.317148284986615 ], [ 696085.067992792930454, 4484797.367157085798681 ], [ 696084.897994471364655, 4484797.366401669569314 ], [ 696084.890788484481163, 4484800.316392868757248 ] ] ] } },
{ "type": "Feature", "properties": { }, "geometry": { "type": "Polygon", "coordinates": [ [ [ 696085.060786806046963, 4484800.317148284986615 ], [ 696085.230785127612762, 4484800.317903701215982 ], [ 696085.237991114496253, 4484797.367912502028048 ], [ 696085.067992792930454, 4484797.367157085798681 ], [ 696085.060786806046963, 4484800.317148284986615 ] ] ] } },
{ "type": "Feature", "properties": { }, "geometry": { "type": "Polygon", "coordinates": [ [ [ 696085.230785127729177, 4484800.317903701215982 ], [ 696085.400783449294977, 4484800.31865911744535 ], [ 696085.407989436178468, 4484797.368667918257415 ], [ 696085.237991114612669, 4484797.367912502028048 ], [ 696085.230785127729177, 4484800.317903701215982 ] ] ] } },
{ "type": "Feature", "properties": { }, "geometry": { "type": "Polygon", "coordinates": [ [ [ 696085.400783449294977, 4484800.31865911744535 ], [ 696085.570781770860776, 4484800.319414533674717 ], [ 696085.577987757744268, 4484797.369423334486783 ], [ 696085.407989436178468, 4484797.368667918257415 ], [ 696085.400783449294977, 4484800.31865911744535 ] ] ] } },
{ "type": "Feature", "properties": { }, "geometry": { "type": "Polygon", "coordinates": [ [ [ 696085.570781770860776, 4484800.319414533674717 ], [ 696085.740780092426576, 4484800.320169949904084 ], [ 696085.747986079310067, 4484797.37017875071615 ], [ 696085.577987757744268, 4484797.369423334486783 ], [ 696085.570781770860776, 4484800.319414533674717 ] ] ] } },
{ "type": "Feature", "properties": { }, "geometry": { "type": "Polygon", "coordinates": [ [ [ 696085.740780092542991, 4484800.320169950835407 ], [ 696085.91077841410879, 4484800.320925367064774 ], [ 696085.917984400992282, 4484797.37093416787684 ], [ 696085.747986079426482, 4484797.370178751647472 ], [ 696085.740780092542991, 4484800.320169950835407 ] ] ] } },
{ "type": "Feature", "properties": { }, "geometry": { "type": "Polygon", "coordinates": [ [ [ 696085.91077841410879, 4484800.320925367064774 ], [ 696086.08077673567459, 4484800.321680783294141 ], [ 696086.087982722558081, 4484797.371689584106207 ], [ 696085.917984400992282, 4484797.37093416787684 ], [ 696085.91077841410879, 4484800.320925367064774 ] ] ] } },
{ "type": "Feature", "properties": { }, "geometry": { "type": "Polygon", "coordinates": [ [ [ 696087.070766961434856, 4484800.32607997301966 ], [ 696087.240765283000655, 4484800.326835389249027 ], [ 696087.247971269884147, 4484797.376844190061092 ], [ 696087.077972948318347, 4484797.376088773831725 ], [ 696087.070766961434856, 4484800.32607997301966 ] ] ] } },
{ "type": "Feature", "properties": { }, "geometry": { "type": "Polygon", "coordinates": [ [ [ 696087.240765283117071, 4484800.326835389249027 ], [ 696087.41076360468287, 4484800.327590805478394 ], [ 696087.417969591566361, 4484797.37759960629046 ], [ 696087.247971270000562, 4484797.376844190061092 ], [ 696087.240765283117071, 4484800.326835389249027 ] ] ] } },
{ "type": "Feature", "properties": { }, "geometry": { "type": "Polygon", "coordinates": [ [ [ 696087.41076360468287, 4484800.327590805478394 ], [ 696087.58076192624867, 4484800.328346221707761 ], [ 696087.587967913132161, 4484797.378355022519827 ], [ 696087.417969591566361, 4484797.37759960629046 ], [ 696087.41076360468287, 4484800.327590805478394 ] ] ] } },
{ "type": "Feature", "properties": { }, "geometry": { "type": "Polygon", "coordinates": [ [ [ 696087.58076192624867, 4484800.328346221707761 ], [ 696087.750760247814469, 4484800.329101637937129 ], [ 696087.75796623469796, 4484797.379110438749194 ], [ 696087.587967913132161, 4484797.378355022519827 ], [ 696087.58076192624867, 4484800.328346221707761 ] ] ] } },
{ "type": "Feature", "properties": { }, "geometry": { "type": "Polygon", "coordinates": [ [ [ 696087.750760247814469, 4484800.329101638868451 ], [ 696087.920758569380268, 4484800.329857055097818 ], [ 696087.92796455626376, 4484797.379865855909884 ], [ 696087.75796623469796, 4484797.379110439680517 ], [ 696087.750760247814469, 4484800.329101638868451 ] ] ] } },
{ "type": "Feature", "properties": { }, "geometry": { "type": "Polygon", "coordinates": [ [ [ 696087.920758569496684, 4484800.329857055097818 ], [ 696088.090756891062483, 4484800.330612471327186 ], [ 696088.097962877945974, 4484797.380621272139251 ], [ 696087.927964556380175, 4484797.379865855909884 ], [ 696087.920758569496684, 4484800.329857055097818 ] ] ] } },
{ "type": "Feature", "properties": { }, "geometry": { "type": "Polygon", "coordinates": [ [ [ 696088.090756891062483, 4484800.330612471327186 ], [ 696088.260755212628283, 4484800.331367887556553 ], [ 696088.267961199511774, 4484797.381376688368618 ], [ 696088.097962877945974, 4484797.380621272139251 ], [ 696088.090756891062483, 4484800.330612471327186 ] ] ] } },
{ "type": "Feature", "properties": { }, "geometry": { "type": "Polygon", "coordinates": [ [ [ 696089.250745438388549, 4484800.335767077282071 ], [ 696089.420743759954348, 4484800.336522493511438 ], [ 696089.427949746837839, 4484797.386531294323504 ], [ 696089.25795142527204, 4484797.385775878094137 ], [ 696089.250745438388549, 4484800.335767077282071 ] ] ] } },
{ "type": "Feature", "properties": { }, "geometry": { "type": "Polygon", "coordinates": [ [ [ 696089.420743760070764, 4484800.336522493511438 ], [ 696089.590742081636563, 4484800.337277909740806 ], [ 696089.597948068520054, 4484797.387286710552871 ], [ 696089.427949746954255, 4484797.386531294323504 ], [ 696089.420743760070764, 4484800.336522493511438 ] ] ] } },
{ "type": "Feature", "properties": { }, "geometry": { "type": "Polygon", "coordinates": [ [ [ 696089.590742081636563, 4484800.337277909740806 ], [ 696089.760740403202362, 4484800.338033325970173 ], [ 696089.767946390085854, 4484797.388042126782238 ], [ 696089.597948068520054, 4484797.387286710552871 ], [ 696089.590742081636563, 4484800.337277909740806 ] ] ] } },
{ "type": "Feature", "properties": { }, "geometry": { "type": "Polygon", "coordinates": [ [ [ 696089.760740403202362, 4484800.338033326901495 ], [ 696089.930738724768162, 4484800.338788743130863 ], [ 696089.937944711651653, 4484797.388797543942928 ], [ 696089.767946390085854, 4484797.388042127713561 ], [ 696089.760740403202362, 4484800.338033326901495 ] ] ] } },
{ "type": "Feature", "properties": { }, "geometry": { "type": "Polygon", "coordinates": [ [ [ 696089.930738724768162, 4484800.338788743130863 ], [ 696090.100737046333961, 4484800.33954415936023 ], [ 696090.107943033217452, 4484797.389552960172296 ], [ 696089.937944711651653, 4484797.388797543942928 ], [ 696089.930738724768162, 4484800.338788743130863 ] ] ] } },
{ "type": "Feature", "properties": { }, "geometry": { "type": "Polygon", "coordinates": [ [ [ 696090.100737046450377, 4484800.33954415936023 ], [ 696090.270735368016176, 4484800.340299575589597 ], [ 696090.277941354899667, 4484797.390308376401663 ], [ 696090.107943033333868, 4484797.389552960172296 ], [ 696090.100737046450377, 4484800.33954415936023 ] ] ] } },
{ "type": "Feature", "properties": { }, "geometry": { "type": "Polygon", "coordinates": [ [ [ 696090.270735368016176, 4484800.340299575589597 ], [ 696090.440733689581975, 4484800.341054991818964 ], [ 696090.447939676465467, 4484797.39106379263103 ], [ 696090.277941354899667, 4484797.390308376401663 ], [ 696090.270735368016176, 4484800.340299575589597 ] ] ] } },
{ "type": "Feature", "properties": { }, "geometry": { "type": "Polygon", "coordinates": [ [ [ 696091.430723915342242, 4484800.345454181544483 ], [ 696091.600722236908041, 4484800.34620959777385 ], [ 696091.607928223791532, 4484797.396218398585916 ], [ 696091.437929902225733, 4484797.395462982356548 ], [ 696091.430723915342242, 4484800.345454181544483 ] ] ] } },
{ "type": "Feature", "properties": { }, "geometry": { "type": "Polygon", "coordinates": [ [ [ 696091.600722237024456, 4484800.34620959777385 ], [ 696091.770720558590256, 4484800.346965014003217 ], [ 696091.777926545473747, 4484797.396973814815283 ], [ 696091.607928223907948, 4484797.396218398585916 ], [ 696091.600722237024456, 4484800.34620959777385 ] ] ] } },
{ "type": "Feature", "properties": { }, "geometry": { "type": "Polygon", "coordinates": [ [ [ 696091.770720558590256, 4484800.34696501493454 ], [ 696091.940718880156055, 4484800.347720431163907 ], [ 696091.947924867039546, 4484797.397729231975973 ], [ 696091.777926545473747, 4484797.396973815746605 ], [ 696091.770720558590256, 4484800.34696501493454 ] ] ] } },
{ "type": "Feature", "properties": { }, "geometry": { "type": "Polygon", "coordinates": [ [ [ 696091.940718880156055, 4484800.347720431163907 ], [ 696092.110717201721855, 4484800.348475847393274 ], [ 696092.117923188605346, 4484797.39848464820534 ], [ 696091.947924867039546, 4484797.397729231975973 ], [ 696091.940718880156055, 4484800.347720431163907 ] ] ] } },
{ "type": "Feature", "properties": { }, "geometry": { "type": "Polygon", "coordinates": [ [ [ 696092.110717201721855, 4484800.348475847393274 ], [ 696092.280715523287654, 4484800.349231263622642 ], [ 696092.287921510171145, 4484797.399240064434707 ], [ 696092.117923188605346, 4484797.39848464820534 ], [ 696092.110717201721855, 4484800.348475847393274 ] ] ] } },
{ "type": "Feature", "properties": { }, "geometry": { "type": "Polygon", "coordinates": [ [ [ 696092.280715523404069, 4484800.349231263622642 ], [ 696092.450713844969869, 4484800.349986679852009 ], [ 696092.45791983185336, 4484797.399995480664074 ], [ 696092.287921510287561, 4484797.399240064434707 ], [ 696092.280715523404069, 4484800.349231263622642 ] ] ] } },
{ "type": "Feature", "properties": { }, "geometry": { "type": "Polygon", "coordinates": [ [ [ 696092.450713844969869, 4484800.349986679852009 ], [ 696092.620712166535668, 4484800.350742096081376 ], [ 696092.627918153419159, 4484797.400750896893442 ], [ 696092.45791983185336, 4484797.399995480664074 ], [ 696092.450713844969869, 4484800.349986679852009 ] ] ] } },
{ "type": "Feature", "properties": { }, "geometry": { "type": "Polygon", "coordinates": [ [ [ 696093.610702392295934, 4484800.355141285806894 ], [ 696093.780700713861734, 4484800.355896702036262 ], [ 696093.787906700745225, 4484797.405905502848327 ], [ 696093.617908379179426, 4484797.40515008661896 ], [ 696093.610702392295934, 4484800.355141285806894 ] ] ] } },
{ "type": "Feature", "properties": { }, "geometry": { "type": "Polygon", "coordinates": [ [ [ 696093.780700713978149, 4484800.355896702967584 ], [ 696093.950699035543948, 4484800.356652119196951 ], [ 696093.95790502242744, 4484797.406660920009017 ], [ 696093.78790670086164, 4484797.40590550377965 ], [ 696093.780700713978149, 4484800.355896702967584 ] ] ] } },
{ "type": "Feature", "properties": { }, "geometry": { "type": "Polygon", "coordinates": [ [ [ 696093.950699035543948, 4484800.356652119196951 ], [ 696094.120697357109748, 4484800.357407535426319 ], [ 696094.127903343993239, 4484797.407416336238384 ], [ 696093.95790502242744, 4484797.406660920009017 ], [ 696093.950699035543948, 4484800.356652119196951 ] ] ] } },
{ "type": "Feature", "properties": { }, "geometry": { "type": "Polygon", "coordinates": [ [ [ 696094.120697357109748, 4484800.357407535426319 ], [ 696094.290695678675547, 4484800.358162951655686 ], [ 696094.297901665559039, 4484797.408171752467752 ], [ 696094.127903343993239, 4484797.407416336238384 ], [ 696094.120697357109748, 4484800.357407535426319 ] ] ] } },
{ "type": "Feature", "properties": { }, "geometry": { "type": "Polygon", "coordinates": [ [ [ 696094.290695678791963, 4484800.358162951655686 ], [ 696094.460694000357762, 4484800.358918367885053 ], [ 696094.467899987241253, 4484797.408927168697119 ], [ 696094.297901665675454, 4484797.408171752467752 ], [ 696094.290695678791963, 4484800.358162951655686 ] ] ] } },
{ "type": "Feature", "properties": { }, "geometry": { "type": "Polygon", "coordinates": [ [ [ 696094.460694000357762, 4484800.358918367885053 ], [ 696094.630692321923561, 4484800.35967378411442 ], [ 696094.637898308807053, 4484797.409682584926486 ], [ 696094.467899987241253, 4484797.408927168697119 ], [ 696094.460694000357762, 4484800.358918367885053 ] ] ] } },
{ "type": "Feature", "properties": { }, "geometry": { "type": "Polygon", "coordinates": [ [ [ 696094.630692321923561, 4484800.35967378411442 ], [ 696094.800690643489361, 4484800.360429200343788 ], [ 696094.807896630372852, 4484797.410438001155853 ], [ 696094.637898308807053, 4484797.409682584926486 ], [ 696094.630692321923561, 4484800.35967378411442 ] ] ] } },
{ "type": "Feature", "properties": { }, "geometry": { "type": "Polygon", "coordinates": [ [ [ 696095.790680869249627, 4484800.364828390069306 ], [ 696095.960679190815426, 4484800.365583806298673 ], [ 696095.967885177698918, 4484797.415592607110739 ], [ 696095.797886856133118, 4484797.414837190881371 ], [ 696095.790680869249627, 4484800.364828390069306 ] ] ] } },
{ "type": "Feature", "properties": { }, "geometry": { "type": "Polygon", "coordinates": [ [ [ 696095.960679190931842, 4484800.365583807229996 ], [ 696096.130677512497641, 4484800.366339223459363 ], [ 696096.137883499381132, 4484797.416348024271429 ], [ 696095.967885177815333, 4484797.415592608042061 ], [ 696095.960679190931842, 4484800.365583807229996 ] ] ] } },
{ "type": "Feature", "properties": { }, "geometry": { "type": "Polygon", "coordinates": [ [ [ 696096.130677512497641, 4484800.366339223459363 ], [ 696096.300675834063441, 4484800.36709463968873 ], [ 696096.307881820946932, 4484797.417103440500796 ], [ 696096.137883499381132, 4484797.416348024271429 ], [ 696096.130677512497641, 4484800.366339223459363 ] ] ] } },
{ "type": "Feature", "properties": { }, "geometry": { "type": "Polygon", "coordinates": [ [ [ 696096.300675834063441, 4484800.36709463968873 ], [ 696096.47067415562924, 4484800.367850055918097 ], [ 696096.477880142512731, 4484797.417858856730163 ], [ 696096.307881820946932, 4484797.417103440500796 ], [ 696096.300675834063441, 4484800.36709463968873 ] ] ] } },
{ "type": "Feature", "properties": { }, "geometry": { "type": "Polygon", "coordinates": [ [ [ 696096.470674155745655, 4484800.367850055918097 ], [ 696096.640672477311455, 4484800.368605472147465 ], [ 696096.647878464194946, 4484797.41861427295953 ], [ 696096.477880142629147, 4484797.417858856730163 ], [ 696096.470674155745655, 4484800.367850055918097 ] ] ] } },
{ "type": "Feature", "properties": { }, "geometry": { "type": "Polygon", "coordinates": [ [ [ 696096.640672477311455, 4484800.368605472147465 ], [ 696096.810670798877254, 4484800.369360888376832 ], [ 696096.817876785760745, 4484797.419369689188898 ], [ 696096.647878464194946, 4484797.41861427295953 ], [ 696096.640672477311455, 4484800.368605472147465 ] ] ] } },
{ "type": "Feature", "properties": { }, "geometry": { "type": "Polygon", "coordinates": [ [ [ 696096.810670798877254, 4484800.369360889308155 ], [ 696096.980669120443054, 4484800.370116305537522 ], [ 696096.987875107326545, 4484797.420125106349587 ], [ 696096.817876785760745, 4484797.41936969012022 ], [ 696096.810670798877254, 4484800.369360889308155 ] ] ] } },
{ "type": "Feature", "properties": { }, "geometry": { "type": "Polygon", "coordinates": [ [ [ 696076.181549208122306, 4484795.907657488249242 ], [ 696076.351547529688105, 4484795.90841290447861 ], [ 696076.358753516571596, 4484792.958421705290675 ], [ 696076.188755195005797, 4484792.957666289061308 ], [ 696076.181549208122306, 4484795.907657488249242 ] ] ] } },
{ "type": "Feature", "properties": { }, "geometry": { "type": "Polygon", "coordinates": [ [ [ 696076.351547529688105, 4484795.90841290447861 ], [ 696076.521545851253904, 4484795.909168320707977 ], [ 696076.528751838137396, 4484792.959177121520042 ], [ 696076.358753516571596, 4484792.958421705290675 ], [ 696076.351547529688105, 4484795.90841290447861 ] ] ] } },
{ "type": "Feature", "properties": { }, "geometry": { "type": "Polygon", "coordinates": [ [ [ 696076.52154585137032, 4484795.909168320707977 ], [ 696076.691544172936119, 4484795.909923736937344 ], [ 696076.69875015981961, 4484792.95993253774941 ], [ 696076.528751838253811, 4484792.959177121520042 ], [ 696076.52154585137032, 4484795.909168320707977 ] ] ] } },
{ "type": "Feature", "properties": { }, "geometry": { "type": "Polygon", "coordinates": [ [ [ 696076.691544172936119, 4484795.909923737868667 ], [ 696076.861542494501919, 4484795.910679154098034 ], [ 696076.86874848138541, 4484792.9606879549101 ], [ 696076.69875015981961, 4484792.959932538680732 ], [ 696076.691544172936119, 4484795.909923737868667 ] ] ] } },
{ "type": "Feature", "properties": { }, "geometry": { "type": "Polygon", "coordinates": [ [ [ 696076.861542494501919, 4484795.910679154098034 ], [ 696077.031540816067718, 4484795.911434570327401 ], [ 696077.038746802951209, 4484792.961443371139467 ], [ 696076.86874848138541, 4484792.9606879549101 ], [ 696076.861542494501919, 4484795.910679154098034 ] ] ] } },
{ "type": "Feature", "properties": { }, "geometry": { "type": "Polygon", "coordinates": [ [ [ 696077.031540816067718, 4484795.911434570327401 ], [ 696077.201539137633517, 4484795.912189986556768 ], [ 696077.208745124517009, 4484792.962198787368834 ], [ 696077.038746802951209, 4484792.961443371139467 ], [ 696077.031540816067718, 4484795.911434570327401 ] ] ] } },
{ "type": "Feature", "properties": { }, "geometry": { "type": "Polygon", "coordinates": [ [ [ 696077.201539137749933, 4484795.912189986556768 ], [ 696077.371537459315732, 4484795.912945402786136 ], [ 696077.378743446199223, 4484792.962954203598201 ], [ 696077.208745124633424, 4484792.962198787368834 ], [ 696077.201539137749933, 4484795.912189986556768 ] ] ] } },
{ "type": "Feature", "properties": { }, "geometry": { "type": "Polygon", "coordinates": [ [ [ 696078.361527685075998, 4484795.917344592511654 ], [ 696078.531526006641798, 4484795.918100008741021 ], [ 696078.538731993525289, 4484792.968108809553087 ], [ 696078.36873367195949, 4484792.96735339332372 ], [ 696078.361527685075998, 4484795.917344592511654 ] ] ] } },
{ "type": "Feature", "properties": { }, "geometry": { "type": "Polygon", "coordinates": [ [ [ 696078.531526006641798, 4484795.918100008741021 ], [ 696078.701524328207597, 4484795.918855424970388 ], [ 696078.708730315091088, 4484792.968864225782454 ], [ 696078.538731993525289, 4484792.968108809553087 ], [ 696078.531526006641798, 4484795.918100008741021 ] ] ] } },
{ "type": "Feature", "properties": { }, "geometry": { "type": "Polygon", "coordinates": [ [ [ 696078.701524328324012, 4484795.918855425901711 ], [ 696078.871522649889812, 4484795.919610842131078 ], [ 696078.878728636773303, 4484792.969619642943144 ], [ 696078.708730315207504, 4484792.968864226713777 ], [ 696078.701524328324012, 4484795.918855425901711 ] ] ] } },
{ "type": "Feature", "properties": { }, "geometry": { "type": "Polygon", "coordinates": [ [ [ 696078.871522649889812, 4484795.919610842131078 ], [ 696079.041520971455611, 4484795.920366258360445 ], [ 696079.048726958339103, 4484792.970375059172511 ], [ 696078.878728636773303, 4484792.969619642943144 ], [ 696078.871522649889812, 4484795.919610842131078 ] ] ] } },
{ "type": "Feature", "properties": { }, "geometry": { "type": "Polygon", "coordinates": [ [ [ 696079.041520971455611, 4484795.920366258360445 ], [ 696079.211519293021411, 4484795.921121674589813 ], [ 696079.218725279904902, 4484792.971130475401878 ], [ 696079.048726958339103, 4484792.970375059172511 ], [ 696079.041520971455611, 4484795.920366258360445 ] ] ] } },
{ "type": "Feature", "properties": { }, "geometry": { "type": "Polygon", "coordinates": [ [ [ 696079.211519293021411, 4484795.921121674589813 ], [ 696079.38151761458721, 4484795.92187709081918 ], [ 696079.388723601470701, 4484792.971885891631246 ], [ 696079.218725279904902, 4484792.971130475401878 ], [ 696079.211519293021411, 4484795.921121674589813 ] ] ] } },
{ "type": "Feature", "properties": { }, "geometry": { "type": "Polygon", "coordinates": [ [ [ 696079.381517614703625, 4484795.92187709081918 ], [ 696079.551515936269425, 4484795.922632507048547 ], [ 696079.558721923152916, 4484792.972641307860613 ], [ 696079.388723601587117, 4484792.971885891631246 ], [ 696079.381517614703625, 4484795.92187709081918 ] ] ] } },
{ "type": "Feature", "properties": { }, "geometry": { "type": "Polygon", "coordinates": [ [ [ 696080.541506162029691, 4484795.927031696774065 ], [ 696080.71150448359549, 4484795.927787113003433 ], [ 696080.718710470478982, 4484792.977795913815498 ], [ 696080.548712148913182, 4484792.977040497586131 ], [ 696080.541506162029691, 4484795.927031696774065 ] ] ] } },
{ "type": "Feature", "properties": { }, "geometry": { "type": "Polygon", "coordinates": [ [ [ 696080.71150448359549, 4484795.927787113934755 ], [ 696080.88150280516129, 4484795.928542530164123 ], [ 696080.888708792044781, 4484792.978551330976188 ], [ 696080.718710470478982, 4484792.977795914746821 ], [ 696080.71150448359549, 4484795.927787113934755 ] ] ] } },
{ "type": "Feature", "properties": { }, "geometry": { "type": "Polygon", "coordinates": [ [ [ 696080.881502805277705, 4484795.928542530164123 ], [ 696081.051501126843505, 4484795.92929794639349 ], [ 696081.058707113726996, 4484792.979306747205555 ], [ 696080.888708792161196, 4484792.978551330976188 ], [ 696080.881502805277705, 4484795.928542530164123 ] ] ] } },
{ "type": "Feature", "properties": { }, "geometry": { "type": "Polygon", "coordinates": [ [ [ 696081.051501126843505, 4484795.92929794639349 ], [ 696081.221499448409304, 4484795.930053362622857 ], [ 696081.228705435292795, 4484792.980062163434923 ], [ 696081.058707113726996, 4484792.979306747205555 ], [ 696081.051501126843505, 4484795.92929794639349 ] ] ] } },
{ "type": "Feature", "properties": { }, "geometry": { "type": "Polygon", "coordinates": [ [ [ 696081.221499448409304, 4484795.930053362622857 ], [ 696081.391497769975103, 4484795.930808778852224 ], [ 696081.398703756858595, 4484792.98081757966429 ], [ 696081.228705435292795, 4484792.980062163434923 ], [ 696081.221499448409304, 4484795.930053362622857 ] ] ] } },
{ "type": "Feature", "properties": { }, "geometry": { "type": "Polygon", "coordinates": [ [ [ 696081.391497769975103, 4484795.930808778852224 ], [ 696081.561496091540903, 4484795.931564195081592 ], [ 696081.568702078424394, 4484792.981572995893657 ], [ 696081.398703756858595, 4484792.98081757966429 ], [ 696081.391497769975103, 4484795.930808778852224 ] ] ] } },
{ "type": "Feature", "properties": { }, "geometry": { "type": "Polygon", "coordinates": [ [ [ 696081.561496091657318, 4484795.931564195081592 ], [ 696081.731494413223118, 4484795.932319611310959 ], [ 696081.738700400106609, 4484792.982328412123024 ], [ 696081.568702078540809, 4484792.981572995893657 ], [ 696081.561496091657318, 4484795.931564195081592 ] ] ] } },
{ "type": "Feature", "properties": { }, "geometry": { "type": "Polygon", "coordinates": [ [ [ 696082.721484638983384, 4484795.936718801036477 ], [ 696082.891482960549183, 4484795.937474217265844 ], [ 696082.898688947432674, 4484792.98748301807791 ], [ 696082.728690625866875, 4484792.986727601848543 ], [ 696082.721484638983384, 4484795.936718801036477 ] ] ] } },
{ "type": "Feature", "properties": { }, "geometry": { "type": "Polygon", "coordinates": [ [ [ 696082.891482960549183, 4484795.937474218197167 ], [ 696083.061481282114983, 4484795.938229634426534 ], [ 696083.068687268998474, 4484792.9882384352386 ], [ 696082.898688947432674, 4484792.987483019009233 ], [ 696082.891482960549183, 4484795.937474218197167 ] ] ] } },
{ "type": "Feature", "properties": { }, "geometry": { "type": "Polygon", "coordinates": [ [ [ 696083.061481282231398, 4484795.938229634426534 ], [ 696083.231479603797197, 4484795.938985050655901 ], [ 696083.238685590680689, 4484792.988993851467967 ], [ 696083.068687269114889, 4484792.9882384352386 ], [ 696083.061481282231398, 4484795.938229634426534 ] ] ] } },
{ "type": "Feature", "properties": { }, "geometry": { "type": "Polygon", "coordinates": [ [ [ 696083.231479603797197, 4484795.938985050655901 ], [ 696083.401477925362997, 4484795.939740466885269 ], [ 696083.408683912246488, 4484792.989749267697334 ], [ 696083.238685590680689, 4484792.988993851467967 ], [ 696083.231479603797197, 4484795.938985050655901 ] ] ] } },
{ "type": "Feature", "properties": { }, "geometry": { "type": "Polygon", "coordinates": [ [ [ 696083.401477925362997, 4484795.939740466885269 ], [ 696083.571476246928796, 4484795.940495883114636 ], [ 696083.578682233812287, 4484792.990504683926702 ], [ 696083.408683912246488, 4484792.989749267697334 ], [ 696083.401477925362997, 4484795.939740466885269 ] ] ] } },
{ "type": "Feature", "properties": { }, "geometry": { "type": "Polygon", "coordinates": [ [ [ 696083.571476247045211, 4484795.940495883114636 ], [ 696083.741474568611011, 4484795.941251299344003 ], [ 696083.748680555494502, 4484792.991260100156069 ], [ 696083.578682233928703, 4484792.990504683926702 ], [ 696083.571476247045211, 4484795.940495883114636 ] ] ] } },
{ "type": "Feature", "properties": { }, "geometry": { "type": "Polygon", "coordinates": [ [ [ 696083.741474568611011, 4484795.941251300275326 ], [ 696083.91147289017681, 4484795.942006716504693 ], [ 696083.918678877060302, 4484792.992015517316759 ], [ 696083.748680555494502, 4484792.991260101087391 ], [ 696083.741474568611011, 4484795.941251300275326 ] ] ] } },
{ "type": "Feature", "properties": { }, "geometry": { "type": "Polygon", "coordinates": [ [ [ 696084.901463115937077, 4484795.946405906230211 ], [ 696085.071461437502876, 4484795.947161322459579 ], [ 696085.078667424386367, 4484792.997170123271644 ], [ 696084.908669102820568, 4484792.996414707042277 ], [ 696084.901463115937077, 4484795.946405906230211 ] ] ] } },
{ "type": "Feature", "properties": { }, "geometry": { "type": "Polygon", "coordinates": [ [ [ 696085.071461437502876, 4484795.947161322459579 ], [ 696085.241459759068675, 4484795.947916738688946 ], [ 696085.248665745952167, 4484792.997925539501011 ], [ 696085.078667424386367, 4484792.997170123271644 ], [ 696085.071461437502876, 4484795.947161322459579 ] ] ] } },
{ "type": "Feature", "properties": { }, "geometry": { "type": "Polygon", "coordinates": [ [ [ 696085.241459759185091, 4484795.947916738688946 ], [ 696085.41145808075089, 4484795.948672154918313 ], [ 696085.418664067634381, 4484792.998680955730379 ], [ 696085.248665746068582, 4484792.997925539501011 ], [ 696085.241459759185091, 4484795.947916738688946 ] ] ] } },
{ "type": "Feature", "properties": { }, "geometry": { "type": "Polygon", "coordinates": [ [ [ 696085.41145808075089, 4484795.948672154918313 ], [ 696085.581456402316689, 4484795.94942757114768 ], [ 696085.588662389200181, 4484792.999436371959746 ], [ 696085.418664067634381, 4484792.998680955730379 ], [ 696085.41145808075089, 4484795.948672154918313 ] ] ] } },
{ "type": "Feature", "properties": { }, "geometry": { "type": "Polygon", "coordinates": [ [ [ 696085.581456402316689, 4484795.94942757114768 ], [ 696085.751454723882489, 4484795.950182987377048 ], [ 696085.75866071076598, 4484793.000191788189113 ], [ 696085.588662389200181, 4484792.999436371959746 ], [ 696085.581456402316689, 4484795.94942757114768 ] ] ] } },
{ "type": "Feature", "properties": { }, "geometry": { "type": "Polygon", "coordinates": [ [ [ 696085.751454723998904, 4484795.95018298830837 ], [ 696085.921453045564704, 4484795.950938404537737 ], [ 696085.928659032448195, 4484793.000947205349803 ], [ 696085.758660710882396, 4484793.000191789120436 ], [ 696085.751454723998904, 4484795.95018298830837 ] ] ] } },
{ "type": "Feature", "properties": { }, "geometry": { "type": "Polygon", "coordinates": [ [ [ 696085.921453045564704, 4484795.950938404537737 ], [ 696086.091451367130503, 4484795.951693820767105 ], [ 696086.098657354013994, 4484793.00170262157917 ], [ 696085.928659032448195, 4484793.000947205349803 ], [ 696085.921453045564704, 4484795.950938404537737 ] ] ] } },
{ "type": "Feature", "properties": { }, "geometry": { "type": "Polygon", "coordinates": [ [ [ 696087.081441592890769, 4484795.956093010492623 ], [ 696087.251439914456569, 4484795.95684842672199 ], [ 696087.25864590134006, 4484793.006857227534056 ], [ 696087.088647579774261, 4484793.006101811304688 ], [ 696087.081441592890769, 4484795.956093010492623 ] ] ] } },
{ "type": "Feature", "properties": { }, "geometry": { "type": "Polygon", "coordinates": [ [ [ 696087.251439914572984, 4484795.95684842672199 ], [ 696087.421438236138783, 4484795.957603842951357 ], [ 696087.428644223022275, 4484793.007612643763423 ], [ 696087.258645901456475, 4484793.006857227534056 ], [ 696087.251439914572984, 4484795.95684842672199 ] ] ] } },
{ "type": "Feature", "properties": { }, "geometry": { "type": "Polygon", "coordinates": [ [ [ 696087.421438236138783, 4484795.957603842951357 ], [ 696087.591436557704583, 4484795.958359259180725 ], [ 696087.598642544588074, 4484793.00836805999279 ], [ 696087.428644223022275, 4484793.007612643763423 ], [ 696087.421438236138783, 4484795.957603842951357 ] ] ] } },
{ "type": "Feature", "properties": { }, "geometry": { "type": "Polygon", "coordinates": [ [ [ 696087.591436557704583, 4484795.958359259180725 ], [ 696087.761434879270382, 4484795.959114675410092 ], [ 696087.768640866153874, 4484793.009123476222157 ], [ 696087.598642544588074, 4484793.00836805999279 ], [ 696087.591436557704583, 4484795.958359259180725 ] ] ] } },
{ "type": "Feature", "properties": { }, "geometry": { "type": "Polygon", "coordinates": [ [ [ 696087.761434879270382, 4484795.959114676341414 ], [ 696087.931433200836182, 4484795.959870092570782 ], [ 696087.938639187719673, 4484793.009878893382847 ], [ 696087.768640866153874, 4484793.00912347715348 ], [ 696087.761434879270382, 4484795.959114676341414 ] ] ] } },
{ "type": "Feature", "properties": { }, "geometry": { "type": "Polygon", "coordinates": [ [ [ 696087.931433200952597, 4484795.959870092570782 ], [ 696088.101431522518396, 4484795.960625508800149 ], [ 696088.108637509401888, 4484793.010634309612215 ], [ 696087.938639187836088, 4484793.009878893382847 ], [ 696087.931433200952597, 4484795.959870092570782 ] ] ] } },
{ "type": "Feature", "properties": { }, "geometry": { "type": "Polygon", "coordinates": [ [ [ 696088.101431522518396, 4484795.960625508800149 ], [ 696088.271429844084196, 4484795.961380925029516 ], [ 696088.278635830967687, 4484793.011389725841582 ], [ 696088.108637509401888, 4484793.010634309612215 ], [ 696088.101431522518396, 4484795.960625508800149 ] ] ] } },
{ "type": "Feature", "properties": { }, "geometry": { "type": "Polygon", "coordinates": [ [ [ 696089.261420069844462, 4484795.965780114755034 ], [ 696089.431418391410261, 4484795.966535530984402 ], [ 696089.438624378293753, 4484793.016544331796467 ], [ 696089.268626056727953, 4484793.0157889155671 ], [ 696089.261420069844462, 4484795.965780114755034 ] ] ] } },
{ "type": "Feature", "properties": { }, "geometry": { "type": "Polygon", "coordinates": [ [ [ 696089.431418391526677, 4484795.966535530984402 ], [ 696089.601416713092476, 4484795.967290947213769 ], [ 696089.608622699975967, 4484793.017299748025835 ], [ 696089.438624378410168, 4484793.016544331796467 ], [ 696089.431418391526677, 4484795.966535530984402 ] ] ] } },
{ "type": "Feature", "properties": { }, "geometry": { "type": "Polygon", "coordinates": [ [ [ 696089.601416713092476, 4484795.967290947213769 ], [ 696089.771415034658276, 4484795.968046363443136 ], [ 696089.778621021541767, 4484793.018055164255202 ], [ 696089.608622699975967, 4484793.017299748025835 ], [ 696089.601416713092476, 4484795.967290947213769 ] ] ] } },
{ "type": "Feature", "properties": { }, "geometry": { "type": "Polygon", "coordinates": [ [ [ 696089.771415034658276, 4484795.968046364374459 ], [ 696089.941413356224075, 4484795.968801780603826 ], [ 696089.948619343107566, 4484793.018810581415892 ], [ 696089.778621021541767, 4484793.018055165186524 ], [ 696089.771415034658276, 4484795.968046364374459 ] ] ] } },
{ "type": "Feature", "properties": { }, "geometry": { "type": "Polygon", "coordinates": [ [ [ 696089.941413356224075, 4484795.968801780603826 ], [ 696090.111411677789874, 4484795.969557196833193 ], [ 696090.118617664673366, 4484793.019565997645259 ], [ 696089.948619343107566, 4484793.018810581415892 ], [ 696089.941413356224075, 4484795.968801780603826 ] ] ] } },
{ "type": "Feature", "properties": { }, "geometry": { "type": "Polygon", "coordinates": [ [ [ 696090.11141167790629, 4484795.969557196833193 ], [ 696090.281409999472089, 4484795.970312613062561 ], [ 696090.28861598635558, 4484793.020321413874626 ], [ 696090.118617664789781, 4484793.019565997645259 ], [ 696090.11141167790629, 4484795.969557196833193 ] ] ] } },
{ "type": "Feature", "properties": { }, "geometry": { "type": "Polygon", "coordinates": [ [ [ 696090.281409999472089, 4484795.970312613062561 ], [ 696090.451408321037889, 4484795.971068029291928 ], [ 696090.45861430792138, 4484793.021076830103993 ], [ 696090.28861598635558, 4484793.020321413874626 ], [ 696090.281409999472089, 4484795.970312613062561 ] ] ] } },
{ "type": "Feature", "properties": { }, "geometry": { "type": "Polygon", "coordinates": [ [ [ 696091.441398546798155, 4484795.975467219017446 ], [ 696091.611396868363954, 4484795.976222635246813 ], [ 696091.618602855247445, 4484793.026231436058879 ], [ 696091.448604533681646, 4484793.025476019829512 ], [ 696091.441398546798155, 4484795.975467219017446 ] ] ] } },
{ "type": "Feature", "properties": { }, "geometry": { "type": "Polygon", "coordinates": [ [ [ 696091.611396868480369, 4484795.976222635246813 ], [ 696091.781395190046169, 4484795.976978051476181 ], [ 696091.78860117692966, 4484793.026986852288246 ], [ 696091.618602855363861, 4484793.026231436058879 ], [ 696091.611396868480369, 4484795.976222635246813 ] ] ] } },
{ "type": "Feature", "properties": { }, "geometry": { "type": "Polygon", "coordinates": [ [ [ 696091.781395190046169, 4484795.976978052407503 ], [ 696091.951393511611968, 4484795.97773346863687 ], [ 696091.95859949849546, 4484793.027742269448936 ], [ 696091.78860117692966, 4484793.026986853219569 ], [ 696091.781395190046169, 4484795.976978052407503 ] ] ] } },
{ "type": "Feature", "properties": { }, "geometry": { "type": "Polygon", "coordinates": [ [ [ 696091.951393511611968, 4484795.97773346863687 ], [ 696092.121391833177768, 4484795.978488884866238 ], [ 696092.128597820061259, 4484793.028497685678303 ], [ 696091.95859949849546, 4484793.027742269448936 ], [ 696091.951393511611968, 4484795.97773346863687 ] ] ] } },
{ "type": "Feature", "properties": { }, "geometry": { "type": "Polygon", "coordinates": [ [ [ 696092.121391833177768, 4484795.978488884866238 ], [ 696092.291390154743567, 4484795.979244301095605 ], [ 696092.298596141627058, 4484793.02925310190767 ], [ 696092.128597820061259, 4484793.028497685678303 ], [ 696092.121391833177768, 4484795.978488884866238 ] ] ] } },
{ "type": "Feature", "properties": { }, "geometry": { "type": "Polygon", "coordinates": [ [ [ 696092.291390154859982, 4484795.979244301095605 ], [ 696092.461388476425782, 4484795.979999717324972 ], [ 696092.468594463309273, 4484793.030008518137038 ], [ 696092.298596141743474, 4484793.02925310190767 ], [ 696092.291390154859982, 4484795.979244301095605 ] ] ] } },
{ "type": "Feature", "properties": { }, "geometry": { "type": "Polygon", "coordinates": [ [ [ 696092.461388476425782, 4484795.979999717324972 ], [ 696092.631386797991581, 4484795.980755133554339 ], [ 696092.638592784875073, 4484793.030763934366405 ], [ 696092.468594463309273, 4484793.030008518137038 ], [ 696092.461388476425782, 4484795.979999717324972 ] ] ] } },
{ "type": "Feature", "properties": { }, "geometry": { "type": "Polygon", "coordinates": [ [ [ 696093.621377023751847, 4484795.985154323279858 ], [ 696093.791375345317647, 4484795.985909739509225 ], [ 696093.798581332201138, 4484793.03591854032129 ], [ 696093.628583010635339, 4484793.035163124091923 ], [ 696093.621377023751847, 4484795.985154323279858 ] ] ] } },
{ "type": "Feature", "properties": { }, "geometry": { "type": "Polygon", "coordinates": [ [ [ 696093.791375345434062, 4484795.985909740440547 ], [ 696093.961373666999862, 4484795.986665156669915 ], [ 696093.968579653883353, 4484793.03667395748198 ], [ 696093.798581332317553, 4484793.035918541252613 ], [ 696093.791375345434062, 4484795.985909740440547 ] ] ] } },
{ "type": "Feature", "properties": { }, "geometry": { "type": "Polygon", "coordinates": [ [ [ 696093.961373666999862, 4484795.986665156669915 ], [ 696094.131371988565661, 4484795.987420572899282 ], [ 696094.138577975449152, 4484793.037429373711348 ], [ 696093.968579653883353, 4484793.03667395748198 ], [ 696093.961373666999862, 4484795.986665156669915 ] ] ] } },
{ "type": "Feature", "properties": { }, "geometry": { "type": "Polygon", "coordinates": [ [ [ 696094.131371988565661, 4484795.987420572899282 ], [ 696094.30137031013146, 4484795.988175989128649 ], [ 696094.308576297014952, 4484793.038184789940715 ], [ 696094.138577975449152, 4484793.037429373711348 ], [ 696094.131371988565661, 4484795.987420572899282 ] ] ] } },
{ "type": "Feature", "properties": { }, "geometry": { "type": "Polygon", "coordinates": [ [ [ 696094.301370310247876, 4484795.988175989128649 ], [ 696094.471368631813675, 4484795.988931405358016 ], [ 696094.478574618697166, 4484793.038940206170082 ], [ 696094.308576297131367, 4484793.038184789940715 ], [ 696094.301370310247876, 4484795.988175989128649 ] ] ] } },
{ "type": "Feature", "properties": { }, "geometry": { "type": "Polygon", "coordinates": [ [ [ 696094.471368631813675, 4484795.988931405358016 ], [ 696094.641366953379475, 4484795.989686821587384 ], [ 696094.648572940262966, 4484793.039695622399449 ], [ 696094.478574618697166, 4484793.038940206170082 ], [ 696094.471368631813675, 4484795.988931405358016 ] ] ] } },
{ "type": "Feature", "properties": { }, "geometry": { "type": "Polygon", "coordinates": [ [ [ 696094.641366953379475, 4484795.989686821587384 ], [ 696094.811365274945274, 4484795.990442237816751 ], [ 696094.818571261828765, 4484793.040451038628817 ], [ 696094.648572940262966, 4484793.039695622399449 ], [ 696094.641366953379475, 4484795.989686821587384 ] ] ] } },
{ "type": "Feature", "properties": { }, "geometry": { "type": "Polygon", "coordinates": [ [ [ 696095.80135550070554, 4484795.994841427542269 ], [ 696095.97135382227134, 4484795.995596843771636 ], [ 696095.978559809154831, 4484793.045605644583702 ], [ 696095.808561487589031, 4484793.044850228354335 ], [ 696095.80135550070554, 4484795.994841427542269 ] ] ] } },
{ "type": "Feature", "properties": { }, "geometry": { "type": "Polygon", "coordinates": [ [ [ 696095.971353822387755, 4484795.995596844702959 ], [ 696096.141352143953554, 4484795.996352260932326 ], [ 696096.148558130837046, 4484793.046361061744392 ], [ 696095.978559809271246, 4484793.045605645515025 ], [ 696095.971353822387755, 4484795.995596844702959 ] ] ] } },
{ "type": "Feature", "properties": { }, "geometry": { "type": "Polygon", "coordinates": [ [ [ 696096.141352143953554, 4484795.996352260932326 ], [ 696096.311350465519354, 4484795.997107677161694 ], [ 696096.318556452402845, 4484793.047116477973759 ], [ 696096.148558130837046, 4484793.046361061744392 ], [ 696096.141352143953554, 4484795.996352260932326 ] ] ] } },
{ "type": "Feature", "properties": { }, "geometry": { "type": "Polygon", "coordinates": [ [ [ 696096.311350465519354, 4484795.997107677161694 ], [ 696096.481348787085153, 4484795.997863093391061 ], [ 696096.488554773968644, 4484793.047871894203126 ], [ 696096.318556452402845, 4484793.047116477973759 ], [ 696096.311350465519354, 4484795.997107677161694 ] ] ] } },
{ "type": "Feature", "properties": { }, "geometry": { "type": "Polygon", "coordinates": [ [ [ 696096.481348787201568, 4484795.997863093391061 ], [ 696096.651347108767368, 4484795.998618509620428 ], [ 696096.658553095650859, 4484793.048627310432494 ], [ 696096.48855477408506, 4484793.047871894203126 ], [ 696096.481348787201568, 4484795.997863093391061 ] ] ] } },
{ "type": "Feature", "properties": { }, "geometry": { "type": "Polygon", "coordinates": [ [ [ 696096.651347108767368, 4484795.998618509620428 ], [ 696096.821345430333167, 4484795.999373925849795 ], [ 696096.828551417216659, 4484793.049382726661861 ], [ 696096.658553095650859, 4484793.048627310432494 ], [ 696096.651347108767368, 4484795.998618509620428 ] ] ] } },
{ "type": "Feature", "properties": { }, "geometry": { "type": "Polygon", "coordinates": [ [ [ 696096.821345430333167, 4484795.999373926781118 ], [ 696096.991343751898967, 4484796.000129343010485 ], [ 696096.998549738782458, 4484793.050138143822551 ], [ 696096.828551417216659, 4484793.049382727593184 ], [ 696096.821345430333167, 4484795.999373926781118 ] ] ] } },
{ "type": "Feature", "properties": { }, "geometry": { "type": "Polygon", "coordinates": [ [ [ 696076.192223839461803, 4484791.537670525722206 ], [ 696076.362222161027603, 4484791.538425941951573 ], [ 696076.369428147911094, 4484788.588434742763638 ], [ 696076.199429826345295, 4484788.587679326534271 ], [ 696076.192223839461803, 4484791.537670525722206 ] ] ] } },
{ "type": "Feature", "properties": { }, "geometry": { "type": "Polygon", "coordinates": [ [ [ 696076.362222161027603, 4484791.538425941951573 ], [ 696076.532220482593402, 4484791.53918135818094 ], [ 696076.539426469476894, 4484788.589190158993006 ], [ 696076.369428147911094, 4484788.588434742763638 ], [ 696076.362222161027603, 4484791.538425941951573 ] ] ] } },
{ "type": "Feature", "properties": { }, "geometry": { "type": "Polygon", "coordinates": [ [ [ 696076.532220482709818, 4484791.53918135818094 ], [ 696076.702218804275617, 4484791.539936774410307 ], [ 696076.709424791159108, 4484788.589945575222373 ], [ 696076.539426469593309, 4484788.589190158993006 ], [ 696076.532220482709818, 4484791.53918135818094 ] ] ] } },
{ "type": "Feature", "properties": { }, "geometry": { "type": "Polygon", "coordinates": [ [ [ 696076.702218804275617, 4484791.53993677534163 ], [ 696076.872217125841416, 4484791.540692191570997 ], [ 696076.879423112724908, 4484788.590700992383063 ], [ 696076.709424791159108, 4484788.589945576153696 ], [ 696076.702218804275617, 4484791.53993677534163 ] ] ] } },
{ "type": "Feature", "properties": { }, "geometry": { "type": "Polygon", "coordinates": [ [ [ 696076.872217125841416, 4484791.540692191570997 ], [ 696077.042215447407216, 4484791.541447607800364 ], [ 696077.049421434290707, 4484788.59145640861243 ], [ 696076.879423112724908, 4484788.590700992383063 ], [ 696076.872217125841416, 4484791.540692191570997 ] ] ] } },
{ "type": "Feature", "properties": { }, "geometry": { "type": "Polygon", "coordinates": [ [ [ 696077.042215447407216, 4484791.541447607800364 ], [ 696077.212213768973015, 4484791.542203024029732 ], [ 696077.219419755856507, 4484788.592211824841797 ], [ 696077.049421434290707, 4484788.59145640861243 ], [ 696077.042215447407216, 4484791.541447607800364 ] ] ] } },
{ "type": "Feature", "properties": { }, "geometry": { "type": "Polygon", "coordinates": [ [ [ 696077.212213769089431, 4484791.542203024029732 ], [ 696077.38221209065523, 4484791.542958440259099 ], [ 696077.389418077538721, 4484788.592967241071165 ], [ 696077.219419755972922, 4484788.592211824841797 ], [ 696077.212213769089431, 4484791.542203024029732 ] ] ] } },
{ "type": "Feature", "properties": { }, "geometry": { "type": "Polygon", "coordinates": [ [ [ 696078.372202316415496, 4484791.547357629984617 ], [ 696078.542200637981296, 4484791.548113046213984 ], [ 696078.549406624864787, 4484788.59812184702605 ], [ 696078.379408303298987, 4484788.597366430796683 ], [ 696078.372202316415496, 4484791.547357629984617 ] ] ] } },
{ "type": "Feature", "properties": { }, "geometry": { "type": "Polygon", "coordinates": [ [ [ 696078.542200637981296, 4484791.548113046213984 ], [ 696078.712198959547095, 4484791.548868462443352 ], [ 696078.719404946430586, 4484788.598877263255417 ], [ 696078.549406624864787, 4484788.59812184702605 ], [ 696078.542200637981296, 4484791.548113046213984 ] ] ] } },
{ "type": "Feature", "properties": { }, "geometry": { "type": "Polygon", "coordinates": [ [ [ 696078.71219895966351, 4484791.548868463374674 ], [ 696078.88219728122931, 4484791.549623879604042 ], [ 696078.889403268112801, 4484788.599632680416107 ], [ 696078.719404946547002, 4484788.59887726418674 ], [ 696078.71219895966351, 4484791.548868463374674 ] ] ] } },
{ "type": "Feature", "properties": { }, "geometry": { "type": "Polygon", "coordinates": [ [ [ 696078.88219728122931, 4484791.549623879604042 ], [ 696079.052195602795109, 4484791.550379295833409 ], [ 696079.0594015896786, 4484788.600388096645474 ], [ 696078.889403268112801, 4484788.599632680416107 ], [ 696078.88219728122931, 4484791.549623879604042 ] ] ] } },
{ "type": "Feature", "properties": { }, "geometry": { "type": "Polygon", "coordinates": [ [ [ 696079.052195602795109, 4484791.550379295833409 ], [ 696079.222193924360909, 4484791.551134712062776 ], [ 696079.2293999112444, 4484788.601143512874842 ], [ 696079.0594015896786, 4484788.600388096645474 ], [ 696079.052195602795109, 4484791.550379295833409 ] ] ] } },
{ "type": "Feature", "properties": { }, "geometry": { "type": "Polygon", "coordinates": [ [ [ 696079.222193924360909, 4484791.551134712062776 ], [ 696079.392192245926708, 4484791.551890128292143 ], [ 696079.399398232810199, 4484788.601898929104209 ], [ 696079.2293999112444, 4484788.601143512874842 ], [ 696079.222193924360909, 4484791.551134712062776 ] ] ] } },
{ "type": "Feature", "properties": { }, "geometry": { "type": "Polygon", "coordinates": [ [ [ 696079.392192246043123, 4484791.551890128292143 ], [ 696079.562190567608923, 4484791.552645544521511 ], [ 696079.569396554492414, 4484788.602654345333576 ], [ 696079.399398232926615, 4484788.601898929104209 ], [ 696079.392192246043123, 4484791.551890128292143 ] ] ] } },
{ "type": "Feature", "properties": { }, "geometry": { "type": "Polygon", "coordinates": [ [ [ 696080.552180793369189, 4484791.557044734247029 ], [ 696080.722179114934988, 4484791.557800150476396 ], [ 696080.72938510181848, 4484788.607808951288462 ], [ 696080.55938678025268, 4484788.607053535059094 ], [ 696080.552180793369189, 4484791.557044734247029 ] ] ] } },
{ "type": "Feature", "properties": { }, "geometry": { "type": "Polygon", "coordinates": [ [ [ 696080.722179114934988, 4484791.557800151407719 ], [ 696080.892177436500788, 4484791.558555567637086 ], [ 696080.899383423384279, 4484788.608564368449152 ], [ 696080.72938510181848, 4484788.607808952219784 ], [ 696080.722179114934988, 4484791.557800151407719 ] ] ] } },
{ "type": "Feature", "properties": { }, "geometry": { "type": "Polygon", "coordinates": [ [ [ 696080.892177436617203, 4484791.558555567637086 ], [ 696081.062175758183002, 4484791.559310983866453 ], [ 696081.069381745066494, 4484788.609319784678519 ], [ 696080.899383423500694, 4484788.608564368449152 ], [ 696080.892177436617203, 4484791.558555567637086 ] ] ] } },
{ "type": "Feature", "properties": { }, "geometry": { "type": "Polygon", "coordinates": [ [ [ 696081.062175758183002, 4484791.559310983866453 ], [ 696081.232174079748802, 4484791.56006640009582 ], [ 696081.239380066632293, 4484788.610075200907886 ], [ 696081.069381745066494, 4484788.609319784678519 ], [ 696081.062175758183002, 4484791.559310983866453 ] ] ] } },
{ "type": "Feature", "properties": { }, "geometry": { "type": "Polygon", "coordinates": [ [ [ 696081.232174079748802, 4484791.56006640009582 ], [ 696081.402172401314601, 4484791.560821816325188 ], [ 696081.409378388198093, 4484788.610830617137253 ], [ 696081.239380066632293, 4484788.610075200907886 ], [ 696081.232174079748802, 4484791.56006640009582 ] ] ] } },
{ "type": "Feature", "properties": { }, "geometry": { "type": "Polygon", "coordinates": [ [ [ 696081.402172401314601, 4484791.560821816325188 ], [ 696081.572170722880401, 4484791.561577232554555 ], [ 696081.579376709763892, 4484788.611586033366621 ], [ 696081.409378388198093, 4484788.610830617137253 ], [ 696081.402172401314601, 4484791.560821816325188 ] ] ] } },
{ "type": "Feature", "properties": { }, "geometry": { "type": "Polygon", "coordinates": [ [ [ 696081.572170722996816, 4484791.561577232554555 ], [ 696081.742169044562615, 4484791.562332648783922 ], [ 696081.749375031446107, 4484788.612341449595988 ], [ 696081.579376709880307, 4484788.611586033366621 ], [ 696081.572170722996816, 4484791.561577232554555 ] ] ] } },
{ "type": "Feature", "properties": { }, "geometry": { "type": "Polygon", "coordinates": [ [ [ 696082.732159270322882, 4484791.56673183850944 ], [ 696082.902157591888681, 4484791.567487254738808 ], [ 696082.909363578772172, 4484788.617496055550873 ], [ 696082.739365257206373, 4484788.616740639321506 ], [ 696082.732159270322882, 4484791.56673183850944 ] ] ] } },
{ "type": "Feature", "properties": { }, "geometry": { "type": "Polygon", "coordinates": [ [ [ 696082.902157591888681, 4484791.56748725567013 ], [ 696083.07215591345448, 4484791.568242671899498 ], [ 696083.079361900337972, 4484788.618251472711563 ], [ 696082.909363578772172, 4484788.617496056482196 ], [ 696082.902157591888681, 4484791.56748725567013 ] ] ] } },
{ "type": "Feature", "properties": { }, "geometry": { "type": "Polygon", "coordinates": [ [ [ 696083.072155913570896, 4484791.568242671899498 ], [ 696083.242154235136695, 4484791.568998088128865 ], [ 696083.249360222020186, 4484788.61900688894093 ], [ 696083.079361900454387, 4484788.618251472711563 ], [ 696083.072155913570896, 4484791.568242671899498 ] ] ] } },
{ "type": "Feature", "properties": { }, "geometry": { "type": "Polygon", "coordinates": [ [ [ 696083.242154235136695, 4484791.568998088128865 ], [ 696083.412152556702495, 4484791.569753504358232 ], [ 696083.419358543585986, 4484788.619762305170298 ], [ 696083.249360222020186, 4484788.61900688894093 ], [ 696083.242154235136695, 4484791.568998088128865 ] ] ] } },
{ "type": "Feature", "properties": { }, "geometry": { "type": "Polygon", "coordinates": [ [ [ 696083.412152556702495, 4484791.569753504358232 ], [ 696083.582150878268294, 4484791.570508920587599 ], [ 696083.589356865151785, 4484788.620517721399665 ], [ 696083.419358543585986, 4484788.619762305170298 ], [ 696083.412152556702495, 4484791.569753504358232 ] ] ] } },
{ "type": "Feature", "properties": { }, "geometry": { "type": "Polygon", "coordinates": [ [ [ 696083.582150878384709, 4484791.570508920587599 ], [ 696083.752149199950509, 4484791.571264336816967 ], [ 696083.759355186834, 4484788.621273137629032 ], [ 696083.589356865268201, 4484788.620517721399665 ], [ 696083.582150878384709, 4484791.570508920587599 ] ] ] } },
{ "type": "Feature", "properties": { }, "geometry": { "type": "Polygon", "coordinates": [ [ [ 696083.752149199950509, 4484791.571264337748289 ], [ 696083.922147521516308, 4484791.572019753977656 ], [ 696083.929353508399799, 4484788.622028554789722 ], [ 696083.759355186834, 4484788.621273138560355 ], [ 696083.752149199950509, 4484791.571264337748289 ] ] ] } },
{ "type": "Feature", "properties": { }, "geometry": { "type": "Polygon", "coordinates": [ [ [ 696084.912137747276574, 4484791.576418943703175 ], [ 696085.082136068842374, 4484791.577174359932542 ], [ 696085.089342055725865, 4484788.627183160744607 ], [ 696084.919343734160066, 4484788.62642774451524 ], [ 696084.912137747276574, 4484791.576418943703175 ] ] ] } },
{ "type": "Feature", "properties": { }, "geometry": { "type": "Polygon", "coordinates": [ [ [ 696085.082136068842374, 4484791.577174359932542 ], [ 696085.252134390408173, 4484791.577929776161909 ], [ 696085.259340377291664, 4484788.627938576973975 ], [ 696085.089342055725865, 4484788.627183160744607 ], [ 696085.082136068842374, 4484791.577174359932542 ] ] ] } },
{ "type": "Feature", "properties": { }, "geometry": { "type": "Polygon", "coordinates": [ [ [ 696085.252134390524589, 4484791.577929776161909 ], [ 696085.422132712090388, 4484791.578685192391276 ], [ 696085.429338698973879, 4484788.628693993203342 ], [ 696085.25934037740808, 4484788.627938576973975 ], [ 696085.252134390524589, 4484791.577929776161909 ] ] ] } },
{ "type": "Feature", "properties": { }, "geometry": { "type": "Polygon", "coordinates": [ [ [ 696085.422132712090388, 4484791.578685192391276 ], [ 696085.592131033656187, 4484791.579440608620644 ], [ 696085.599337020539679, 4484788.629449409432709 ], [ 696085.429338698973879, 4484788.628693993203342 ], [ 696085.422132712090388, 4484791.578685192391276 ] ] ] } },
{ "type": "Feature", "properties": { }, "geometry": { "type": "Polygon", "coordinates": [ [ [ 696085.592131033656187, 4484791.579440608620644 ], [ 696085.762129355221987, 4484791.580196024850011 ], [ 696085.769335342105478, 4484788.630204825662076 ], [ 696085.599337020539679, 4484788.629449409432709 ], [ 696085.592131033656187, 4484791.579440608620644 ] ] ] } },
{ "type": "Feature", "properties": { }, "geometry": { "type": "Polygon", "coordinates": [ [ [ 696085.762129355338402, 4484791.580196025781333 ], [ 696085.932127676904202, 4484791.580951442010701 ], [ 696085.939333663787693, 4484788.630960242822766 ], [ 696085.769335342221893, 4484788.630204826593399 ], [ 696085.762129355338402, 4484791.580196025781333 ] ] ] } },
{ "type": "Feature", "properties": { }, "geometry": { "type": "Polygon", "coordinates": [ [ [ 696085.932127676904202, 4484791.580951442010701 ], [ 696086.102125998470001, 4484791.581706858240068 ], [ 696086.109331985353492, 4484788.631715659052134 ], [ 696085.939333663787693, 4484788.630960242822766 ], [ 696085.932127676904202, 4484791.580951442010701 ] ] ] } },
{ "type": "Feature", "properties": { }, "geometry": { "type": "Polygon", "coordinates": [ [ [ 696087.092116224230267, 4484791.586106047965586 ], [ 696087.262114545796067, 4484791.586861464194953 ], [ 696087.269320532679558, 4484788.636870265007019 ], [ 696087.099322211113758, 4484788.636114848777652 ], [ 696087.092116224230267, 4484791.586106047965586 ] ] ] } },
{ "type": "Feature", "properties": { }, "geometry": { "type": "Polygon", "coordinates": [ [ [ 696087.262114545912482, 4484791.586861464194953 ], [ 696087.432112867478281, 4484791.587616880424321 ], [ 696087.439318854361773, 4484788.637625681236386 ], [ 696087.269320532795973, 4484788.636870265007019 ], [ 696087.262114545912482, 4484791.586861464194953 ] ] ] } },
{ "type": "Feature", "properties": { }, "geometry": { "type": "Polygon", "coordinates": [ [ [ 696087.432112867478281, 4484791.587616880424321 ], [ 696087.602111189044081, 4484791.588372296653688 ], [ 696087.609317175927572, 4484788.638381097465754 ], [ 696087.439318854361773, 4484788.637625681236386 ], [ 696087.432112867478281, 4484791.587616880424321 ] ] ] } },
{ "type": "Feature", "properties": { }, "geometry": { "type": "Polygon", "coordinates": [ [ [ 696087.602111189044081, 4484791.588372296653688 ], [ 696087.77210951060988, 4484791.589127712883055 ], [ 696087.779315497493371, 4484788.639136513695121 ], [ 696087.609317175927572, 4484788.638381097465754 ], [ 696087.602111189044081, 4484791.588372296653688 ] ] ] } },
{ "type": "Feature", "properties": { }, "geometry": { "type": "Polygon", "coordinates": [ [ [ 696087.77210951060988, 4484791.589127713814378 ], [ 696087.94210783217568, 4484791.589883130043745 ], [ 696087.949313819059171, 4484788.639891930855811 ], [ 696087.779315497493371, 4484788.639136514626443 ], [ 696087.77210951060988, 4484791.589127713814378 ] ] ] } },
{ "type": "Feature", "properties": { }, "geometry": { "type": "Polygon", "coordinates": [ [ [ 696087.942107832292095, 4484791.589883130043745 ], [ 696088.112106153857894, 4484791.590638546273112 ], [ 696088.119312140741386, 4484788.640647347085178 ], [ 696087.949313819175586, 4484788.639891930855811 ], [ 696087.942107832292095, 4484791.589883130043745 ] ] ] } },
{ "type": "Feature", "properties": { }, "geometry": { "type": "Polygon", "coordinates": [ [ [ 696088.112106153857894, 4484791.590638546273112 ], [ 696088.282104475423694, 4484791.59139396250248 ], [ 696088.289310462307185, 4484788.641402763314545 ], [ 696088.119312140741386, 4484788.640647347085178 ], [ 696088.112106153857894, 4484791.590638546273112 ] ] ] } },
{ "type": "Feature", "properties": { }, "geometry": { "type": "Polygon", "coordinates": [ [ [ 696089.27209470118396, 4484791.595793152227998 ], [ 696089.442093022749759, 4484791.596548568457365 ], [ 696089.449299009633251, 4484788.646557369269431 ], [ 696089.279300688067451, 4484788.645801953040063 ], [ 696089.27209470118396, 4484791.595793152227998 ] ] ] } },
{ "type": "Feature", "properties": { }, "geometry": { "type": "Polygon", "coordinates": [ [ [ 696089.442093022866175, 4484791.596548568457365 ], [ 696089.612091344431974, 4484791.597303984686732 ], [ 696089.619297331315465, 4484788.647312785498798 ], [ 696089.449299009749666, 4484788.646557369269431 ], [ 696089.442093022866175, 4484791.596548568457365 ] ] ] } },
{ "type": "Feature", "properties": { }, "geometry": { "type": "Polygon", "coordinates": [ [ [ 696089.612091344431974, 4484791.597303984686732 ], [ 696089.782089665997773, 4484791.5980594009161 ], [ 696089.789295652881265, 4484788.648068201728165 ], [ 696089.619297331315465, 4484788.647312785498798 ], [ 696089.612091344431974, 4484791.597303984686732 ] ] ] } },
{ "type": "Feature", "properties": { }, "geometry": { "type": "Polygon", "coordinates": [ [ [ 696089.782089665997773, 4484791.598059401847422 ], [ 696089.952087987563573, 4484791.598814818076789 ], [ 696089.959293974447064, 4484788.648823618888855 ], [ 696089.789295652881265, 4484788.648068202659488 ], [ 696089.782089665997773, 4484791.598059401847422 ] ] ] } },
{ "type": "Feature", "properties": { }, "geometry": { "type": "Polygon", "coordinates": [ [ [ 696089.952087987563573, 4484791.598814818076789 ], [ 696090.122086309129372, 4484791.599570234306157 ], [ 696090.129292296012864, 4484788.649579035118222 ], [ 696089.959293974447064, 4484788.648823618888855 ], [ 696089.952087987563573, 4484791.598814818076789 ] ] ] } },
{ "type": "Feature", "properties": { }, "geometry": { "type": "Polygon", "coordinates": [ [ [ 696090.122086309245788, 4484791.599570234306157 ], [ 696090.292084630811587, 4484791.600325650535524 ], [ 696090.299290617695078, 4484788.650334451347589 ], [ 696090.129292296129279, 4484788.649579035118222 ], [ 696090.122086309245788, 4484791.599570234306157 ] ] ] } },
{ "type": "Feature", "properties": { }, "geometry": { "type": "Polygon", "coordinates": [ [ [ 696090.292084630811587, 4484791.600325650535524 ], [ 696090.462082952377386, 4484791.601081066764891 ], [ 696090.469288939260878, 4484788.651089867576957 ], [ 696090.299290617695078, 4484788.650334451347589 ], [ 696090.292084630811587, 4484791.600325650535524 ] ] ] } },
{ "type": "Feature", "properties": { }, "geometry": { "type": "Polygon", "coordinates": [ [ [ 696091.452073178137653, 4484791.605480256490409 ], [ 696091.622071499703452, 4484791.606235672719777 ], [ 696091.629277486586943, 4484788.656244473531842 ], [ 696091.459279165021144, 4484788.655489057302475 ], [ 696091.452073178137653, 4484791.605480256490409 ] ] ] } },
{ "type": "Feature", "properties": { }, "geometry": { "type": "Polygon", "coordinates": [ [ [ 696091.622071499819867, 4484791.606235672719777 ], [ 696091.792069821385667, 4484791.606991088949144 ], [ 696091.799275808269158, 4484788.656999889761209 ], [ 696091.629277486703359, 4484788.656244473531842 ], [ 696091.622071499819867, 4484791.606235672719777 ] ] ] } },
{ "type": "Feature", "properties": { }, "geometry": { "type": "Polygon", "coordinates": [ [ [ 696091.792069821385667, 4484791.606991089880466 ], [ 696091.962068142951466, 4484791.607746506109834 ], [ 696091.969274129834957, 4484788.657755306921899 ], [ 696091.799275808269158, 4484788.656999890692532 ], [ 696091.792069821385667, 4484791.606991089880466 ] ] ] } },
{ "type": "Feature", "properties": { }, "geometry": { "type": "Polygon", "coordinates": [ [ [ 696091.962068142951466, 4484791.607746506109834 ], [ 696092.132066464517266, 4484791.608501922339201 ], [ 696092.139272451400757, 4484788.658510723151267 ], [ 696091.969274129834957, 4484788.657755306921899 ], [ 696091.962068142951466, 4484791.607746506109834 ] ] ] } },
{ "type": "Feature", "properties": { }, "geometry": { "type": "Polygon", "coordinates": [ [ [ 696092.132066464517266, 4484791.608501922339201 ], [ 696092.302064786083065, 4484791.609257338568568 ], [ 696092.309270772966556, 4484788.659266139380634 ], [ 696092.139272451400757, 4484788.658510723151267 ], [ 696092.132066464517266, 4484791.608501922339201 ] ] ] } },
{ "type": "Feature", "properties": { }, "geometry": { "type": "Polygon", "coordinates": [ [ [ 696092.30206478619948, 4484791.609257338568568 ], [ 696092.47206310776528, 4484791.610012754797935 ], [ 696092.479269094648771, 4484788.660021555610001 ], [ 696092.309270773082972, 4484788.659266139380634 ], [ 696092.30206478619948, 4484791.609257338568568 ] ] ] } },
{ "type": "Feature", "properties": { }, "geometry": { "type": "Polygon", "coordinates": [ [ [ 696092.47206310776528, 4484791.610012754797935 ], [ 696092.642061429331079, 4484791.610768171027303 ], [ 696092.64926741621457, 4484788.660776971839368 ], [ 696092.479269094648771, 4484788.660021555610001 ], [ 696092.47206310776528, 4484791.610012754797935 ] ] ] } },
{ "type": "Feature", "properties": { }, "geometry": { "type": "Polygon", "coordinates": [ [ [ 696093.632051655091345, 4484791.615167360752821 ], [ 696093.802049976657145, 4484791.615922776982188 ], [ 696093.809255963540636, 4484788.665931577794254 ], [ 696093.639257641974837, 4484788.665176161564887 ], [ 696093.632051655091345, 4484791.615167360752821 ] ] ] } },
{ "type": "Feature", "properties": { }, "geometry": { "type": "Polygon", "coordinates": [ [ [ 696093.80204997677356, 4484791.615922777913511 ], [ 696093.972048298339359, 4484791.616678194142878 ], [ 696093.979254285222851, 4484788.666686994954944 ], [ 696093.809255963657051, 4484788.665931578725576 ], [ 696093.80204997677356, 4484791.615922777913511 ] ] ] } },
{ "type": "Feature", "properties": { }, "geometry": { "type": "Polygon", "coordinates": [ [ [ 696093.972048298339359, 4484791.616678194142878 ], [ 696094.142046619905159, 4484791.617433610372245 ], [ 696094.14925260678865, 4484788.667442411184311 ], [ 696093.979254285222851, 4484788.666686994954944 ], [ 696093.972048298339359, 4484791.616678194142878 ] ] ] } },
{ "type": "Feature", "properties": { }, "geometry": { "type": "Polygon", "coordinates": [ [ [ 696094.142046619905159, 4484791.617433610372245 ], [ 696094.312044941470958, 4484791.618189026601613 ], [ 696094.31925092835445, 4484788.668197827413678 ], [ 696094.14925260678865, 4484788.667442411184311 ], [ 696094.142046619905159, 4484791.617433610372245 ] ] ] } },
{ "type": "Feature", "properties": { }, "geometry": { "type": "Polygon", "coordinates": [ [ [ 696094.312044941587374, 4484791.618189026601613 ], [ 696094.482043263153173, 4484791.61894444283098 ], [ 696094.489249250036664, 4484788.668953243643045 ], [ 696094.319250928470865, 4484788.668197827413678 ], [ 696094.312044941587374, 4484791.618189026601613 ] ] ] } },
{ "type": "Feature", "properties": { }, "geometry": { "type": "Polygon", "coordinates": [ [ [ 696094.482043263153173, 4484791.61894444283098 ], [ 696094.652041584718972, 4484791.619699859060347 ], [ 696094.659247571602464, 4484788.669708659872413 ], [ 696094.489249250036664, 4484788.668953243643045 ], [ 696094.482043263153173, 4484791.61894444283098 ] ] ] } },
{ "type": "Feature", "properties": { }, "geometry": { "type": "Polygon", "coordinates": [ [ [ 696094.652041584718972, 4484791.619699859060347 ], [ 696094.822039906284772, 4484791.620455275289714 ], [ 696094.829245893168263, 4484788.67046407610178 ], [ 696094.659247571602464, 4484788.669708659872413 ], [ 696094.652041584718972, 4484791.619699859060347 ] ] ] } },
{ "type": "Feature", "properties": { }, "geometry": { "type": "Polygon", "coordinates": [ [ [ 696095.812030132045038, 4484791.624854465015233 ], [ 696095.982028453610837, 4484791.6256098812446 ], [ 696095.989234440494329, 4484788.675618682056665 ], [ 696095.819236118928529, 4484788.674863265827298 ], [ 696095.812030132045038, 4484791.624854465015233 ] ] ] } },
{ "type": "Feature", "properties": { }, "geometry": { "type": "Polygon", "coordinates": [ [ [ 696095.982028453727253, 4484791.625609882175922 ], [ 696096.152026775293052, 4484791.62636529840529 ], [ 696096.159232762176543, 4484788.676374099217355 ], [ 696095.989234440610744, 4484788.675618682987988 ], [ 696095.982028453727253, 4484791.625609882175922 ] ] ] } },
{ "type": "Feature", "properties": { }, "geometry": { "type": "Polygon", "coordinates": [ [ [ 696096.152026775293052, 4484791.62636529840529 ], [ 696096.322025096858852, 4484791.627120714634657 ], [ 696096.329231083742343, 4484788.677129515446723 ], [ 696096.159232762176543, 4484788.676374099217355 ], [ 696096.152026775293052, 4484791.62636529840529 ] ] ] } },
{ "type": "Feature", "properties": { }, "geometry": { "type": "Polygon", "coordinates": [ [ [ 696096.322025096858852, 4484791.627120714634657 ], [ 696096.492023418424651, 4484791.627876130864024 ], [ 696096.499229405308142, 4484788.67788493167609 ], [ 696096.329231083742343, 4484788.677129515446723 ], [ 696096.322025096858852, 4484791.627120714634657 ] ] ] } },
{ "type": "Feature", "properties": { }, "geometry": { "type": "Polygon", "coordinates": [ [ [ 696096.492023418541066, 4484791.627876130864024 ], [ 696096.662021740106866, 4484791.628631547093391 ], [ 696096.669227726990357, 4484788.678640347905457 ], [ 696096.499229405424558, 4484788.67788493167609 ], [ 696096.492023418541066, 4484791.627876130864024 ] ] ] } },
{ "type": "Feature", "properties": { }, "geometry": { "type": "Polygon", "coordinates": [ [ [ 696096.662021740106866, 4484791.628631547093391 ], [ 696096.832020061672665, 4484791.629386963322759 ], [ 696096.839226048556156, 4484788.679395764134824 ], [ 696096.669227726990357, 4484788.678640347905457 ], [ 696096.662021740106866, 4484791.628631547093391 ] ] ] } },
{ "type": "Feature", "properties": { }, "geometry": { "type": "Polygon", "coordinates": [ [ [ 696096.832020061672665, 4484791.629386964254081 ], [ 696097.002018383238465, 4484791.630142380483449 ], [ 696097.009224370121956, 4484788.680151181295514 ], [ 696096.839226048556156, 4484788.679395765066147 ], [ 696096.832020061672665, 4484791.629386964254081 ] ] ] } },
{ "type": "Feature", "properties": { }, "geometry": { "type": "Polygon", "coordinates": [ [ [ 696076.202898470917717, 4484787.167683563195169 ], [ 696076.372896792483516, 4484787.168438979424536 ], [ 696076.380102779367007, 4484784.218447780236602 ], [ 696076.210104457801208, 4484784.217692364007235 ], [ 696076.202898470917717, 4484787.167683563195169 ] ] ] } },
{ "type": "Feature", "properties": { }, "geometry": { "type": "Polygon", "coordinates": [ [ [ 696076.372896792483516, 4484787.168438979424536 ], [ 696076.542895114049315, 4484787.169194395653903 ], [ 696076.550101100932807, 4484784.219203196465969 ], [ 696076.380102779367007, 4484784.218447780236602 ], [ 696076.372896792483516, 4484787.168438979424536 ] ] ] } },
{ "type": "Feature", "properties": { }, "geometry": { "type": "Polygon", "coordinates": [ [ [ 696076.542895114165731, 4484787.169194395653903 ], [ 696076.71289343573153, 4484787.169949811883271 ], [ 696076.720099422615021, 4484784.219958612695336 ], [ 696076.550101101049222, 4484784.219203196465969 ], [ 696076.542895114165731, 4484787.169194395653903 ] ] ] } },
{ "type": "Feature", "properties": { }, "geometry": { "type": "Polygon", "coordinates": [ [ [ 696076.71289343573153, 4484787.169949812814593 ], [ 696076.88289175729733, 4484787.170705229043961 ], [ 696076.890097744180821, 4484784.220714029856026 ], [ 696076.720099422615021, 4484784.219958613626659 ], [ 696076.71289343573153, 4484787.169949812814593 ] ] ] } },
{ "type": "Feature", "properties": { }, "geometry": { "type": "Polygon", "coordinates": [ [ [ 696076.88289175729733, 4484787.170705229043961 ], [ 696077.052890078863129, 4484787.171460645273328 ], [ 696077.06009606574662, 4484784.221469446085393 ], [ 696076.890097744180821, 4484784.220714029856026 ], [ 696076.88289175729733, 4484787.170705229043961 ] ] ] } },
{ "type": "Feature", "properties": { }, "geometry": { "type": "Polygon", "coordinates": [ [ [ 696077.052890078863129, 4484787.171460645273328 ], [ 696077.222888400428928, 4484787.172216061502695 ], [ 696077.23009438731242, 4484784.222224862314761 ], [ 696077.06009606574662, 4484784.221469446085393 ], [ 696077.052890078863129, 4484787.171460645273328 ] ] ] } },
{ "type": "Feature", "properties": { }, "geometry": { "type": "Polygon", "coordinates": [ [ [ 696077.222888400545344, 4484787.172216061502695 ], [ 696077.392886722111143, 4484787.172971477732062 ], [ 696077.400092708994634, 4484784.222980278544128 ], [ 696077.230094387428835, 4484784.222224862314761 ], [ 696077.222888400545344, 4484787.172216061502695 ] ] ] } },
{ "type": "Feature", "properties": { }, "geometry": { "type": "Polygon", "coordinates": [ [ [ 696078.382876947871409, 4484787.177370667457581 ], [ 696078.552875269437209, 4484787.178126083686948 ], [ 696078.5600812563207, 4484784.228134884499013 ], [ 696078.390082934754901, 4484784.227379468269646 ], [ 696078.382876947871409, 4484787.177370667457581 ] ] ] } },
{ "type": "Feature", "properties": { }, "geometry": { "type": "Polygon", "coordinates": [ [ [ 696078.552875269437209, 4484787.178126083686948 ], [ 696078.722873591003008, 4484787.178881499916315 ], [ 696078.730079577886499, 4484784.228890300728381 ], [ 696078.5600812563207, 4484784.228134884499013 ], [ 696078.552875269437209, 4484787.178126083686948 ] ] ] } },
{ "type": "Feature", "properties": { }, "geometry": { "type": "Polygon", "coordinates": [ [ [ 696078.722873591119424, 4484787.178881500847638 ], [ 696078.892871912685223, 4484787.179636917077005 ], [ 696078.900077899568714, 4484784.229645717889071 ], [ 696078.730079578002915, 4484784.228890301659703 ], [ 696078.722873591119424, 4484787.178881500847638 ] ] ] } },
{ "type": "Feature", "properties": { }, "geometry": { "type": "Polygon", "coordinates": [ [ [ 696078.892871912685223, 4484787.179636917077005 ], [ 696079.062870234251022, 4484787.180392333306372 ], [ 696079.070076221134514, 4484784.230401134118438 ], [ 696078.900077899568714, 4484784.229645717889071 ], [ 696078.892871912685223, 4484787.179636917077005 ] ] ] } },
{ "type": "Feature", "properties": { }, "geometry": { "type": "Polygon", "coordinates": [ [ [ 696079.062870234251022, 4484787.180392333306372 ], [ 696079.232868555816822, 4484787.181147749535739 ], [ 696079.240074542700313, 4484784.231156550347805 ], [ 696079.070076221134514, 4484784.230401134118438 ], [ 696079.062870234251022, 4484787.180392333306372 ] ] ] } },
{ "type": "Feature", "properties": { }, "geometry": { "type": "Polygon", "coordinates": [ [ [ 696079.232868555816822, 4484787.181147749535739 ], [ 696079.402866877382621, 4484787.181903165765107 ], [ 696079.410072864266112, 4484784.231911966577172 ], [ 696079.240074542700313, 4484784.231156550347805 ], [ 696079.232868555816822, 4484787.181147749535739 ] ] ] } },
{ "type": "Feature", "properties": { }, "geometry": { "type": "Polygon", "coordinates": [ [ [ 696079.402866877499036, 4484787.181903165765107 ], [ 696079.572865199064836, 4484787.182658581994474 ], [ 696079.580071185948327, 4484784.23266738280654 ], [ 696079.410072864382528, 4484784.231911966577172 ], [ 696079.402866877499036, 4484787.181903165765107 ] ] ] } },
{ "type": "Feature", "properties": { }, "geometry": { "type": "Polygon", "coordinates": [ [ [ 696080.562855424825102, 4484787.187057771719992 ], [ 696080.732853746390902, 4484787.187813187949359 ], [ 696080.740059733274393, 4484784.237821988761425 ], [ 696080.570061411708593, 4484784.237066572532058 ], [ 696080.562855424825102, 4484787.187057771719992 ] ] ] } },
{ "type": "Feature", "properties": { }, "geometry": { "type": "Polygon", "coordinates": [ [ [ 696080.732853746390902, 4484787.187813188880682 ], [ 696080.902852067956701, 4484787.188568605110049 ], [ 696080.910058054840192, 4484784.238577405922115 ], [ 696080.740059733274393, 4484784.237821989692748 ], [ 696080.732853746390902, 4484787.187813188880682 ] ] ] } },
{ "type": "Feature", "properties": { }, "geometry": { "type": "Polygon", "coordinates": [ [ [ 696080.902852068073116, 4484787.188568605110049 ], [ 696081.072850389638916, 4484787.189324021339417 ], [ 696081.080056376522407, 4484784.239332822151482 ], [ 696080.910058054956608, 4484784.238577405922115 ], [ 696080.902852068073116, 4484787.188568605110049 ] ] ] } },
{ "type": "Feature", "properties": { }, "geometry": { "type": "Polygon", "coordinates": [ [ [ 696081.072850389638916, 4484787.189324021339417 ], [ 696081.242848711204715, 4484787.190079437568784 ], [ 696081.250054698088206, 4484784.240088238380849 ], [ 696081.080056376522407, 4484784.239332822151482 ], [ 696081.072850389638916, 4484787.189324021339417 ] ] ] } },
{ "type": "Feature", "properties": { }, "geometry": { "type": "Polygon", "coordinates": [ [ [ 696081.242848711204715, 4484787.190079437568784 ], [ 696081.412847032770514, 4484787.190834853798151 ], [ 696081.420053019654006, 4484784.240843654610217 ], [ 696081.250054698088206, 4484784.240088238380849 ], [ 696081.242848711204715, 4484787.190079437568784 ] ] ] } },
{ "type": "Feature", "properties": { }, "geometry": { "type": "Polygon", "coordinates": [ [ [ 696081.412847032770514, 4484787.190834853798151 ], [ 696081.582845354336314, 4484787.191590270027518 ], [ 696081.590051341219805, 4484784.241599070839584 ], [ 696081.420053019654006, 4484784.240843654610217 ], [ 696081.412847032770514, 4484787.190834853798151 ] ] ] } },
{ "type": "Feature", "properties": { }, "geometry": { "type": "Polygon", "coordinates": [ [ [ 696081.582845354452729, 4484787.191590270027518 ], [ 696081.752843676018529, 4484787.192345686256886 ], [ 696081.76004966290202, 4484784.242354487068951 ], [ 696081.590051341336221, 4484784.241599070839584 ], [ 696081.582845354452729, 4484787.191590270027518 ] ] ] } },
{ "type": "Feature", "properties": { }, "geometry": { "type": "Polygon", "coordinates": [ [ [ 696082.742833901778795, 4484787.196744875982404 ], [ 696082.912832223344594, 4484787.197500292211771 ], [ 696082.920038210228086, 4484784.247509093023837 ], [ 696082.750039888662286, 4484784.246753676794469 ], [ 696082.742833901778795, 4484787.196744875982404 ] ] ] } },
{ "type": "Feature", "properties": { }, "geometry": { "type": "Polygon", "coordinates": [ [ [ 696082.912832223344594, 4484787.197500293143094 ], [ 696083.082830544910394, 4484787.198255709372461 ], [ 696083.090036531793885, 4484784.248264510184526 ], [ 696082.920038210228086, 4484784.247509093955159 ], [ 696082.912832223344594, 4484787.197500293143094 ] ] ] } },
{ "type": "Feature", "properties": { }, "geometry": { "type": "Polygon", "coordinates": [ [ [ 696083.082830545026809, 4484787.198255709372461 ], [ 696083.252828866592608, 4484787.199011125601828 ], [ 696083.2600348534761, 4484784.249019926413894 ], [ 696083.0900365319103, 4484784.248264510184526 ], [ 696083.082830545026809, 4484787.198255709372461 ] ] ] } },
{ "type": "Feature", "properties": { }, "geometry": { "type": "Polygon", "coordinates": [ [ [ 696083.252828866592608, 4484787.199011125601828 ], [ 696083.422827188158408, 4484787.199766541831195 ], [ 696083.430033175041899, 4484784.249775342643261 ], [ 696083.2600348534761, 4484784.249019926413894 ], [ 696083.252828866592608, 4484787.199011125601828 ] ] ] } },
{ "type": "Feature", "properties": { }, "geometry": { "type": "Polygon", "coordinates": [ [ [ 696083.422827188158408, 4484787.199766541831195 ], [ 696083.592825509724207, 4484787.200521958060563 ], [ 696083.600031496607699, 4484784.250530758872628 ], [ 696083.430033175041899, 4484784.249775342643261 ], [ 696083.422827188158408, 4484787.199766541831195 ] ] ] } },
{ "type": "Feature", "properties": { }, "geometry": { "type": "Polygon", "coordinates": [ [ [ 696083.592825509840623, 4484787.200521958060563 ], [ 696083.762823831406422, 4484787.20127737428993 ], [ 696083.770029818289913, 4484784.251286175101995 ], [ 696083.600031496724114, 4484784.250530758872628 ], [ 696083.592825509840623, 4484787.200521958060563 ] ] ] } },
{ "type": "Feature", "properties": { }, "geometry": { "type": "Polygon", "coordinates": [ [ [ 696083.762823831406422, 4484787.201277375221252 ], [ 696083.932822152972221, 4484787.20203279145062 ], [ 696083.940028139855713, 4484784.252041592262685 ], [ 696083.770029818289913, 4484784.251286176033318 ], [ 696083.762823831406422, 4484787.201277375221252 ] ] ] } },
{ "type": "Feature", "properties": { }, "geometry": { "type": "Polygon", "coordinates": [ [ [ 696084.922812378732488, 4484787.206431981176138 ], [ 696085.092810700298287, 4484787.207187397405505 ], [ 696085.100016687181778, 4484784.257196198217571 ], [ 696084.930018365615979, 4484784.256440781988204 ], [ 696084.922812378732488, 4484787.206431981176138 ] ] ] } },
{ "type": "Feature", "properties": { }, "geometry": { "type": "Polygon", "coordinates": [ [ [ 696085.092810700298287, 4484787.207187397405505 ], [ 696085.262809021864086, 4484787.207942813634872 ], [ 696085.270015008747578, 4484784.257951614446938 ], [ 696085.100016687181778, 4484784.257196198217571 ], [ 696085.092810700298287, 4484787.207187397405505 ] ] ] } },
{ "type": "Feature", "properties": { }, "geometry": { "type": "Polygon", "coordinates": [ [ [ 696085.262809021980502, 4484787.207942813634872 ], [ 696085.432807343546301, 4484787.20869822986424 ], [ 696085.440013330429792, 4484784.258707030676305 ], [ 696085.270015008863993, 4484784.257951614446938 ], [ 696085.262809021980502, 4484787.207942813634872 ] ] ] } },
{ "type": "Feature", "properties": { }, "geometry": { "type": "Polygon", "coordinates": [ [ [ 696085.432807343546301, 4484787.20869822986424 ], [ 696085.602805665112101, 4484787.209453646093607 ], [ 696085.610011651995592, 4484784.259462446905673 ], [ 696085.440013330429792, 4484784.258707030676305 ], [ 696085.432807343546301, 4484787.20869822986424 ] ] ] } },
{ "type": "Feature", "properties": { }, "geometry": { "type": "Polygon", "coordinates": [ [ [ 696085.602805665112101, 4484787.209453646093607 ], [ 696085.7728039866779, 4484787.210209062322974 ], [ 696085.780009973561391, 4484784.26021786313504 ], [ 696085.610011651995592, 4484784.259462446905673 ], [ 696085.602805665112101, 4484787.209453646093607 ] ] ] } },
{ "type": "Feature", "properties": { }, "geometry": { "type": "Polygon", "coordinates": [ [ [ 696085.772803986794315, 4484787.210209063254297 ], [ 696085.942802308360115, 4484787.210964479483664 ], [ 696085.950008295243606, 4484784.26097328029573 ], [ 696085.780009973677807, 4484784.260217864066362 ], [ 696085.772803986794315, 4484787.210209063254297 ] ] ] } },
{ "type": "Feature", "properties": { }, "geometry": { "type": "Polygon", "coordinates": [ [ [ 696085.942802308360115, 4484787.210964479483664 ], [ 696086.112800629925914, 4484787.211719895713031 ], [ 696086.120006616809405, 4484784.261728696525097 ], [ 696085.950008295243606, 4484784.26097328029573 ], [ 696085.942802308360115, 4484787.210964479483664 ] ] ] } },
{ "type": "Feature", "properties": { }, "geometry": { "type": "Polygon", "coordinates": [ [ [ 696087.10279085568618, 4484787.21611908543855 ], [ 696087.27278917725198, 4484787.216874501667917 ], [ 696087.279995164135471, 4484784.266883302479982 ], [ 696087.109996842569672, 4484784.266127886250615 ], [ 696087.10279085568618, 4484787.21611908543855 ] ] ] } },
{ "type": "Feature", "properties": { }, "geometry": { "type": "Polygon", "coordinates": [ [ [ 696087.272789177368395, 4484787.216874501667917 ], [ 696087.442787498934194, 4484787.217629917897284 ], [ 696087.449993485817686, 4484784.26763871870935 ], [ 696087.279995164251886, 4484784.266883302479982 ], [ 696087.272789177368395, 4484787.216874501667917 ] ] ] } },
{ "type": "Feature", "properties": { }, "geometry": { "type": "Polygon", "coordinates": [ [ [ 696087.442787498934194, 4484787.217629917897284 ], [ 696087.612785820499994, 4484787.218385334126651 ], [ 696087.619991807383485, 4484784.268394134938717 ], [ 696087.449993485817686, 4484784.26763871870935 ], [ 696087.442787498934194, 4484787.217629917897284 ] ] ] } },
{ "type": "Feature", "properties": { }, "geometry": { "type": "Polygon", "coordinates": [ [ [ 696087.612785820499994, 4484787.218385334126651 ], [ 696087.782784142065793, 4484787.219140750356019 ], [ 696087.789990128949285, 4484784.269149551168084 ], [ 696087.619991807383485, 4484784.268394134938717 ], [ 696087.612785820499994, 4484787.218385334126651 ] ] ] } },
{ "type": "Feature", "properties": { }, "geometry": { "type": "Polygon", "coordinates": [ [ [ 696087.782784142065793, 4484787.219140751287341 ], [ 696087.952782463631593, 4484787.219896167516708 ], [ 696087.959988450515084, 4484784.269904968328774 ], [ 696087.789990128949285, 4484784.269149552099407 ], [ 696087.782784142065793, 4484787.219140751287341 ] ] ] } },
{ "type": "Feature", "properties": { }, "geometry": { "type": "Polygon", "coordinates": [ [ [ 696087.952782463748008, 4484787.219896167516708 ], [ 696088.122780785313807, 4484787.220651583746076 ], [ 696088.129986772197299, 4484784.270660384558141 ], [ 696087.959988450631499, 4484784.269904968328774 ], [ 696087.952782463748008, 4484787.219896167516708 ] ] ] } },
{ "type": "Feature", "properties": { }, "geometry": { "type": "Polygon", "coordinates": [ [ [ 696088.122780785313807, 4484787.220651583746076 ], [ 696088.292779106879607, 4484787.221407 ], [ 696088.299985093763098, 4484784.271415800787508 ], [ 696088.129986772197299, 4484784.270660384558141 ], [ 696088.122780785313807, 4484787.220651583746076 ] ] ] } },
{ "type": "Feature", "properties": { }, "geometry": { "type": "Polygon", "coordinates": [ [ [ 696089.282769332639873, 4484787.225806189700961 ], [ 696089.452767654205672, 4484787.226561605930328 ], [ 696089.459973641089164, 4484784.276570406742394 ], [ 696089.289975319523364, 4484784.275814990513027 ], [ 696089.282769332639873, 4484787.225806189700961 ] ] ] } },
{ "type": "Feature", "properties": { }, "geometry": { "type": "Polygon", "coordinates": [ [ [ 696089.452767654322088, 4484787.226561605930328 ], [ 696089.622765975887887, 4484787.227317022159696 ], [ 696089.629971962771378, 4484784.277325822971761 ], [ 696089.459973641205579, 4484784.276570406742394 ], [ 696089.452767654322088, 4484787.226561605930328 ] ] ] } },
{ "type": "Feature", "properties": { }, "geometry": { "type": "Polygon", "coordinates": [ [ [ 696089.622765975887887, 4484787.227317022159696 ], [ 696089.792764297453687, 4484787.228072438389063 ], [ 696089.799970284337178, 4484784.278081239201128 ], [ 696089.629971962771378, 4484784.277325822971761 ], [ 696089.622765975887887, 4484787.227317022159696 ] ] ] } },
{ "type": "Feature", "properties": { }, "geometry": { "type": "Polygon", "coordinates": [ [ [ 696089.792764297453687, 4484787.228072439320385 ], [ 696089.962762619019486, 4484787.228827855549753 ], [ 696089.969968605902977, 4484784.278836656361818 ], [ 696089.799970284337178, 4484784.278081240132451 ], [ 696089.792764297453687, 4484787.228072439320385 ] ] ] } },
{ "type": "Feature", "properties": { }, "geometry": { "type": "Polygon", "coordinates": [ [ [ 696089.962762619019486, 4484787.228827855549753 ], [ 696090.132760940585285, 4484787.22958327177912 ], [ 696090.139966927468777, 4484784.279592072591186 ], [ 696089.969968605902977, 4484784.278836656361818 ], [ 696089.962762619019486, 4484787.228827855549753 ] ] ] } },
{ "type": "Feature", "properties": { }, "geometry": { "type": "Polygon", "coordinates": [ [ [ 696090.132760940701701, 4484787.22958327177912 ], [ 696090.3027592622675, 4484787.230338688008487 ], [ 696090.309965249150991, 4484784.280347488820553 ], [ 696090.139966927585192, 4484784.279592072591186 ], [ 696090.132760940701701, 4484787.22958327177912 ] ] ] } },
{ "type": "Feature", "properties": { }, "geometry": { "type": "Polygon", "coordinates": [ [ [ 696090.3027592622675, 4484787.230338688008487 ], [ 696090.4727575838333, 4484787.231094104237854 ], [ 696090.479963570716791, 4484784.28110290504992 ], [ 696090.309965249150991, 4484784.280347488820553 ], [ 696090.3027592622675, 4484787.230338688008487 ] ] ] } },
{ "type": "Feature", "properties": { }, "geometry": { "type": "Polygon", "coordinates": [ [ [ 696091.462747809593566, 4484787.235493293963373 ], [ 696091.632746131159365, 4484787.23624871019274 ], [ 696091.639952118042856, 4484784.286257511004806 ], [ 696091.469953796477057, 4484784.285502094775438 ], [ 696091.462747809593566, 4484787.235493293963373 ] ] ] } },
{ "type": "Feature", "properties": { }, "geometry": { "type": "Polygon", "coordinates": [ [ [ 696091.63274613127578, 4484787.23624871019274 ], [ 696091.80274445284158, 4484787.237004126422107 ], [ 696091.809950439725071, 4484784.287012927234173 ], [ 696091.639952118159272, 4484784.286257511004806 ], [ 696091.63274613127578, 4484787.23624871019274 ] ] ] } },
{ "type": "Feature", "properties": { }, "geometry": { "type": "Polygon", "coordinates": [ [ [ 696091.80274445284158, 4484787.23700412735343 ], [ 696091.972742774407379, 4484787.237759543582797 ], [ 696091.979948761290871, 4484784.287768344394863 ], [ 696091.809950439725071, 4484784.287012928165495 ], [ 696091.80274445284158, 4484787.23700412735343 ] ] ] } },
{ "type": "Feature", "properties": { }, "geometry": { "type": "Polygon", "coordinates": [ [ [ 696091.972742774407379, 4484787.237759543582797 ], [ 696092.142741095973179, 4484787.238514959812164 ], [ 696092.14994708285667, 4484784.28852376062423 ], [ 696091.979948761290871, 4484784.287768344394863 ], [ 696091.972742774407379, 4484787.237759543582797 ] ] ] } },
{ "type": "Feature", "properties": { }, "geometry": { "type": "Polygon", "coordinates": [ [ [ 696092.142741095973179, 4484787.238514959812164 ], [ 696092.312739417538978, 4484787.239270376041532 ], [ 696092.319945404422469, 4484784.289279176853597 ], [ 696092.14994708285667, 4484784.28852376062423 ], [ 696092.142741095973179, 4484787.238514959812164 ] ] ] } },
{ "type": "Feature", "properties": { }, "geometry": { "type": "Polygon", "coordinates": [ [ [ 696092.312739417655393, 4484787.239270376041532 ], [ 696092.482737739221193, 4484787.240025792270899 ], [ 696092.489943726104684, 4484784.290034593082964 ], [ 696092.319945404538885, 4484784.289279176853597 ], [ 696092.312739417655393, 4484787.239270376041532 ] ] ] } },
{ "type": "Feature", "properties": { }, "geometry": { "type": "Polygon", "coordinates": [ [ [ 696092.482737739221193, 4484787.240025792270899 ], [ 696092.652736060786992, 4484787.240781208500266 ], [ 696092.659942047670484, 4484784.290790009312332 ], [ 696092.489943726104684, 4484784.290034593082964 ], [ 696092.482737739221193, 4484787.240025792270899 ] ] ] } },
{ "type": "Feature", "properties": { }, "geometry": { "type": "Polygon", "coordinates": [ [ [ 696093.642726286547258, 4484787.245180398225784 ], [ 696093.812724608113058, 4484787.245935814455152 ], [ 696093.819930594996549, 4484784.295944615267217 ], [ 696093.64993227343075, 4484784.29518919903785 ], [ 696093.642726286547258, 4484787.245180398225784 ] ] ] } },
{ "type": "Feature", "properties": { }, "geometry": { "type": "Polygon", "coordinates": [ [ [ 696093.812724608229473, 4484787.245935815386474 ], [ 696093.982722929795273, 4484787.246691231615841 ], [ 696093.989928916678764, 4484784.296700032427907 ], [ 696093.819930595112965, 4484784.29594461619854 ], [ 696093.812724608229473, 4484787.245935815386474 ] ] ] } },
{ "type": "Feature", "properties": { }, "geometry": { "type": "Polygon", "coordinates": [ [ [ 696093.982722929795273, 4484787.246691231615841 ], [ 696094.152721251361072, 4484787.247446647845209 ], [ 696094.159927238244563, 4484784.297455448657274 ], [ 696093.989928916678764, 4484784.296700032427907 ], [ 696093.982722929795273, 4484787.246691231615841 ] ] ] } },
{ "type": "Feature", "properties": { }, "geometry": { "type": "Polygon", "coordinates": [ [ [ 696094.152721251361072, 4484787.247446647845209 ], [ 696094.322719572926871, 4484787.248202064074576 ], [ 696094.329925559810363, 4484784.298210864886642 ], [ 696094.159927238244563, 4484784.297455448657274 ], [ 696094.152721251361072, 4484787.247446647845209 ] ] ] } },
{ "type": "Feature", "properties": { }, "geometry": { "type": "Polygon", "coordinates": [ [ [ 696094.322719573043287, 4484787.248202064074576 ], [ 696094.492717894609086, 4484787.248957480303943 ], [ 696094.499923881492577, 4484784.298966281116009 ], [ 696094.329925559926778, 4484784.298210864886642 ], [ 696094.322719573043287, 4484787.248202064074576 ] ] ] } },
{ "type": "Feature", "properties": { }, "geometry": { "type": "Polygon", "coordinates": [ [ [ 696094.492717894609086, 4484787.248957480303943 ], [ 696094.662716216174886, 4484787.24971289653331 ], [ 696094.669922203058377, 4484784.299721697345376 ], [ 696094.499923881492577, 4484784.298966281116009 ], [ 696094.492717894609086, 4484787.248957480303943 ] ] ] } },
{ "type": "Feature", "properties": { }, "geometry": { "type": "Polygon", "coordinates": [ [ [ 696094.662716216174886, 4484787.24971289653331 ], [ 696094.832714537740685, 4484787.250468312762678 ], [ 696094.839920524624176, 4484784.300477113574743 ], [ 696094.669922203058377, 4484784.299721697345376 ], [ 696094.662716216174886, 4484787.24971289653331 ] ] ] } },
{ "type": "Feature", "properties": { }, "geometry": { "type": "Polygon", "coordinates": [ [ [ 696095.822704763500951, 4484787.254867502488196 ], [ 696095.992703085066751, 4484787.255622918717563 ], [ 696095.999909071950242, 4484784.305631719529629 ], [ 696095.829910750384443, 4484784.304876303300261 ], [ 696095.822704763500951, 4484787.254867502488196 ] ] ] } },
{ "type": "Feature", "properties": { }, "geometry": { "type": "Polygon", "coordinates": [ [ [ 696095.992703085183166, 4484787.255622919648886 ], [ 696096.162701406748965, 4484787.256378335878253 ], [ 696096.169907393632457, 4484784.306387136690319 ], [ 696095.999909072066657, 4484784.305631720460951 ], [ 696095.992703085183166, 4484787.255622919648886 ] ] ] } },
{ "type": "Feature", "properties": { }, "geometry": { "type": "Polygon", "coordinates": [ [ [ 696096.162701406748965, 4484787.256378335878253 ], [ 696096.332699728314765, 4484787.25713375210762 ], [ 696096.339905715198256, 4484784.307142552919686 ], [ 696096.169907393632457, 4484784.306387136690319 ], [ 696096.162701406748965, 4484787.256378335878253 ] ] ] } },
{ "type": "Feature", "properties": { }, "geometry": { "type": "Polygon", "coordinates": [ [ [ 696096.332699728314765, 4484787.25713375210762 ], [ 696096.502698049880564, 4484787.257889168336987 ], [ 696096.509904036764055, 4484784.307897969149053 ], [ 696096.339905715198256, 4484784.307142552919686 ], [ 696096.332699728314765, 4484787.25713375210762 ] ] ] } },
{ "type": "Feature", "properties": { }, "geometry": { "type": "Polygon", "coordinates": [ [ [ 696096.50269804999698, 4484787.257889168336987 ], [ 696096.672696371562779, 4484787.258644584566355 ], [ 696096.67990235844627, 4484784.30865338537842 ], [ 696096.509904036880471, 4484784.307897969149053 ], [ 696096.50269804999698, 4484787.257889168336987 ] ] ] } },
{ "type": "Feature", "properties": { }, "geometry": { "type": "Polygon", "coordinates": [ [ [ 696096.672696371562779, 4484787.258644584566355 ], [ 696096.842694693128578, 4484787.259400000795722 ], [ 696096.84990068001207, 4484784.309408801607788 ], [ 696096.67990235844627, 4484784.30865338537842 ], [ 696096.672696371562779, 4484787.258644584566355 ] ] ] } },
{ "type": "Feature", "properties": { }, "geometry": { "type": "Polygon", "coordinates": [ [ [ 696096.842694693128578, 4484787.259400001727045 ], [ 696097.012693014694378, 4484787.260155417956412 ], [ 696097.019899001577869, 4484784.310164218768477 ], [ 696096.84990068001207, 4484784.30940880253911 ], [ 696096.842694693128578, 4484787.259400001727045 ] ] ] } },
{ "type": "Feature", "properties": { }, "geometry": { "type": "Polygon", "coordinates": [ [ [ 696076.213573102257214, 4484782.797696600668132 ], [ 696076.383571423823014, 4484782.7984520168975 ], [ 696076.390777410706505, 4484779.848460817709565 ], [ 696076.220779089140706, 4484779.847705401480198 ], [ 696076.213573102257214, 4484782.797696600668132 ] ] ] } },
{ "type": "Feature", "properties": { }, "geometry": { "type": "Polygon", "coordinates": [ [ [ 696076.383571423823014, 4484782.7984520168975 ], [ 696076.553569745388813, 4484782.799207433126867 ], [ 696076.560775732272305, 4484779.849216233938932 ], [ 696076.390777410706505, 4484779.848460817709565 ], [ 696076.383571423823014, 4484782.7984520168975 ] ] ] } },
{ "type": "Feature", "properties": { }, "geometry": { "type": "Polygon", "coordinates": [ [ [ 696076.553569745505229, 4484782.799207433126867 ], [ 696076.723568067071028, 4484782.799962849356234 ], [ 696076.730774053954519, 4484779.8499716501683 ], [ 696076.56077573238872, 4484779.849216233938932 ], [ 696076.553569745505229, 4484782.799207433126867 ] ] ] } },
{ "type": "Feature", "properties": { }, "geometry": { "type": "Polygon", "coordinates": [ [ [ 696076.723568067071028, 4484782.799962850287557 ], [ 696076.893566388636827, 4484782.800718266516924 ], [ 696076.900772375520319, 4484779.85072706732899 ], [ 696076.730774053954519, 4484779.849971651099622 ], [ 696076.723568067071028, 4484782.799962850287557 ] ] ] } },
{ "type": "Feature", "properties": { }, "geometry": { "type": "Polygon", "coordinates": [ [ [ 696076.893566388636827, 4484782.800718266516924 ], [ 696077.063564710202627, 4484782.801473682746291 ], [ 696077.070770697086118, 4484779.851482483558357 ], [ 696076.900772375520319, 4484779.85072706732899 ], [ 696076.893566388636827, 4484782.800718266516924 ] ] ] } },
{ "type": "Feature", "properties": { }, "geometry": { "type": "Polygon", "coordinates": [ [ [ 696077.063564710202627, 4484782.801473682746291 ], [ 696077.233563031768426, 4484782.802229098975658 ], [ 696077.240769018651918, 4484779.852237899787724 ], [ 696077.070770697086118, 4484779.851482483558357 ], [ 696077.063564710202627, 4484782.801473682746291 ] ] ] } },
{ "type": "Feature", "properties": { }, "geometry": { "type": "Polygon", "coordinates": [ [ [ 696077.233563031884842, 4484782.802229098975658 ], [ 696077.403561353450641, 4484782.802984515205026 ], [ 696077.410767340334132, 4484779.852993316017091 ], [ 696077.240769018768333, 4484779.852237899787724 ], [ 696077.233563031884842, 4484782.802229098975658 ] ] ] } },
{ "type": "Feature", "properties": { }, "geometry": { "type": "Polygon", "coordinates": [ [ [ 696078.393551579210907, 4484782.807383704930544 ], [ 696078.563549900776707, 4484782.808139121159911 ], [ 696078.570755887660198, 4484779.858147921971977 ], [ 696078.400757566094398, 4484779.85739250574261 ], [ 696078.393551579210907, 4484782.807383704930544 ] ] ] } },
{ "type": "Feature", "properties": { }, "geometry": { "type": "Polygon", "coordinates": [ [ [ 696078.563549900776707, 4484782.808139121159911 ], [ 696078.733548222342506, 4484782.808894537389278 ], [ 696078.740754209225997, 4484779.858903338201344 ], [ 696078.570755887660198, 4484779.858147921971977 ], [ 696078.563549900776707, 4484782.808139121159911 ] ] ] } },
{ "type": "Feature", "properties": { }, "geometry": { "type": "Polygon", "coordinates": [ [ [ 696078.733548222458921, 4484782.808894538320601 ], [ 696078.903546544024721, 4484782.809649954549968 ], [ 696078.910752530908212, 4484779.859658755362034 ], [ 696078.740754209342413, 4484779.858903339132667 ], [ 696078.733548222458921, 4484782.808894538320601 ] ] ] } },
{ "type": "Feature", "properties": { }, "geometry": { "type": "Polygon", "coordinates": [ [ [ 696078.903546544024721, 4484782.809649954549968 ], [ 696079.07354486559052, 4484782.810405370779335 ], [ 696079.080750852474011, 4484779.860414171591401 ], [ 696078.910752530908212, 4484779.859658755362034 ], [ 696078.903546544024721, 4484782.809649954549968 ] ] ] } },
{ "type": "Feature", "properties": { }, "geometry": { "type": "Polygon", "coordinates": [ [ [ 696079.07354486559052, 4484782.810405370779335 ], [ 696079.24354318715632, 4484782.811160787008703 ], [ 696079.250749174039811, 4484779.861169587820768 ], [ 696079.080750852474011, 4484779.860414171591401 ], [ 696079.07354486559052, 4484782.810405370779335 ] ] ] } },
{ "type": "Feature", "properties": { }, "geometry": { "type": "Polygon", "coordinates": [ [ [ 696079.24354318715632, 4484782.811160787008703 ], [ 696079.413541508722119, 4484782.81191620323807 ], [ 696079.42074749560561, 4484779.861925004050136 ], [ 696079.250749174039811, 4484779.861169587820768 ], [ 696079.24354318715632, 4484782.811160787008703 ] ] ] } },
{ "type": "Feature", "properties": { }, "geometry": { "type": "Polygon", "coordinates": [ [ [ 696079.413541508838534, 4484782.81191620323807 ], [ 696079.583539830404334, 4484782.812671619467437 ], [ 696079.590745817287825, 4484779.862680420279503 ], [ 696079.420747495722026, 4484779.861925004050136 ], [ 696079.413541508838534, 4484782.81191620323807 ] ] ] } },
{ "type": "Feature", "properties": { }, "geometry": { "type": "Polygon", "coordinates": [ [ [ 696080.5735300561646, 4484782.817070809192955 ], [ 696080.743528377730399, 4484782.817826225422323 ], [ 696080.750734364613891, 4484779.867835026234388 ], [ 696080.580736043048091, 4484779.867079610005021 ], [ 696080.5735300561646, 4484782.817070809192955 ] ] ] } },
{ "type": "Feature", "properties": { }, "geometry": { "type": "Polygon", "coordinates": [ [ [ 696080.743528377730399, 4484782.817826226353645 ], [ 696080.913526699296199, 4484782.818581642583013 ], [ 696080.92073268617969, 4484779.868590443395078 ], [ 696080.750734364613891, 4484779.867835027165711 ], [ 696080.743528377730399, 4484782.817826226353645 ] ] ] } },
{ "type": "Feature", "properties": { }, "geometry": { "type": "Polygon", "coordinates": [ [ [ 696080.913526699412614, 4484782.818581642583013 ], [ 696081.083525020978414, 4484782.81933705881238 ], [ 696081.090731007861905, 4484779.869345859624445 ], [ 696080.920732686296105, 4484779.868590443395078 ], [ 696080.913526699412614, 4484782.818581642583013 ] ] ] } },
{ "type": "Feature", "properties": { }, "geometry": { "type": "Polygon", "coordinates": [ [ [ 696081.083525020978414, 4484782.81933705881238 ], [ 696081.253523342544213, 4484782.820092475041747 ], [ 696081.260729329427704, 4484779.870101275853813 ], [ 696081.090731007861905, 4484779.869345859624445 ], [ 696081.083525020978414, 4484782.81933705881238 ] ] ] } },
{ "type": "Feature", "properties": { }, "geometry": { "type": "Polygon", "coordinates": [ [ [ 696081.253523342544213, 4484782.820092475041747 ], [ 696081.423521664110012, 4484782.820847891271114 ], [ 696081.430727650993504, 4484779.87085669208318 ], [ 696081.260729329427704, 4484779.870101275853813 ], [ 696081.253523342544213, 4484782.820092475041747 ] ] ] } },
{ "type": "Feature", "properties": { }, "geometry": { "type": "Polygon", "coordinates": [ [ [ 696081.423521664110012, 4484782.820847891271114 ], [ 696081.593519985675812, 4484782.821603307500482 ], [ 696081.600725972559303, 4484779.871612108312547 ], [ 696081.430727650993504, 4484779.87085669208318 ], [ 696081.423521664110012, 4484782.820847891271114 ] ] ] } },
{ "type": "Feature", "properties": { }, "geometry": { "type": "Polygon", "coordinates": [ [ [ 696081.593519985792227, 4484782.821603307500482 ], [ 696081.763518307358027, 4484782.822358723729849 ], [ 696081.770724294241518, 4484779.872367524541914 ], [ 696081.600725972675718, 4484779.871612108312547 ], [ 696081.593519985792227, 4484782.821603307500482 ] ] ] } },
{ "type": "Feature", "properties": { }, "geometry": { "type": "Polygon", "coordinates": [ [ [ 696082.753508533118293, 4484782.826757913455367 ], [ 696082.923506854684092, 4484782.827513329684734 ], [ 696082.930712841567583, 4484779.8775221304968 ], [ 696082.760714520001784, 4484779.876766714267433 ], [ 696082.753508533118293, 4484782.826757913455367 ] ] ] } },
{ "type": "Feature", "properties": { }, "geometry": { "type": "Polygon", "coordinates": [ [ [ 696082.923506854684092, 4484782.827513330616057 ], [ 696083.093505176249892, 4484782.828268746845424 ], [ 696083.100711163133383, 4484779.87827754765749 ], [ 696082.930712841567583, 4484779.877522131428123 ], [ 696082.923506854684092, 4484782.827513330616057 ] ] ] } },
{ "type": "Feature", "properties": { }, "geometry": { "type": "Polygon", "coordinates": [ [ [ 696083.093505176366307, 4484782.828268746845424 ], [ 696083.263503497932106, 4484782.829024163074791 ], [ 696083.270709484815598, 4484779.879032963886857 ], [ 696083.100711163249798, 4484779.87827754765749 ], [ 696083.093505176366307, 4484782.828268746845424 ] ] ] } },
{ "type": "Feature", "properties": { }, "geometry": { "type": "Polygon", "coordinates": [ [ [ 696083.263503497932106, 4484782.829024163074791 ], [ 696083.433501819497906, 4484782.829779579304159 ], [ 696083.440707806381397, 4484779.879788380116224 ], [ 696083.270709484815598, 4484779.879032963886857 ], [ 696083.263503497932106, 4484782.829024163074791 ] ] ] } },
{ "type": "Feature", "properties": { }, "geometry": { "type": "Polygon", "coordinates": [ [ [ 696083.433501819497906, 4484782.829779579304159 ], [ 696083.603500141063705, 4484782.830534995533526 ], [ 696083.610706127947196, 4484779.880543796345592 ], [ 696083.440707806381397, 4484779.879788380116224 ], [ 696083.433501819497906, 4484782.829779579304159 ] ] ] } },
{ "type": "Feature", "properties": { }, "geometry": { "type": "Polygon", "coordinates": [ [ [ 696083.60350014118012, 4484782.830534995533526 ], [ 696083.77349846274592, 4484782.831290411762893 ], [ 696083.780704449629411, 4484779.881299212574959 ], [ 696083.610706128063612, 4484779.880543796345592 ], [ 696083.60350014118012, 4484782.830534995533526 ] ] ] } },
{ "type": "Feature", "properties": { }, "geometry": { "type": "Polygon", "coordinates": [ [ [ 696083.77349846274592, 4484782.831290412694216 ], [ 696083.943496784311719, 4484782.832045828923583 ], [ 696083.950702771195211, 4484779.882054629735649 ], [ 696083.780704449629411, 4484779.881299213506281 ], [ 696083.77349846274592, 4484782.831290412694216 ] ] ] } },
{ "type": "Feature", "properties": { }, "geometry": { "type": "Polygon", "coordinates": [ [ [ 696084.933487010071985, 4484782.836445018649101 ], [ 696085.103485331637785, 4484782.837200434878469 ], [ 696085.110691318521276, 4484779.887209235690534 ], [ 696084.940692996955477, 4484779.886453819461167 ], [ 696084.933487010071985, 4484782.836445018649101 ] ] ] } },
{ "type": "Feature", "properties": { }, "geometry": { "type": "Polygon", "coordinates": [ [ [ 696085.103485331637785, 4484782.837200434878469 ], [ 696085.273483653203584, 4484782.837955851107836 ], [ 696085.280689640087076, 4484779.887964651919901 ], [ 696085.110691318521276, 4484779.887209235690534 ], [ 696085.103485331637785, 4484782.837200434878469 ] ] ] } },
{ "type": "Feature", "properties": { }, "geometry": { "type": "Polygon", "coordinates": [ [ [ 696085.27348365332, 4484782.837955851107836 ], [ 696085.443481974885799, 4484782.838711267337203 ], [ 696085.45068796176929, 4484779.888720068149269 ], [ 696085.280689640203491, 4484779.887964651919901 ], [ 696085.27348365332, 4484782.837955851107836 ] ] ] } },
{ "type": "Feature", "properties": { }, "geometry": { "type": "Polygon", "coordinates": [ [ [ 696085.443481974885799, 4484782.838711267337203 ], [ 696085.613480296451598, 4484782.83946668356657 ], [ 696085.62068628333509, 4484779.889475484378636 ], [ 696085.45068796176929, 4484779.888720068149269 ], [ 696085.443481974885799, 4484782.838711267337203 ] ] ] } },
{ "type": "Feature", "properties": { }, "geometry": { "type": "Polygon", "coordinates": [ [ [ 696085.613480296451598, 4484782.83946668356657 ], [ 696085.783478618017398, 4484782.840222099795938 ], [ 696085.790684604900889, 4484779.890230900608003 ], [ 696085.62068628333509, 4484779.889475484378636 ], [ 696085.613480296451598, 4484782.83946668356657 ] ] ] } },
{ "type": "Feature", "properties": { }, "geometry": { "type": "Polygon", "coordinates": [ [ [ 696085.783478618133813, 4484782.84022210072726 ], [ 696085.953476939699613, 4484782.840977516956627 ], [ 696085.960682926583104, 4484779.890986317768693 ], [ 696085.790684605017304, 4484779.890230901539326 ], [ 696085.783478618133813, 4484782.84022210072726 ] ] ] } },
{ "type": "Feature", "properties": { }, "geometry": { "type": "Polygon", "coordinates": [ [ [ 696085.953476939699613, 4484782.840977516956627 ], [ 696086.123475261265412, 4484782.841732933185995 ], [ 696086.130681248148903, 4484779.89174173399806 ], [ 696085.960682926583104, 4484779.890986317768693 ], [ 696085.953476939699613, 4484782.840977516956627 ] ] ] } },
{ "type": "Feature", "properties": { }, "geometry": { "type": "Polygon", "coordinates": [ [ [ 696087.113465487025678, 4484782.846132122911513 ], [ 696087.283463808591478, 4484782.84688753914088 ], [ 696087.290669795474969, 4484779.896896339952946 ], [ 696087.120671473909169, 4484779.896140923723578 ], [ 696087.113465487025678, 4484782.846132122911513 ] ] ] } },
{ "type": "Feature", "properties": { }, "geometry": { "type": "Polygon", "coordinates": [ [ [ 696087.283463808707893, 4484782.84688753914088 ], [ 696087.453462130273692, 4484782.847642955370247 ], [ 696087.460668117157184, 4484779.897651756182313 ], [ 696087.290669795591384, 4484779.896896339952946 ], [ 696087.283463808707893, 4484782.84688753914088 ] ] ] } },
{ "type": "Feature", "properties": { }, "geometry": { "type": "Polygon", "coordinates": [ [ [ 696087.453462130273692, 4484782.847642955370247 ], [ 696087.623460451839492, 4484782.848398371599615 ], [ 696087.630666438722983, 4484779.89840717241168 ], [ 696087.460668117157184, 4484779.897651756182313 ], [ 696087.453462130273692, 4484782.847642955370247 ] ] ] } },
{ "type": "Feature", "properties": { }, "geometry": { "type": "Polygon", "coordinates": [ [ [ 696087.623460451839492, 4484782.848398371599615 ], [ 696087.793458773405291, 4484782.849153787828982 ], [ 696087.800664760288782, 4484779.899162588641047 ], [ 696087.630666438722983, 4484779.89840717241168 ], [ 696087.623460451839492, 4484782.848398371599615 ] ] ] } },
{ "type": "Feature", "properties": { }, "geometry": { "type": "Polygon", "coordinates": [ [ [ 696087.793458773405291, 4484782.849153788760304 ], [ 696087.963457094971091, 4484782.849909204989672 ], [ 696087.970663081854582, 4484779.899918005801737 ], [ 696087.800664760288782, 4484779.89916258957237 ], [ 696087.793458773405291, 4484782.849153788760304 ] ] ] } },
{ "type": "Feature", "properties": { }, "geometry": { "type": "Polygon", "coordinates": [ [ [ 696087.963457095087506, 4484782.849909204989672 ], [ 696088.133455416653305, 4484782.850664621219039 ], [ 696088.140661403536797, 4484779.900673422031105 ], [ 696087.970663081970997, 4484779.899918005801737 ], [ 696087.963457095087506, 4484782.849909204989672 ] ] ] } },
{ "type": "Feature", "properties": { }, "geometry": { "type": "Polygon", "coordinates": [ [ [ 696088.133455416653305, 4484782.850664621219039 ], [ 696088.303453738219105, 4484782.851420037448406 ], [ 696088.310659725102596, 4484779.901428838260472 ], [ 696088.140661403536797, 4484779.900673422031105 ], [ 696088.133455416653305, 4484782.850664621219039 ] ] ] } },
{ "type": "Feature", "properties": { }, "geometry": { "type": "Polygon", "coordinates": [ [ [ 696089.293443963979371, 4484782.855819227173924 ], [ 696089.46344228554517, 4484782.856574643403292 ], [ 696089.470648272428662, 4484779.906583444215357 ], [ 696089.300649950862862, 4484779.90582802798599 ], [ 696089.293443963979371, 4484782.855819227173924 ] ] ] } },
{ "type": "Feature", "properties": { }, "geometry": { "type": "Polygon", "coordinates": [ [ [ 696089.463442285661586, 4484782.856574643403292 ], [ 696089.633440607227385, 4484782.857330059632659 ], [ 696089.640646594110876, 4484779.907338860444725 ], [ 696089.470648272545077, 4484779.906583444215357 ], [ 696089.463442285661586, 4484782.856574643403292 ] ] ] } },
{ "type": "Feature", "properties": { }, "geometry": { "type": "Polygon", "coordinates": [ [ [ 696089.633440607227385, 4484782.857330059632659 ], [ 696089.803438928793184, 4484782.858085475862026 ], [ 696089.810644915676676, 4484779.908094276674092 ], [ 696089.640646594110876, 4484779.907338860444725 ], [ 696089.633440607227385, 4484782.857330059632659 ] ] ] } },
{ "type": "Feature", "properties": { }, "geometry": { "type": "Polygon", "coordinates": [ [ [ 696089.803438928793184, 4484782.858085476793349 ], [ 696089.973437250358984, 4484782.858840893022716 ], [ 696089.980643237242475, 4484779.908849693834782 ], [ 696089.810644915676676, 4484779.908094277605414 ], [ 696089.803438928793184, 4484782.858085476793349 ] ] ] } },
{ "type": "Feature", "properties": { }, "geometry": { "type": "Polygon", "coordinates": [ [ [ 696089.973437250358984, 4484782.858840893022716 ], [ 696090.143435571924783, 4484782.859596309252083 ], [ 696090.150641558808275, 4484779.909605110064149 ], [ 696089.980643237242475, 4484779.908849693834782 ], [ 696089.973437250358984, 4484782.858840893022716 ] ] ] } },
{ "type": "Feature", "properties": { }, "geometry": { "type": "Polygon", "coordinates": [ [ [ 696090.143435572041199, 4484782.859596309252083 ], [ 696090.313433893606998, 4484782.860351725481451 ], [ 696090.320639880490489, 4484779.910360526293516 ], [ 696090.15064155892469, 4484779.909605110064149 ], [ 696090.143435572041199, 4484782.859596309252083 ] ] ] } },
{ "type": "Feature", "properties": { }, "geometry": { "type": "Polygon", "coordinates": [ [ [ 696090.313433893606998, 4484782.860351725481451 ], [ 696090.483432215172797, 4484782.861107141710818 ], [ 696090.490638202056289, 4484779.911115942522883 ], [ 696090.320639880490489, 4484779.910360526293516 ], [ 696090.313433893606998, 4484782.860351725481451 ] ] ] } },
{ "type": "Feature", "properties": { }, "geometry": { "type": "Polygon", "coordinates": [ [ [ 696091.473422440933064, 4484782.865506331436336 ], [ 696091.643420762498863, 4484782.866261747665703 ], [ 696091.650626749382354, 4484779.916270548477769 ], [ 696091.480628427816555, 4484779.915515132248402 ], [ 696091.473422440933064, 4484782.865506331436336 ] ] ] } },
{ "type": "Feature", "properties": { }, "geometry": { "type": "Polygon", "coordinates": [ [ [ 696091.643420762615278, 4484782.866261747665703 ], [ 696091.813419084181078, 4484782.867017163895071 ], [ 696091.820625071064569, 4484779.917025964707136 ], [ 696091.65062674949877, 4484779.916270548477769 ], [ 696091.643420762615278, 4484782.866261747665703 ] ] ] } },
{ "type": "Feature", "properties": { }, "geometry": { "type": "Polygon", "coordinates": [ [ [ 696091.813419084181078, 4484782.867017164826393 ], [ 696091.983417405746877, 4484782.86777258105576 ], [ 696091.990623392630368, 4484779.917781381867826 ], [ 696091.820625071064569, 4484779.917025965638459 ], [ 696091.813419084181078, 4484782.867017164826393 ] ] ] } },
{ "type": "Feature", "properties": { }, "geometry": { "type": "Polygon", "coordinates": [ [ [ 696091.983417405746877, 4484782.86777258105576 ], [ 696092.153415727312677, 4484782.868527997285128 ], [ 696092.160621714196168, 4484779.918536798097193 ], [ 696091.990623392630368, 4484779.917781381867826 ], [ 696091.983417405746877, 4484782.86777258105576 ] ] ] } },
{ "type": "Feature", "properties": { }, "geometry": { "type": "Polygon", "coordinates": [ [ [ 696092.153415727312677, 4484782.868527997285128 ], [ 696092.323414048878476, 4484782.869283413514495 ], [ 696092.330620035761967, 4484779.91929221432656 ], [ 696092.160621714196168, 4484779.918536798097193 ], [ 696092.153415727312677, 4484782.868527997285128 ] ] ] } },
{ "type": "Feature", "properties": { }, "geometry": { "type": "Polygon", "coordinates": [ [ [ 696092.323414048994891, 4484782.869283413514495 ], [ 696092.493412370560691, 4484782.870038829743862 ], [ 696092.500618357444182, 4484779.920047630555928 ], [ 696092.330620035878383, 4484779.91929221432656 ], [ 696092.323414048994891, 4484782.869283413514495 ] ] ] } },
{ "type": "Feature", "properties": { }, "geometry": { "type": "Polygon", "coordinates": [ [ [ 696092.493412370560691, 4484782.870038829743862 ], [ 696092.66341069212649, 4484782.870794245973229 ], [ 696092.670616679009981, 4484779.920803046785295 ], [ 696092.500618357444182, 4484779.920047630555928 ], [ 696092.493412370560691, 4484782.870038829743862 ] ] ] } },
{ "type": "Feature", "properties": { }, "geometry": { "type": "Polygon", "coordinates": [ [ [ 696093.653400917886756, 4484782.875193435698748 ], [ 696093.823399239452556, 4484782.875948851928115 ], [ 696093.830605226336047, 4484779.92595765274018 ], [ 696093.660606904770248, 4484779.925202236510813 ], [ 696093.653400917886756, 4484782.875193435698748 ] ] ] } },
{ "type": "Feature", "properties": { }, "geometry": { "type": "Polygon", "coordinates": [ [ [ 696093.823399239568971, 4484782.875948852859437 ], [ 696093.993397561134771, 4484782.876704269088805 ], [ 696094.000603548018262, 4484779.92671306990087 ], [ 696093.830605226452462, 4484779.925957653671503 ], [ 696093.823399239568971, 4484782.875948852859437 ] ] ] } },
{ "type": "Feature", "properties": { }, "geometry": { "type": "Polygon", "coordinates": [ [ [ 696093.993397561134771, 4484782.876704269088805 ], [ 696094.16339588270057, 4484782.877459685318172 ], [ 696094.170601869584061, 4484779.927468486130238 ], [ 696094.000603548018262, 4484779.92671306990087 ], [ 696093.993397561134771, 4484782.876704269088805 ] ] ] } },
{ "type": "Feature", "properties": { }, "geometry": { "type": "Polygon", "coordinates": [ [ [ 696094.16339588270057, 4484782.877459685318172 ], [ 696094.333394204266369, 4484782.878215101547539 ], [ 696094.340600191149861, 4484779.928223902359605 ], [ 696094.170601869584061, 4484779.927468486130238 ], [ 696094.16339588270057, 4484782.877459685318172 ] ] ] } },
{ "type": "Feature", "properties": { }, "geometry": { "type": "Polygon", "coordinates": [ [ [ 696094.333394204382785, 4484782.878215101547539 ], [ 696094.503392525948584, 4484782.878970517776906 ], [ 696094.510598512832075, 4484779.928979318588972 ], [ 696094.340600191266276, 4484779.928223902359605 ], [ 696094.333394204382785, 4484782.878215101547539 ] ] ] } },
{ "type": "Feature", "properties": { }, "geometry": { "type": "Polygon", "coordinates": [ [ [ 696094.503392525948584, 4484782.878970517776906 ], [ 696094.673390847514383, 4484782.879725934006274 ], [ 696094.680596834397875, 4484779.929734734818339 ], [ 696094.510598512832075, 4484779.928979318588972 ], [ 696094.503392525948584, 4484782.878970517776906 ] ] ] } },
{ "type": "Feature", "properties": { }, "geometry": { "type": "Polygon", "coordinates": [ [ [ 696094.673390847514383, 4484782.879725934006274 ], [ 696094.843389169080183, 4484782.880481350235641 ], [ 696094.850595155963674, 4484779.930490151047707 ], [ 696094.680596834397875, 4484779.929734734818339 ], [ 696094.673390847514383, 4484782.879725934006274 ] ] ] } },
{ "type": "Feature", "properties": { }, "geometry": { "type": "Polygon", "coordinates": [ [ [ 696095.833379394840449, 4484782.884880539961159 ], [ 696096.003377716406249, 4484782.885635956190526 ], [ 696096.01058370328974, 4484779.935644757002592 ], [ 696095.84058538172394, 4484779.934889340773225 ], [ 696095.833379394840449, 4484782.884880539961159 ] ] ] } },
{ "type": "Feature", "properties": { }, "geometry": { "type": "Polygon", "coordinates": [ [ [ 696096.003377716522664, 4484782.885635957121849 ], [ 696096.173376038088463, 4484782.886391373351216 ], [ 696096.180582024971955, 4484779.936400174163282 ], [ 696096.010583703406155, 4484779.935644757933915 ], [ 696096.003377716522664, 4484782.885635957121849 ] ] ] } },
{ "type": "Feature", "properties": { }, "geometry": { "type": "Polygon", "coordinates": [ [ [ 696096.173376038088463, 4484782.886391373351216 ], [ 696096.343374359654263, 4484782.887146789580584 ], [ 696096.350580346537754, 4484779.937155590392649 ], [ 696096.180582024971955, 4484779.936400174163282 ], [ 696096.173376038088463, 4484782.886391373351216 ] ] ] } },
{ "type": "Feature", "properties": { }, "geometry": { "type": "Polygon", "coordinates": [ [ [ 696096.343374359654263, 4484782.887146789580584 ], [ 696096.513372681220062, 4484782.887902205809951 ], [ 696096.520578668103553, 4484779.937911006622016 ], [ 696096.350580346537754, 4484779.937155590392649 ], [ 696096.343374359654263, 4484782.887146789580584 ] ] ] } },
{ "type": "Feature", "properties": { }, "geometry": { "type": "Polygon", "coordinates": [ [ [ 696096.513372681336477, 4484782.887902205809951 ], [ 696096.683371002902277, 4484782.888657622039318 ], [ 696096.690576989785768, 4484779.938666422851384 ], [ 696096.520578668219969, 4484779.937911006622016 ], [ 696096.513372681336477, 4484782.887902205809951 ] ] ] } },
{ "type": "Feature", "properties": { }, "geometry": { "type": "Polygon", "coordinates": [ [ [ 696096.683371002902277, 4484782.888657622039318 ], [ 696096.853369324468076, 4484782.889413038268685 ], [ 696096.860575311351568, 4484779.939421839080751 ], [ 696096.690576989785768, 4484779.938666422851384 ], [ 696096.683371002902277, 4484782.888657622039318 ] ] ] } },
{ "type": "Feature", "properties": { }, "geometry": { "type": "Polygon", "coordinates": [ [ [ 696096.853369324468076, 4484782.889413039200008 ], [ 696097.023367646033876, 4484782.890168455429375 ], [ 696097.030573632917367, 4484779.940177256241441 ], [ 696096.860575311351568, 4484779.939421840012074 ], [ 696096.853369324468076, 4484782.889413039200008 ] ] ] } },
{ "type": "Feature", "properties": { }, "geometry": { "type": "Polygon", "coordinates": [ [ [ 696076.224247733713128, 4484778.427709638141096 ], [ 696076.394246055278927, 4484778.428465054370463 ], [ 696076.401452042162418, 4484775.478473855182528 ], [ 696076.231453720596619, 4484775.477718438953161 ], [ 696076.224247733713128, 4484778.427709638141096 ] ] ] } },
{ "type": "Feature", "properties": { }, "geometry": { "type": "Polygon", "coordinates": [ [ [ 696076.394246055278927, 4484778.428465054370463 ], [ 696076.564244376844727, 4484778.42922047059983 ], [ 696076.571450363728218, 4484775.479229271411896 ], [ 696076.401452042162418, 4484775.478473855182528 ], [ 696076.394246055278927, 4484778.428465054370463 ] ] ] } },
{ "type": "Feature", "properties": { }, "geometry": { "type": "Polygon", "coordinates": [ [ [ 696076.564244376961142, 4484778.42922047059983 ], [ 696076.734242698526941, 4484778.429975886829197 ], [ 696076.741448685410433, 4484775.479984687641263 ], [ 696076.571450363844633, 4484775.479229271411896 ], [ 696076.564244376961142, 4484778.42922047059983 ] ] ] } },
{ "type": "Feature", "properties": { }, "geometry": { "type": "Polygon", "coordinates": [ [ [ 696076.734242698526941, 4484778.42997588776052 ], [ 696076.904241020092741, 4484778.430731303989887 ], [ 696076.911447006976232, 4484775.480740104801953 ], [ 696076.741448685410433, 4484775.479984688572586 ], [ 696076.734242698526941, 4484778.42997588776052 ] ] ] } },
{ "type": "Feature", "properties": { }, "geometry": { "type": "Polygon", "coordinates": [ [ [ 696076.904241020092741, 4484778.430731303989887 ], [ 696077.07423934165854, 4484778.431486720219254 ], [ 696077.081445328542031, 4484775.48149552103132 ], [ 696076.911447006976232, 4484775.480740104801953 ], [ 696076.904241020092741, 4484778.430731303989887 ] ] ] } },
{ "type": "Feature", "properties": { }, "geometry": { "type": "Polygon", "coordinates": [ [ [ 696077.07423934165854, 4484778.431486720219254 ], [ 696077.244237663224339, 4484778.432242136448622 ], [ 696077.251443650107831, 4484775.482250937260687 ], [ 696077.081445328542031, 4484775.48149552103132 ], [ 696077.07423934165854, 4484778.431486720219254 ] ] ] } },
{ "type": "Feature", "properties": { }, "geometry": { "type": "Polygon", "coordinates": [ [ [ 696077.244237663340755, 4484778.432242136448622 ], [ 696077.414235984906554, 4484778.432997552677989 ], [ 696077.421441971790045, 4484775.483006353490055 ], [ 696077.251443650224246, 4484775.482250937260687 ], [ 696077.244237663340755, 4484778.432242136448622 ] ] ] } },
{ "type": "Feature", "properties": { }, "geometry": { "type": "Polygon", "coordinates": [ [ [ 696078.40422621066682, 4484778.437396742403507 ], [ 696078.57422453223262, 4484778.438152158632874 ], [ 696078.581430519116111, 4484775.48816095944494 ], [ 696078.411432197550312, 4484775.487405543215573 ], [ 696078.40422621066682, 4484778.437396742403507 ] ] ] } },
{ "type": "Feature", "properties": { }, "geometry": { "type": "Polygon", "coordinates": [ [ [ 696078.57422453223262, 4484778.438152158632874 ], [ 696078.744222853798419, 4484778.438907574862242 ], [ 696078.751428840681911, 4484775.488916375674307 ], [ 696078.581430519116111, 4484775.48816095944494 ], [ 696078.57422453223262, 4484778.438152158632874 ] ] ] } },
{ "type": "Feature", "properties": { }, "geometry": { "type": "Polygon", "coordinates": [ [ [ 696078.744222853914835, 4484778.438907575793564 ], [ 696078.914221175480634, 4484778.439662992022932 ], [ 696078.921427162364125, 4484775.489671792834997 ], [ 696078.751428840798326, 4484775.48891637660563 ], [ 696078.744222853914835, 4484778.438907575793564 ] ] ] } },
{ "type": "Feature", "properties": { }, "geometry": { "type": "Polygon", "coordinates": [ [ [ 696078.914221175480634, 4484778.439662992022932 ], [ 696079.084219497046433, 4484778.440418408252299 ], [ 696079.091425483929925, 4484775.490427209064364 ], [ 696078.921427162364125, 4484775.489671792834997 ], [ 696078.914221175480634, 4484778.439662992022932 ] ] ] } },
{ "type": "Feature", "properties": { }, "geometry": { "type": "Polygon", "coordinates": [ [ [ 696079.084219497046433, 4484778.440418408252299 ], [ 696079.254217818612233, 4484778.441173824481666 ], [ 696079.261423805495724, 4484775.491182625293732 ], [ 696079.091425483929925, 4484775.490427209064364 ], [ 696079.084219497046433, 4484778.440418408252299 ] ] ] } },
{ "type": "Feature", "properties": { }, "geometry": { "type": "Polygon", "coordinates": [ [ [ 696079.254217818612233, 4484778.441173824481666 ], [ 696079.424216140178032, 4484778.441929240711033 ], [ 696079.431422127061523, 4484775.491938041523099 ], [ 696079.261423805495724, 4484775.491182625293732 ], [ 696079.254217818612233, 4484778.441173824481666 ] ] ] } },
{ "type": "Feature", "properties": { }, "geometry": { "type": "Polygon", "coordinates": [ [ [ 696079.424216140294448, 4484778.441929240711033 ], [ 696079.594214461860247, 4484778.442684656940401 ], [ 696079.601420448743738, 4484775.492693457752466 ], [ 696079.431422127177939, 4484775.491938041523099 ], [ 696079.424216140294448, 4484778.441929240711033 ] ] ] } },
{ "type": "Feature", "properties": { }, "geometry": { "type": "Polygon", "coordinates": [ [ [ 696080.584204687620513, 4484778.447083846665919 ], [ 696080.754203009186313, 4484778.447839262895286 ], [ 696080.761408996069804, 4484775.497848063707352 ], [ 696080.591410674504004, 4484775.497092647477984 ], [ 696080.584204687620513, 4484778.447083846665919 ] ] ] } },
{ "type": "Feature", "properties": { }, "geometry": { "type": "Polygon", "coordinates": [ [ [ 696080.754203009186313, 4484778.447839263826609 ], [ 696080.924201330752112, 4484778.448594680055976 ], [ 696080.931407317635603, 4484775.498603480868042 ], [ 696080.761408996069804, 4484775.497848064638674 ], [ 696080.754203009186313, 4484778.447839263826609 ] ] ] } },
{ "type": "Feature", "properties": { }, "geometry": { "type": "Polygon", "coordinates": [ [ [ 696080.924201330868527, 4484778.448594680055976 ], [ 696081.094199652434327, 4484778.449350096285343 ], [ 696081.101405639317818, 4484775.499358897097409 ], [ 696080.931407317752019, 4484775.498603480868042 ], [ 696080.924201330868527, 4484778.448594680055976 ] ] ] } },
{ "type": "Feature", "properties": { }, "geometry": { "type": "Polygon", "coordinates": [ [ [ 696081.094199652434327, 4484778.449350096285343 ], [ 696081.264197974000126, 4484778.45010551251471 ], [ 696081.271403960883617, 4484775.500114313326776 ], [ 696081.101405639317818, 4484775.499358897097409 ], [ 696081.094199652434327, 4484778.449350096285343 ] ] ] } },
{ "type": "Feature", "properties": { }, "geometry": { "type": "Polygon", "coordinates": [ [ [ 696081.264197974000126, 4484778.45010551251471 ], [ 696081.434196295565926, 4484778.450860928744078 ], [ 696081.441402282449417, 4484775.500869729556143 ], [ 696081.271403960883617, 4484775.500114313326776 ], [ 696081.264197974000126, 4484778.45010551251471 ] ] ] } },
{ "type": "Feature", "properties": { }, "geometry": { "type": "Polygon", "coordinates": [ [ [ 696081.434196295565926, 4484778.450860928744078 ], [ 696081.604194617131725, 4484778.451616344973445 ], [ 696081.611400604015216, 4484775.501625145785511 ], [ 696081.441402282449417, 4484775.500869729556143 ], [ 696081.434196295565926, 4484778.450860928744078 ] ] ] } },
{ "type": "Feature", "properties": { }, "geometry": { "type": "Polygon", "coordinates": [ [ [ 696081.60419461724814, 4484778.451616344973445 ], [ 696081.77419293881394, 4484778.452371761202812 ], [ 696081.781398925697431, 4484775.502380562014878 ], [ 696081.611400604131632, 4484775.501625145785511 ], [ 696081.60419461724814, 4484778.451616344973445 ] ] ] } },
{ "type": "Feature", "properties": { }, "geometry": { "type": "Polygon", "coordinates": [ [ [ 696082.764183164574206, 4484778.45677095092833 ], [ 696082.934181486140005, 4484778.457526367157698 ], [ 696082.941387473023497, 4484775.507535167969763 ], [ 696082.771389151457697, 4484775.506779751740396 ], [ 696082.764183164574206, 4484778.45677095092833 ] ] ] } },
{ "type": "Feature", "properties": { }, "geometry": { "type": "Polygon", "coordinates": [ [ [ 696082.934181486140005, 4484778.45752636808902 ], [ 696083.104179807705805, 4484778.458281784318388 ], [ 696083.111385794589296, 4484775.508290585130453 ], [ 696082.941387473023497, 4484775.507535168901086 ], [ 696082.934181486140005, 4484778.45752636808902 ] ] ] } },
{ "type": "Feature", "properties": { }, "geometry": { "type": "Polygon", "coordinates": [ [ [ 696083.10417980782222, 4484778.458281784318388 ], [ 696083.274178129388019, 4484778.459037200547755 ], [ 696083.281384116271511, 4484775.50904600135982 ], [ 696083.111385794705711, 4484775.508290585130453 ], [ 696083.10417980782222, 4484778.458281784318388 ] ] ] } },
{ "type": "Feature", "properties": { }, "geometry": { "type": "Polygon", "coordinates": [ [ [ 696083.274178129388019, 4484778.459037200547755 ], [ 696083.444176450953819, 4484778.459792616777122 ], [ 696083.45138243783731, 4484775.509801417589188 ], [ 696083.281384116271511, 4484775.50904600135982 ], [ 696083.274178129388019, 4484778.459037200547755 ] ] ] } },
{ "type": "Feature", "properties": { }, "geometry": { "type": "Polygon", "coordinates": [ [ [ 696083.444176450953819, 4484778.459792616777122 ], [ 696083.614174772519618, 4484778.460548033006489 ], [ 696083.62138075940311, 4484775.510556833818555 ], [ 696083.45138243783731, 4484775.509801417589188 ], [ 696083.444176450953819, 4484778.459792616777122 ] ] ] } },
{ "type": "Feature", "properties": { }, "geometry": { "type": "Polygon", "coordinates": [ [ [ 696083.614174772636034, 4484778.460548033006489 ], [ 696083.784173094201833, 4484778.461303449235857 ], [ 696083.791379081085324, 4484775.511312250047922 ], [ 696083.621380759519525, 4484775.510556833818555 ], [ 696083.614174772636034, 4484778.460548033006489 ] ] ] } },
{ "type": "Feature", "properties": { }, "geometry": { "type": "Polygon", "coordinates": [ [ [ 696083.784173094201833, 4484778.461303450167179 ], [ 696083.954171415767632, 4484778.462058866396546 ], [ 696083.961377402651124, 4484775.512067667208612 ], [ 696083.791379081085324, 4484775.511312250979245 ], [ 696083.784173094201833, 4484778.461303450167179 ] ] ] } },
{ "type": "Feature", "properties": { }, "geometry": { "type": "Polygon", "coordinates": [ [ [ 696084.944161641527899, 4484778.466458056122065 ], [ 696085.114159963093698, 4484778.467213472351432 ], [ 696085.121365949977189, 4484775.517222273163497 ], [ 696084.95136762841139, 4484775.51646685693413 ], [ 696084.944161641527899, 4484778.466458056122065 ] ] ] } },
{ "type": "Feature", "properties": { }, "geometry": { "type": "Polygon", "coordinates": [ [ [ 696085.114159963093698, 4484778.467213472351432 ], [ 696085.284158284659497, 4484778.467968888580799 ], [ 696085.291364271542989, 4484775.517977689392865 ], [ 696085.121365949977189, 4484775.517222273163497 ], [ 696085.114159963093698, 4484778.467213472351432 ] ] ] } },
{ "type": "Feature", "properties": { }, "geometry": { "type": "Polygon", "coordinates": [ [ [ 696085.284158284775913, 4484778.467968888580799 ], [ 696085.454156606341712, 4484778.468724304810166 ], [ 696085.461362593225203, 4484775.518733105622232 ], [ 696085.291364271659404, 4484775.517977689392865 ], [ 696085.284158284775913, 4484778.467968888580799 ] ] ] } },
{ "type": "Feature", "properties": { }, "geometry": { "type": "Polygon", "coordinates": [ [ [ 696085.454156606341712, 4484778.468724304810166 ], [ 696085.624154927907512, 4484778.469479721039534 ], [ 696085.631360914791003, 4484775.519488521851599 ], [ 696085.461362593225203, 4484775.518733105622232 ], [ 696085.454156606341712, 4484778.468724304810166 ] ] ] } },
{ "type": "Feature", "properties": { }, "geometry": { "type": "Polygon", "coordinates": [ [ [ 696085.624154927907512, 4484778.469479721039534 ], [ 696085.794153249473311, 4484778.470235137268901 ], [ 696085.801359236356802, 4484775.520243938080966 ], [ 696085.631360914791003, 4484775.519488521851599 ], [ 696085.624154927907512, 4484778.469479721039534 ] ] ] } },
{ "type": "Feature", "properties": { }, "geometry": { "type": "Polygon", "coordinates": [ [ [ 696085.794153249589726, 4484778.470235138200223 ], [ 696085.964151571155526, 4484778.470990554429591 ], [ 696085.971357558039017, 4484775.520999355241656 ], [ 696085.801359236473218, 4484775.520243939012289 ], [ 696085.794153249589726, 4484778.470235138200223 ] ] ] } },
{ "type": "Feature", "properties": { }, "geometry": { "type": "Polygon", "coordinates": [ [ [ 696085.964151571155526, 4484778.470990554429591 ], [ 696086.134149892721325, 4484778.471745970658958 ], [ 696086.141355879604816, 4484775.521754771471024 ], [ 696085.971357558039017, 4484775.520999355241656 ], [ 696085.964151571155526, 4484778.470990554429591 ] ] ] } },
{ "type": "Feature", "properties": { }, "geometry": { "type": "Polygon", "coordinates": [ [ [ 696087.124140118481591, 4484778.476145160384476 ], [ 696087.294138440047391, 4484778.476900576613843 ], [ 696087.301344426930882, 4484775.526909377425909 ], [ 696087.131346105365083, 4484775.526153961196542 ], [ 696087.124140118481591, 4484778.476145160384476 ] ] ] } },
{ "type": "Feature", "properties": { }, "geometry": { "type": "Polygon", "coordinates": [ [ [ 696087.294138440163806, 4484778.476900576613843 ], [ 696087.464136761729605, 4484778.477655992843211 ], [ 696087.471342748613097, 4484775.527664793655276 ], [ 696087.301344427047297, 4484775.526909377425909 ], [ 696087.294138440163806, 4484778.476900576613843 ] ] ] } },
{ "type": "Feature", "properties": { }, "geometry": { "type": "Polygon", "coordinates": [ [ [ 696087.464136761729605, 4484778.477655992843211 ], [ 696087.634135083295405, 4484778.478411409072578 ], [ 696087.641341070178896, 4484775.528420209884644 ], [ 696087.471342748613097, 4484775.527664793655276 ], [ 696087.464136761729605, 4484778.477655992843211 ] ] ] } },
{ "type": "Feature", "properties": { }, "geometry": { "type": "Polygon", "coordinates": [ [ [ 696087.634135083295405, 4484778.478411409072578 ], [ 696087.804133404861204, 4484778.479166825301945 ], [ 696087.811339391744696, 4484775.529175626114011 ], [ 696087.641341070178896, 4484775.528420209884644 ], [ 696087.634135083295405, 4484778.478411409072578 ] ] ] } },
{ "type": "Feature", "properties": { }, "geometry": { "type": "Polygon", "coordinates": [ [ [ 696087.804133404861204, 4484778.479166826233268 ], [ 696087.974131726427004, 4484778.479922242462635 ], [ 696087.981337713310495, 4484775.529931043274701 ], [ 696087.811339391744696, 4484775.529175627045333 ], [ 696087.804133404861204, 4484778.479166826233268 ] ] ] } },
{ "type": "Feature", "properties": { }, "geometry": { "type": "Polygon", "coordinates": [ [ [ 696087.974131726543419, 4484778.479922242462635 ], [ 696088.144130048109218, 4484778.480677658692002 ], [ 696088.15133603499271, 4484775.530686459504068 ], [ 696087.98133771342691, 4484775.529931043274701 ], [ 696087.974131726543419, 4484778.479922242462635 ] ] ] } },
{ "type": "Feature", "properties": { }, "geometry": { "type": "Polygon", "coordinates": [ [ [ 696088.144130048109218, 4484778.480677658692002 ], [ 696088.314128369675018, 4484778.48143307492137 ], [ 696088.321334356558509, 4484775.531441875733435 ], [ 696088.15133603499271, 4484775.530686459504068 ], [ 696088.144130048109218, 4484778.480677658692002 ] ] ] } },
{ "type": "Feature", "properties": { }, "geometry": { "type": "Polygon", "coordinates": [ [ [ 696089.304118595435284, 4484778.485832264646888 ], [ 696089.474116917001083, 4484778.486587680876255 ], [ 696089.481322903884575, 4484775.536596481688321 ], [ 696089.311324582318775, 4484775.535841065458953 ], [ 696089.304118595435284, 4484778.485832264646888 ] ] ] } },
{ "type": "Feature", "properties": { }, "geometry": { "type": "Polygon", "coordinates": [ [ [ 696089.474116917117499, 4484778.486587680876255 ], [ 696089.644115238683298, 4484778.487343097105622 ], [ 696089.65132122556679, 4484775.537351897917688 ], [ 696089.48132290400099, 4484775.536596481688321 ], [ 696089.474116917117499, 4484778.486587680876255 ] ] ] } },
{ "type": "Feature", "properties": { }, "geometry": { "type": "Polygon", "coordinates": [ [ [ 696089.644115238683298, 4484778.487343097105622 ], [ 696089.814113560249098, 4484778.48809851333499 ], [ 696089.821319547132589, 4484775.538107314147055 ], [ 696089.65132122556679, 4484775.537351897917688 ], [ 696089.644115238683298, 4484778.487343097105622 ] ] ] } },
{ "type": "Feature", "properties": { }, "geometry": { "type": "Polygon", "coordinates": [ [ [ 696089.814113560249098, 4484778.488098514266312 ], [ 696089.984111881814897, 4484778.488853930495679 ], [ 696089.991317868698388, 4484775.538862731307745 ], [ 696089.821319547132589, 4484775.538107315078378 ], [ 696089.814113560249098, 4484778.488098514266312 ] ] ] } },
{ "type": "Feature", "properties": { }, "geometry": { "type": "Polygon", "coordinates": [ [ [ 696089.984111881814897, 4484778.488853930495679 ], [ 696090.154110203380696, 4484778.489609346725047 ], [ 696090.161316190264188, 4484775.539618147537112 ], [ 696089.991317868698388, 4484775.538862731307745 ], [ 696089.984111881814897, 4484778.488853930495679 ] ] ] } },
{ "type": "Feature", "properties": { }, "geometry": { "type": "Polygon", "coordinates": [ [ [ 696090.154110203497112, 4484778.489609346725047 ], [ 696090.324108525062911, 4484778.490364762954414 ], [ 696090.331314511946402, 4484775.540373563766479 ], [ 696090.161316190380603, 4484775.539618147537112 ], [ 696090.154110203497112, 4484778.489609346725047 ] ] ] } },
{ "type": "Feature", "properties": { }, "geometry": { "type": "Polygon", "coordinates": [ [ [ 696090.324108525062911, 4484778.490364762954414 ], [ 696090.494106846628711, 4484778.491120179183781 ], [ 696090.501312833512202, 4484775.541128979995847 ], [ 696090.331314511946402, 4484775.540373563766479 ], [ 696090.324108525062911, 4484778.490364762954414 ] ] ] } },
{ "type": "Feature", "properties": { }, "geometry": { "type": "Polygon", "coordinates": [ [ [ 696091.484097072388977, 4484778.495519368909299 ], [ 696091.654095393954776, 4484778.496274785138667 ], [ 696091.661301380838268, 4484775.546283585950732 ], [ 696091.491303059272468, 4484775.545528169721365 ], [ 696091.484097072388977, 4484778.495519368909299 ] ] ] } },
{ "type": "Feature", "properties": { }, "geometry": { "type": "Polygon", "coordinates": [ [ [ 696091.654095394071192, 4484778.496274785138667 ], [ 696091.824093715636991, 4484778.497030201368034 ], [ 696091.831299702520482, 4484775.547039002180099 ], [ 696091.661301380954683, 4484775.546283585950732 ], [ 696091.654095394071192, 4484778.496274785138667 ] ] ] } },
{ "type": "Feature", "properties": { }, "geometry": { "type": "Polygon", "coordinates": [ [ [ 696091.824093715636991, 4484778.497030202299356 ], [ 696091.99409203720279, 4484778.497785618528724 ], [ 696092.001298024086282, 4484775.547794419340789 ], [ 696091.831299702520482, 4484775.547039003111422 ], [ 696091.824093715636991, 4484778.497030202299356 ] ] ] } },
{ "type": "Feature", "properties": { }, "geometry": { "type": "Polygon", "coordinates": [ [ [ 696091.99409203720279, 4484778.497785618528724 ], [ 696092.16409035876859, 4484778.498541034758091 ], [ 696092.171296345652081, 4484775.548549835570157 ], [ 696092.001298024086282, 4484775.547794419340789 ], [ 696091.99409203720279, 4484778.497785618528724 ] ] ] } },
{ "type": "Feature", "properties": { }, "geometry": { "type": "Polygon", "coordinates": [ [ [ 696092.16409035876859, 4484778.498541034758091 ], [ 696092.334088680334389, 4484778.499296450987458 ], [ 696092.34129466721788, 4484775.549305251799524 ], [ 696092.171296345652081, 4484775.548549835570157 ], [ 696092.16409035876859, 4484778.498541034758091 ] ] ] } },
{ "type": "Feature", "properties": { }, "geometry": { "type": "Polygon", "coordinates": [ [ [ 696092.334088680450805, 4484778.499296450987458 ], [ 696092.504087002016604, 4484778.500051867216825 ], [ 696092.511292988900095, 4484775.550060668028891 ], [ 696092.341294667334296, 4484775.549305251799524 ], [ 696092.334088680450805, 4484778.499296450987458 ] ] ] } },
{ "type": "Feature", "properties": { }, "geometry": { "type": "Polygon", "coordinates": [ [ [ 696092.504087002016604, 4484778.500051867216825 ], [ 696092.674085323582403, 4484778.500807283446193 ], [ 696092.681291310465895, 4484775.550816084258258 ], [ 696092.511292988900095, 4484775.550060668028891 ], [ 696092.504087002016604, 4484778.500051867216825 ] ] ] } },
{ "type": "Feature", "properties": { }, "geometry": { "type": "Polygon", "coordinates": [ [ [ 696093.66407554934267, 4484778.505206473171711 ], [ 696093.834073870908469, 4484778.505961889401078 ], [ 696093.84127985779196, 4484775.555970690213144 ], [ 696093.671281536226161, 4484775.555215273983777 ], [ 696093.66407554934267, 4484778.505206473171711 ] ] ] } },
{ "type": "Feature", "properties": { }, "geometry": { "type": "Polygon", "coordinates": [ [ [ 696093.834073871024884, 4484778.505961890332401 ], [ 696094.004072192590684, 4484778.506717306561768 ], [ 696094.011278179474175, 4484775.556726107373834 ], [ 696093.841279857908376, 4484775.555970691144466 ], [ 696093.834073871024884, 4484778.505961890332401 ] ] ] } },
{ "type": "Feature", "properties": { }, "geometry": { "type": "Polygon", "coordinates": [ [ [ 696094.004072192590684, 4484778.506717306561768 ], [ 696094.174070514156483, 4484778.507472722791135 ], [ 696094.181276501039974, 4484775.557481523603201 ], [ 696094.011278179474175, 4484775.556726107373834 ], [ 696094.004072192590684, 4484778.506717306561768 ] ] ] } },
{ "type": "Feature", "properties": { }, "geometry": { "type": "Polygon", "coordinates": [ [ [ 696094.174070514156483, 4484778.507472722791135 ], [ 696094.344068835722283, 4484778.508228139020503 ], [ 696094.351274822605774, 4484775.558236939832568 ], [ 696094.181276501039974, 4484775.557481523603201 ], [ 696094.174070514156483, 4484778.507472722791135 ] ] ] } },
{ "type": "Feature", "properties": { }, "geometry": { "type": "Polygon", "coordinates": [ [ [ 696094.344068835838698, 4484778.508228139020503 ], [ 696094.514067157404497, 4484778.50898355524987 ], [ 696094.521273144287989, 4484775.558992356061935 ], [ 696094.351274822722189, 4484775.558236939832568 ], [ 696094.344068835838698, 4484778.508228139020503 ] ] ] } },
{ "type": "Feature", "properties": { }, "geometry": { "type": "Polygon", "coordinates": [ [ [ 696094.514067157404497, 4484778.50898355524987 ], [ 696094.684065478970297, 4484778.509738971479237 ], [ 696094.691271465853788, 4484775.559747772291303 ], [ 696094.521273144287989, 4484775.558992356061935 ], [ 696094.514067157404497, 4484778.50898355524987 ] ] ] } },
{ "type": "Feature", "properties": { }, "geometry": { "type": "Polygon", "coordinates": [ [ [ 696094.684065478970297, 4484778.509738971479237 ], [ 696094.854063800536096, 4484778.510494387708604 ], [ 696094.861269787419587, 4484775.56050318852067 ], [ 696094.691271465853788, 4484775.559747772291303 ], [ 696094.684065478970297, 4484778.509738971479237 ] ] ] } },
{ "type": "Feature", "properties": { }, "geometry": { "type": "Polygon", "coordinates": [ [ [ 696095.844054026296362, 4484778.514893577434123 ], [ 696096.014052347862162, 4484778.51564899366349 ], [ 696096.021258334745653, 4484775.565657794475555 ], [ 696095.851260013179854, 4484775.564902378246188 ], [ 696095.844054026296362, 4484778.514893577434123 ] ] ] } },
{ "type": "Feature", "properties": { }, "geometry": { "type": "Polygon", "coordinates": [ [ [ 696096.014052347978577, 4484778.515648994594812 ], [ 696096.184050669544376, 4484778.51640441082418 ], [ 696096.191256656427868, 4484775.566413211636245 ], [ 696096.021258334862068, 4484775.565657795406878 ], [ 696096.014052347978577, 4484778.515648994594812 ] ] ] } },
{ "type": "Feature", "properties": { }, "geometry": { "type": "Polygon", "coordinates": [ [ [ 696096.184050669544376, 4484778.51640441082418 ], [ 696096.354048991110176, 4484778.517159827053547 ], [ 696096.361254977993667, 4484775.567168627865613 ], [ 696096.191256656427868, 4484775.566413211636245 ], [ 696096.184050669544376, 4484778.51640441082418 ] ] ] } },
{ "type": "Feature", "properties": { }, "geometry": { "type": "Polygon", "coordinates": [ [ [ 696096.354048991110176, 4484778.517159827053547 ], [ 696096.524047312675975, 4484778.517915243282914 ], [ 696096.531253299559467, 4484775.56792404409498 ], [ 696096.361254977993667, 4484775.567168627865613 ], [ 696096.354048991110176, 4484778.517159827053547 ] ] ] } },
{ "type": "Feature", "properties": { }, "geometry": { "type": "Polygon", "coordinates": [ [ [ 696096.524047312792391, 4484778.517915243282914 ], [ 696096.69404563435819, 4484778.518670659512281 ], [ 696096.701251621241681, 4484775.568679460324347 ], [ 696096.531253299675882, 4484775.56792404409498 ], [ 696096.524047312792391, 4484778.517915243282914 ] ] ] } },
{ "type": "Feature", "properties": { }, "geometry": { "type": "Polygon", "coordinates": [ [ [ 696096.69404563435819, 4484778.518670659512281 ], [ 696096.864043955923989, 4484778.519426075741649 ], [ 696096.871249942807481, 4484775.569434876553714 ], [ 696096.701251621241681, 4484775.568679460324347 ], [ 696096.69404563435819, 4484778.518670659512281 ] ] ] } },
{ "type": "Feature", "properties": { }, "geometry": { "type": "Polygon", "coordinates": [ [ [ 696096.864043955923989, 4484778.519426076672971 ], [ 696097.034042277489789, 4484778.520181492902339 ], [ 696097.04124826437328, 4484775.570190293714404 ], [ 696096.871249942807481, 4484775.569434877485037 ], [ 696096.864043955923989, 4484778.519426076672971 ] ] ] } },
{ "type": "Feature", "properties": { }, "geometry": { "type": "Polygon", "coordinates": [ [ [ 696076.234922365052626, 4484774.057722675614059 ], [ 696076.404920686618425, 4484774.058478091843426 ], [ 696076.412126673501916, 4484771.108486892655492 ], [ 696076.242128351936117, 4484771.107731476426125 ], [ 696076.234922365052626, 4484774.057722675614059 ] ] ] } },
{ "type": "Feature", "properties": { }, "geometry": { "type": "Polygon", "coordinates": [ [ [ 696076.404920686618425, 4484774.058478091843426 ], [ 696076.574919008184224, 4484774.059233508072793 ], [ 696076.582124995067716, 4484771.109242308884859 ], [ 696076.412126673501916, 4484771.108486892655492 ], [ 696076.404920686618425, 4484774.058478091843426 ] ] ] } },
{ "type": "Feature", "properties": { }, "geometry": { "type": "Polygon", "coordinates": [ [ [ 696076.57491900830064, 4484774.059233508072793 ], [ 696076.744917329866439, 4484774.059988924302161 ], [ 696076.75212331674993, 4484771.109997725114226 ], [ 696076.582124995184131, 4484771.109242308884859 ], [ 696076.57491900830064, 4484774.059233508072793 ] ] ] } },
{ "type": "Feature", "properties": { }, "geometry": { "type": "Polygon", "coordinates": [ [ [ 696076.744917329866439, 4484774.059988925233483 ], [ 696076.914915651432239, 4484774.060744341462851 ], [ 696076.92212163831573, 4484771.110753142274916 ], [ 696076.75212331674993, 4484771.109997726045549 ], [ 696076.744917329866439, 4484774.059988925233483 ] ] ] } },
{ "type": "Feature", "properties": { }, "geometry": { "type": "Polygon", "coordinates": [ [ [ 696076.914915651432239, 4484774.060744341462851 ], [ 696077.084913972998038, 4484774.061499757692218 ], [ 696077.092119959881529, 4484771.111508558504283 ], [ 696076.92212163831573, 4484771.110753142274916 ], [ 696076.914915651432239, 4484774.060744341462851 ] ] ] } },
{ "type": "Feature", "properties": { }, "geometry": { "type": "Polygon", "coordinates": [ [ [ 696077.084913972998038, 4484774.061499757692218 ], [ 696077.254912294563837, 4484774.062255173921585 ], [ 696077.262118281447329, 4484771.112263974733651 ], [ 696077.092119959881529, 4484771.111508558504283 ], [ 696077.084913972998038, 4484774.061499757692218 ] ] ] } },
{ "type": "Feature", "properties": { }, "geometry": { "type": "Polygon", "coordinates": [ [ [ 696077.254912294680253, 4484774.062255173921585 ], [ 696077.424910616246052, 4484774.063010590150952 ], [ 696077.432116603129543, 4484771.113019390963018 ], [ 696077.262118281563744, 4484771.112263974733651 ], [ 696077.254912294680253, 4484774.062255173921585 ] ] ] } },
{ "type": "Feature", "properties": { }, "geometry": { "type": "Polygon", "coordinates": [ [ [ 696078.414900842006318, 4484774.067409779876471 ], [ 696078.584899163572118, 4484774.068165196105838 ], [ 696078.592105150455609, 4484771.118173996917903 ], [ 696078.42210682888981, 4484771.117418580688536 ], [ 696078.414900842006318, 4484774.067409779876471 ] ] ] } },
{ "type": "Feature", "properties": { }, "geometry": { "type": "Polygon", "coordinates": [ [ [ 696078.584899163572118, 4484774.068165196105838 ], [ 696078.754897485137917, 4484774.068920612335205 ], [ 696078.762103472021408, 4484771.118929413147271 ], [ 696078.592105150455609, 4484771.118173996917903 ], [ 696078.584899163572118, 4484774.068165196105838 ] ] ] } },
{ "type": "Feature", "properties": { }, "geometry": { "type": "Polygon", "coordinates": [ [ [ 696078.754897485254332, 4484774.068920613266528 ], [ 696078.924895806820132, 4484774.069676029495895 ], [ 696078.932101793703623, 4484771.119684830307961 ], [ 696078.762103472137824, 4484771.118929414078593 ], [ 696078.754897485254332, 4484774.068920613266528 ] ] ] } },
{ "type": "Feature", "properties": { }, "geometry": { "type": "Polygon", "coordinates": [ [ [ 696078.924895806820132, 4484774.069676029495895 ], [ 696079.094894128385931, 4484774.070431445725262 ], [ 696079.102100115269423, 4484771.120440246537328 ], [ 696078.932101793703623, 4484771.119684830307961 ], [ 696078.924895806820132, 4484774.069676029495895 ] ] ] } },
{ "type": "Feature", "properties": { }, "geometry": { "type": "Polygon", "coordinates": [ [ [ 696079.094894128385931, 4484774.070431445725262 ], [ 696079.264892449951731, 4484774.071186861954629 ], [ 696079.272098436835222, 4484771.121195662766695 ], [ 696079.102100115269423, 4484771.120440246537328 ], [ 696079.094894128385931, 4484774.070431445725262 ] ] ] } },
{ "type": "Feature", "properties": { }, "geometry": { "type": "Polygon", "coordinates": [ [ [ 696079.264892449951731, 4484774.071186861954629 ], [ 696079.43489077151753, 4484774.071942278183997 ], [ 696079.442096758401021, 4484771.121951078996062 ], [ 696079.272098436835222, 4484771.121195662766695 ], [ 696079.264892449951731, 4484774.071186861954629 ] ] ] } },
{ "type": "Feature", "properties": { }, "geometry": { "type": "Polygon", "coordinates": [ [ [ 696079.434890771633945, 4484774.071942278183997 ], [ 696079.604889093199745, 4484774.072697694413364 ], [ 696079.612095080083236, 4484771.12270649522543 ], [ 696079.442096758517437, 4484771.121951078996062 ], [ 696079.434890771633945, 4484774.071942278183997 ] ] ] } },
{ "type": "Feature", "properties": { }, "geometry": { "type": "Polygon", "coordinates": [ [ [ 696080.594879318960011, 4484774.077096884138882 ], [ 696080.76487764052581, 4484774.077852300368249 ], [ 696080.772083627409302, 4484771.127861101180315 ], [ 696080.602085305843502, 4484771.127105684950948 ], [ 696080.594879318960011, 4484774.077096884138882 ] ] ] } },
{ "type": "Feature", "properties": { }, "geometry": { "type": "Polygon", "coordinates": [ [ [ 696080.76487764052581, 4484774.077852301299572 ], [ 696080.93487596209161, 4484774.078607717528939 ], [ 696080.942081948975101, 4484771.128616518341005 ], [ 696080.772083627409302, 4484771.127861102111638 ], [ 696080.76487764052581, 4484774.077852301299572 ] ] ] } },
{ "type": "Feature", "properties": { }, "geometry": { "type": "Polygon", "coordinates": [ [ [ 696080.934875962208025, 4484774.078607717528939 ], [ 696081.104874283773825, 4484774.079363133758307 ], [ 696081.112080270657316, 4484771.129371934570372 ], [ 696080.942081949091516, 4484771.128616518341005 ], [ 696080.934875962208025, 4484774.078607717528939 ] ] ] } },
{ "type": "Feature", "properties": { }, "geometry": { "type": "Polygon", "coordinates": [ [ [ 696081.104874283773825, 4484774.079363133758307 ], [ 696081.274872605339624, 4484774.080118549987674 ], [ 696081.282078592223115, 4484771.130127350799739 ], [ 696081.112080270657316, 4484771.129371934570372 ], [ 696081.104874283773825, 4484774.079363133758307 ] ] ] } },
{ "type": "Feature", "properties": { }, "geometry": { "type": "Polygon", "coordinates": [ [ [ 696081.274872605339624, 4484774.080118549987674 ], [ 696081.444870926905423, 4484774.080873966217041 ], [ 696081.452076913788915, 4484771.130882767029107 ], [ 696081.282078592223115, 4484771.130127350799739 ], [ 696081.274872605339624, 4484774.080118549987674 ] ] ] } },
{ "type": "Feature", "properties": { }, "geometry": { "type": "Polygon", "coordinates": [ [ [ 696081.444870926905423, 4484774.080873966217041 ], [ 696081.614869248471223, 4484774.081629382446408 ], [ 696081.622075235354714, 4484771.131638183258474 ], [ 696081.452076913788915, 4484771.130882767029107 ], [ 696081.444870926905423, 4484774.080873966217041 ] ] ] } },
{ "type": "Feature", "properties": { }, "geometry": { "type": "Polygon", "coordinates": [ [ [ 696081.614869248587638, 4484774.081629382446408 ], [ 696081.784867570153438, 4484774.082384798675776 ], [ 696081.792073557036929, 4484771.132393599487841 ], [ 696081.622075235471129, 4484771.131638183258474 ], [ 696081.614869248587638, 4484774.081629382446408 ] ] ] } },
{ "type": "Feature", "properties": { }, "geometry": { "type": "Polygon", "coordinates": [ [ [ 696082.774857795913704, 4484774.086783988401294 ], [ 696082.944856117479503, 4484774.087539404630661 ], [ 696082.952062104362994, 4484771.137548205442727 ], [ 696082.782063782797195, 4484771.136792789213359 ], [ 696082.774857795913704, 4484774.086783988401294 ] ] ] } },
{ "type": "Feature", "properties": { }, "geometry": { "type": "Polygon", "coordinates": [ [ [ 696082.944856117479503, 4484774.087539405561984 ], [ 696083.114854439045303, 4484774.088294821791351 ], [ 696083.122060425928794, 4484771.138303622603416 ], [ 696082.952062104362994, 4484771.137548206374049 ], [ 696082.944856117479503, 4484774.087539405561984 ] ] ] } },
{ "type": "Feature", "properties": { }, "geometry": { "type": "Polygon", "coordinates": [ [ [ 696083.114854439161718, 4484774.088294821791351 ], [ 696083.284852760727517, 4484774.089050238020718 ], [ 696083.292058747611009, 4484771.139059038832784 ], [ 696083.122060426045209, 4484771.138303622603416 ], [ 696083.114854439161718, 4484774.088294821791351 ] ] ] } },
{ "type": "Feature", "properties": { }, "geometry": { "type": "Polygon", "coordinates": [ [ [ 696083.284852760727517, 4484774.089050238020718 ], [ 696083.454851082293317, 4484774.089805654250085 ], [ 696083.462057069176808, 4484771.139814455062151 ], [ 696083.292058747611009, 4484771.139059038832784 ], [ 696083.284852760727517, 4484774.089050238020718 ] ] ] } },
{ "type": "Feature", "properties": { }, "geometry": { "type": "Polygon", "coordinates": [ [ [ 696083.454851082293317, 4484774.089805654250085 ], [ 696083.624849403859116, 4484774.090561070479453 ], [ 696083.632055390742607, 4484771.140569871291518 ], [ 696083.462057069176808, 4484771.139814455062151 ], [ 696083.454851082293317, 4484774.089805654250085 ] ] ] } },
{ "type": "Feature", "properties": { }, "geometry": { "type": "Polygon", "coordinates": [ [ [ 696083.624849403975531, 4484774.090561070479453 ], [ 696083.794847725541331, 4484774.09131648670882 ], [ 696083.802053712424822, 4484771.141325287520885 ], [ 696083.632055390859023, 4484771.140569871291518 ], [ 696083.624849403975531, 4484774.090561070479453 ] ] ] } },
{ "type": "Feature", "properties": { }, "geometry": { "type": "Polygon", "coordinates": [ [ [ 696083.794847725541331, 4484774.091316487640142 ], [ 696083.96484604710713, 4484774.09207190386951 ], [ 696083.972052033990622, 4484771.142080704681575 ], [ 696083.802053712424822, 4484771.141325288452208 ], [ 696083.794847725541331, 4484774.091316487640142 ] ] ] } },
{ "type": "Feature", "properties": { }, "geometry": { "type": "Polygon", "coordinates": [ [ [ 696084.954836272867396, 4484774.096471093595028 ], [ 696085.124834594433196, 4484774.097226509824395 ], [ 696085.132040581316687, 4484771.147235310636461 ], [ 696084.962042259750888, 4484771.146479894407094 ], [ 696084.954836272867396, 4484774.096471093595028 ] ] ] } },
{ "type": "Feature", "properties": { }, "geometry": { "type": "Polygon", "coordinates": [ [ [ 696085.124834594433196, 4484774.097226509824395 ], [ 696085.294832915998995, 4484774.097981926053762 ], [ 696085.302038902882487, 4484771.147990726865828 ], [ 696085.132040581316687, 4484771.147235310636461 ], [ 696085.124834594433196, 4484774.097226509824395 ] ] ] } },
{ "type": "Feature", "properties": { }, "geometry": { "type": "Polygon", "coordinates": [ [ [ 696085.294832916115411, 4484774.097981926053762 ], [ 696085.46483123768121, 4484774.09873734228313 ], [ 696085.472037224564701, 4484771.148746143095195 ], [ 696085.302038902998902, 4484771.147990726865828 ], [ 696085.294832916115411, 4484774.097981926053762 ] ] ] } },
{ "type": "Feature", "properties": { }, "geometry": { "type": "Polygon", "coordinates": [ [ [ 696085.46483123768121, 4484774.09873734228313 ], [ 696085.634829559247009, 4484774.099492758512497 ], [ 696085.642035546130501, 4484771.149501559324563 ], [ 696085.472037224564701, 4484771.148746143095195 ], [ 696085.46483123768121, 4484774.09873734228313 ] ] ] } },
{ "type": "Feature", "properties": { }, "geometry": { "type": "Polygon", "coordinates": [ [ [ 696085.634829559247009, 4484774.099492758512497 ], [ 696085.804827880812809, 4484774.100248174741864 ], [ 696085.8120338676963, 4484771.15025697555393 ], [ 696085.642035546130501, 4484771.149501559324563 ], [ 696085.634829559247009, 4484774.099492758512497 ] ] ] } },
{ "type": "Feature", "properties": { }, "geometry": { "type": "Polygon", "coordinates": [ [ [ 696085.804827880929224, 4484774.100248175673187 ], [ 696085.974826202495024, 4484774.101003591902554 ], [ 696085.982032189378515, 4484771.15101239271462 ], [ 696085.812033867812715, 4484771.150256976485252 ], [ 696085.804827880929224, 4484774.100248175673187 ] ] ] } },
{ "type": "Feature", "properties": { }, "geometry": { "type": "Polygon", "coordinates": [ [ [ 696085.974826202495024, 4484774.101003591902554 ], [ 696086.144824524060823, 4484774.101759008131921 ], [ 696086.152030510944314, 4484771.151767808943987 ], [ 696085.982032189378515, 4484771.15101239271462 ], [ 696085.974826202495024, 4484774.101003591902554 ] ] ] } },
{ "type": "Feature", "properties": { }, "geometry": { "type": "Polygon", "coordinates": [ [ [ 696087.134814749821089, 4484774.10615819785744 ], [ 696087.304813071386889, 4484774.106913614086807 ], [ 696087.31201905827038, 4484771.156922414898872 ], [ 696087.14202073670458, 4484771.156166998669505 ], [ 696087.134814749821089, 4484774.10615819785744 ] ] ] } },
{ "type": "Feature", "properties": { }, "geometry": { "type": "Polygon", "coordinates": [ [ [ 696087.304813071503304, 4484774.106913614086807 ], [ 696087.474811393069103, 4484774.107669030316174 ], [ 696087.482017379952595, 4484771.15767783112824 ], [ 696087.312019058386795, 4484771.156922414898872 ], [ 696087.304813071503304, 4484774.106913614086807 ] ] ] } },
{ "type": "Feature", "properties": { }, "geometry": { "type": "Polygon", "coordinates": [ [ [ 696087.474811393069103, 4484774.107669030316174 ], [ 696087.644809714634903, 4484774.108424446545541 ], [ 696087.652015701518394, 4484771.158433247357607 ], [ 696087.482017379952595, 4484771.15767783112824 ], [ 696087.474811393069103, 4484774.107669030316174 ] ] ] } },
{ "type": "Feature", "properties": { }, "geometry": { "type": "Polygon", "coordinates": [ [ [ 696087.644809714634903, 4484774.108424446545541 ], [ 696087.814808036200702, 4484774.109179862774909 ], [ 696087.822014023084193, 4484771.159188663586974 ], [ 696087.652015701518394, 4484771.158433247357607 ], [ 696087.644809714634903, 4484774.108424446545541 ] ] ] } },
{ "type": "Feature", "properties": { }, "geometry": { "type": "Polygon", "coordinates": [ [ [ 696087.814808036200702, 4484774.109179863706231 ], [ 696087.984806357766502, 4484774.109935279935598 ], [ 696087.992012344649993, 4484771.159944080747664 ], [ 696087.822014023084193, 4484771.159188664518297 ], [ 696087.814808036200702, 4484774.109179863706231 ] ] ] } },
{ "type": "Feature", "properties": { }, "geometry": { "type": "Polygon", "coordinates": [ [ [ 696087.984806357882917, 4484774.109935279935598 ], [ 696088.154804679448716, 4484774.110690696164966 ], [ 696088.162010666332208, 4484771.160699496977031 ], [ 696087.992012344766408, 4484771.159944080747664 ], [ 696087.984806357882917, 4484774.109935279935598 ] ] ] } },
{ "type": "Feature", "properties": { }, "geometry": { "type": "Polygon", "coordinates": [ [ [ 696088.154804679448716, 4484774.110690696164966 ], [ 696088.324803001014516, 4484774.111446112394333 ], [ 696088.332008987898007, 4484771.161454913206398 ], [ 696088.162010666332208, 4484771.160699496977031 ], [ 696088.154804679448716, 4484774.110690696164966 ] ] ] } },
{ "type": "Feature", "properties": { }, "geometry": { "type": "Polygon", "coordinates": [ [ [ 696089.314793226774782, 4484774.115845302119851 ], [ 696089.484791548340581, 4484774.116600718349218 ], [ 696089.491997535224073, 4484771.166609519161284 ], [ 696089.321999213658273, 4484771.165854102931917 ], [ 696089.314793226774782, 4484774.115845302119851 ] ] ] } },
{ "type": "Feature", "properties": { }, "geometry": { "type": "Polygon", "coordinates": [ [ [ 696089.484791548456997, 4484774.116600718349218 ], [ 696089.654789870022796, 4484774.117356134578586 ], [ 696089.661995856906287, 4484771.167364935390651 ], [ 696089.491997535340488, 4484771.166609519161284 ], [ 696089.484791548456997, 4484774.116600718349218 ] ] ] } },
{ "type": "Feature", "properties": { }, "geometry": { "type": "Polygon", "coordinates": [ [ [ 696089.654789870022796, 4484774.117356134578586 ], [ 696089.824788191588596, 4484774.118111550807953 ], [ 696089.831994178472087, 4484771.168120351620018 ], [ 696089.661995856906287, 4484771.167364935390651 ], [ 696089.654789870022796, 4484774.117356134578586 ] ] ] } },
{ "type": "Feature", "properties": { }, "geometry": { "type": "Polygon", "coordinates": [ [ [ 696089.824788191588596, 4484774.118111551739275 ], [ 696089.994786513154395, 4484774.118866967968643 ], [ 696090.001992500037886, 4484771.168875768780708 ], [ 696089.831994178472087, 4484771.168120352551341 ], [ 696089.824788191588596, 4484774.118111551739275 ] ] ] } },
{ "type": "Feature", "properties": { }, "geometry": { "type": "Polygon", "coordinates": [ [ [ 696089.994786513154395, 4484774.118866967968643 ], [ 696090.164784834720194, 4484774.11962238419801 ], [ 696090.171990821603686, 4484771.169631185010076 ], [ 696090.001992500037886, 4484771.168875768780708 ], [ 696089.994786513154395, 4484774.118866967968643 ] ] ] } },
{ "type": "Feature", "properties": { }, "geometry": { "type": "Polygon", "coordinates": [ [ [ 696090.16478483483661, 4484774.11962238419801 ], [ 696090.334783156402409, 4484774.120377800427377 ], [ 696090.3419891432859, 4484771.170386601239443 ], [ 696090.171990821720101, 4484771.169631185010076 ], [ 696090.16478483483661, 4484774.11962238419801 ] ] ] } },
{ "type": "Feature", "properties": { }, "geometry": { "type": "Polygon", "coordinates": [ [ [ 696090.334783156402409, 4484774.120377800427377 ], [ 696090.504781477968208, 4484774.121133216656744 ], [ 696090.5119874648517, 4484771.17114201746881 ], [ 696090.3419891432859, 4484771.170386601239443 ], [ 696090.334783156402409, 4484774.120377800427377 ] ] ] } },
{ "type": "Feature", "properties": { }, "geometry": { "type": "Polygon", "coordinates": [ [ [ 696091.494771703728475, 4484774.125532406382263 ], [ 696091.664770025294274, 4484774.12628782261163 ], [ 696091.671976012177765, 4484771.176296623423696 ], [ 696091.501977690611966, 4484771.175541207194328 ], [ 696091.494771703728475, 4484774.125532406382263 ] ] ] } },
{ "type": "Feature", "properties": { }, "geometry": { "type": "Polygon", "coordinates": [ [ [ 696091.664770025410689, 4484774.12628782261163 ], [ 696091.834768346976489, 4484774.127043238840997 ], [ 696091.84197433385998, 4484771.177052039653063 ], [ 696091.671976012294181, 4484771.176296623423696 ], [ 696091.664770025410689, 4484774.12628782261163 ] ] ] } },
{ "type": "Feature", "properties": { }, "geometry": { "type": "Polygon", "coordinates": [ [ [ 696091.834768346976489, 4484774.12704323977232 ], [ 696092.004766668542288, 4484774.127798656001687 ], [ 696092.01197265542578, 4484771.177807456813753 ], [ 696091.84197433385998, 4484771.177052040584385 ], [ 696091.834768346976489, 4484774.12704323977232 ] ] ] } },
{ "type": "Feature", "properties": { }, "geometry": { "type": "Polygon", "coordinates": [ [ [ 696092.004766668542288, 4484774.127798656001687 ], [ 696092.174764990108088, 4484774.128554072231054 ], [ 696092.181970976991579, 4484771.17856287304312 ], [ 696092.01197265542578, 4484771.177807456813753 ], [ 696092.004766668542288, 4484774.127798656001687 ] ] ] } },
{ "type": "Feature", "properties": { }, "geometry": { "type": "Polygon", "coordinates": [ [ [ 696092.174764990108088, 4484774.128554072231054 ], [ 696092.344763311673887, 4484774.129309488460422 ], [ 696092.351969298557378, 4484771.179318289272487 ], [ 696092.181970976991579, 4484771.17856287304312 ], [ 696092.174764990108088, 4484774.128554072231054 ] ] ] } },
{ "type": "Feature", "properties": { }, "geometry": { "type": "Polygon", "coordinates": [ [ [ 696092.344763311790302, 4484774.129309488460422 ], [ 696092.514761633356102, 4484774.130064904689789 ], [ 696092.521967620239593, 4484771.180073705501854 ], [ 696092.351969298673794, 4484771.179318289272487 ], [ 696092.344763311790302, 4484774.129309488460422 ] ] ] } },
{ "type": "Feature", "properties": { }, "geometry": { "type": "Polygon", "coordinates": [ [ [ 696092.514761633356102, 4484774.130064904689789 ], [ 696092.684759954921901, 4484774.130820320919156 ], [ 696092.691965941805393, 4484771.180829121731222 ], [ 696092.521967620239593, 4484771.180073705501854 ], [ 696092.514761633356102, 4484774.130064904689789 ] ] ] } },
{ "type": "Feature", "properties": { }, "geometry": { "type": "Polygon", "coordinates": [ [ [ 696093.674750180682167, 4484774.135219510644674 ], [ 696093.844748502247967, 4484774.135974926874042 ], [ 696093.851954489131458, 4484771.185983727686107 ], [ 696093.681956167565659, 4484771.18522831145674 ], [ 696093.674750180682167, 4484774.135219510644674 ] ] ] } },
{ "type": "Feature", "properties": { }, "geometry": { "type": "Polygon", "coordinates": [ [ [ 696093.844748502364382, 4484774.135974927805364 ], [ 696094.014746823930182, 4484774.136730344034731 ], [ 696094.021952810813673, 4484771.186739144846797 ], [ 696093.851954489247873, 4484771.18598372861743 ], [ 696093.844748502364382, 4484774.135974927805364 ] ] ] } },
{ "type": "Feature", "properties": { }, "geometry": { "type": "Polygon", "coordinates": [ [ [ 696094.014746823930182, 4484774.136730344034731 ], [ 696094.184745145495981, 4484774.137485760264099 ], [ 696094.191951132379472, 4484771.187494561076164 ], [ 696094.021952810813673, 4484771.186739144846797 ], [ 696094.014746823930182, 4484774.136730344034731 ] ] ] } },
{ "type": "Feature", "properties": { }, "geometry": { "type": "Polygon", "coordinates": [ [ [ 696094.184745145495981, 4484774.137485760264099 ], [ 696094.35474346706178, 4484774.138241176493466 ], [ 696094.361949453945272, 4484771.188249977305532 ], [ 696094.191951132379472, 4484771.187494561076164 ], [ 696094.184745145495981, 4484774.137485760264099 ] ] ] } },
{ "type": "Feature", "properties": { }, "geometry": { "type": "Polygon", "coordinates": [ [ [ 696094.354743467178196, 4484774.138241176493466 ], [ 696094.524741788743995, 4484774.138996592722833 ], [ 696094.531947775627486, 4484771.189005393534899 ], [ 696094.361949454061687, 4484771.188249977305532 ], [ 696094.354743467178196, 4484774.138241176493466 ] ] ] } },
{ "type": "Feature", "properties": { }, "geometry": { "type": "Polygon", "coordinates": [ [ [ 696094.524741788743995, 4484774.138996592722833 ], [ 696094.694740110309795, 4484774.1397520089522 ], [ 696094.701946097193286, 4484771.189760809764266 ], [ 696094.531947775627486, 4484771.189005393534899 ], [ 696094.524741788743995, 4484774.138996592722833 ] ] ] } },
{ "type": "Feature", "properties": { }, "geometry": { "type": "Polygon", "coordinates": [ [ [ 696094.694740110309795, 4484774.1397520089522 ], [ 696094.864738431875594, 4484774.140507425181568 ], [ 696094.871944418759085, 4484771.190516225993633 ], [ 696094.701946097193286, 4484771.189760809764266 ], [ 696094.694740110309795, 4484774.1397520089522 ] ] ] } },
{ "type": "Feature", "properties": { }, "geometry": { "type": "Polygon", "coordinates": [ [ [ 696095.85472865763586, 4484774.144906614907086 ], [ 696096.02472697920166, 4484774.145662031136453 ], [ 696096.031932966085151, 4484771.195670831948519 ], [ 696095.861934644519351, 4484771.194915415719151 ], [ 696095.85472865763586, 4484774.144906614907086 ] ] ] } },
{ "type": "Feature", "properties": { }, "geometry": { "type": "Polygon", "coordinates": [ [ [ 696096.024726979318075, 4484774.145662032067776 ], [ 696096.194725300883874, 4484774.146417448297143 ], [ 696096.201931287767366, 4484771.196426249109209 ], [ 696096.031932966201566, 4484771.195670832879841 ], [ 696096.024726979318075, 4484774.145662032067776 ] ] ] } },
{ "type": "Feature", "properties": { }, "geometry": { "type": "Polygon", "coordinates": [ [ [ 696096.194725300883874, 4484774.146417448297143 ], [ 696096.364723622449674, 4484774.14717286452651 ], [ 696096.371929609333165, 4484771.197181665338576 ], [ 696096.201931287767366, 4484771.196426249109209 ], [ 696096.194725300883874, 4484774.146417448297143 ] ] ] } },
{ "type": "Feature", "properties": { }, "geometry": { "type": "Polygon", "coordinates": [ [ [ 696096.364723622449674, 4484774.14717286452651 ], [ 696096.534721944015473, 4484774.147928280755877 ], [ 696096.541927930898964, 4484771.197937081567943 ], [ 696096.371929609333165, 4484771.197181665338576 ], [ 696096.364723622449674, 4484774.14717286452651 ] ] ] } },
{ "type": "Feature", "properties": { }, "geometry": { "type": "Polygon", "coordinates": [ [ [ 696096.534721944131888, 4484774.147928280755877 ], [ 696096.704720265697688, 4484774.148683696985245 ], [ 696096.711926252581179, 4484771.19869249779731 ], [ 696096.54192793101538, 4484771.197937081567943 ], [ 696096.534721944131888, 4484774.147928280755877 ] ] ] } },
{ "type": "Feature", "properties": { }, "geometry": { "type": "Polygon", "coordinates": [ [ [ 696096.704720265697688, 4484774.148683696985245 ], [ 696096.874718587263487, 4484774.149439113214612 ], [ 696096.881924574146979, 4484771.199447914026678 ], [ 696096.711926252581179, 4484771.19869249779731 ], [ 696096.704720265697688, 4484774.148683696985245 ] ] ] } },
{ "type": "Feature", "properties": { }, "geometry": { "type": "Polygon", "coordinates": [ [ [ 696096.874718587263487, 4484774.149439114145935 ], [ 696097.044716908829287, 4484774.150194530375302 ], [ 696097.051922895712778, 4484771.200203331187367 ], [ 696096.881924574146979, 4484771.199447914958 ], [ 696096.874718587263487, 4484774.149439114145935 ] ] ] } },
{ "type": "Feature", "properties": { }, "geometry": { "type": "Polygon", "coordinates": [ [ [ 696076.245596996508539, 4484769.687735713087022 ], [ 696076.415595318074338, 4484769.68849112931639 ], [ 696076.422801304957829, 4484766.738499930128455 ], [ 696076.25280298339203, 4484766.737744513899088 ], [ 696076.245596996508539, 4484769.687735713087022 ] ] ] } },
{ "type": "Feature", "properties": { }, "geometry": { "type": "Polygon", "coordinates": [ [ [ 696076.415595318074338, 4484769.68849112931639 ], [ 696076.585593639640138, 4484769.689246545545757 ], [ 696076.592799626523629, 4484766.739255346357822 ], [ 696076.422801304957829, 4484766.738499930128455 ], [ 696076.415595318074338, 4484769.68849112931639 ] ] ] } },
{ "type": "Feature", "properties": { }, "geometry": { "type": "Polygon", "coordinates": [ [ [ 696076.585593639756553, 4484769.689246545545757 ], [ 696076.755591961322352, 4484769.690001961775124 ], [ 696076.762797948205844, 4484766.74001076258719 ], [ 696076.592799626640044, 4484766.739255346357822 ], [ 696076.585593639756553, 4484769.689246545545757 ] ] ] } },
{ "type": "Feature", "properties": { }, "geometry": { "type": "Polygon", "coordinates": [ [ [ 696076.755591961322352, 4484769.690001962706447 ], [ 696076.925590282888152, 4484769.690757378935814 ], [ 696076.932796269771643, 4484766.74076617974788 ], [ 696076.762797948205844, 4484766.740010763518512 ], [ 696076.755591961322352, 4484769.690001962706447 ] ] ] } },
{ "type": "Feature", "properties": { }, "geometry": { "type": "Polygon", "coordinates": [ [ [ 696076.925590282888152, 4484769.690757378935814 ], [ 696077.095588604453951, 4484769.691512795165181 ], [ 696077.102794591337442, 4484766.741521595977247 ], [ 696076.932796269771643, 4484766.74076617974788 ], [ 696076.925590282888152, 4484769.690757378935814 ] ] ] } },
{ "type": "Feature", "properties": { }, "geometry": { "type": "Polygon", "coordinates": [ [ [ 696077.095588604453951, 4484769.691512795165181 ], [ 696077.265586926019751, 4484769.692268211394548 ], [ 696077.272792912903242, 4484766.742277012206614 ], [ 696077.102794591337442, 4484766.741521595977247 ], [ 696077.095588604453951, 4484769.691512795165181 ] ] ] } },
{ "type": "Feature", "properties": { }, "geometry": { "type": "Polygon", "coordinates": [ [ [ 696077.265586926136166, 4484769.692268211394548 ], [ 696077.435585247701965, 4484769.693023627623916 ], [ 696077.442791234585457, 4484766.743032428435981 ], [ 696077.272792913019657, 4484766.742277012206614 ], [ 696077.265586926136166, 4484769.692268211394548 ] ] ] } },
{ "type": "Feature", "properties": { }, "geometry": { "type": "Polygon", "coordinates": [ [ [ 696078.425575473462231, 4484769.697422817349434 ], [ 696078.595573795028031, 4484769.698178233578801 ], [ 696078.602779781911522, 4484766.748187034390867 ], [ 696078.432781460345723, 4484766.7474316181615 ], [ 696078.425575473462231, 4484769.697422817349434 ] ] ] } },
{ "type": "Feature", "properties": { }, "geometry": { "type": "Polygon", "coordinates": [ [ [ 696078.595573795028031, 4484769.698178233578801 ], [ 696078.76557211659383, 4484769.698933649808168 ], [ 696078.772778103477322, 4484766.748942450620234 ], [ 696078.602779781911522, 4484766.748187034390867 ], [ 696078.595573795028031, 4484769.698178233578801 ] ] ] } },
{ "type": "Feature", "properties": { }, "geometry": { "type": "Polygon", "coordinates": [ [ [ 696078.765572116710246, 4484769.698933650739491 ], [ 696078.935570438276045, 4484769.699689066968858 ], [ 696078.942776425159536, 4484766.749697867780924 ], [ 696078.772778103593737, 4484766.748942451551557 ], [ 696078.765572116710246, 4484769.698933650739491 ] ] ] } },
{ "type": "Feature", "properties": { }, "geometry": { "type": "Polygon", "coordinates": [ [ [ 696078.935570438276045, 4484769.699689066968858 ], [ 696079.105568759841844, 4484769.700444483198225 ], [ 696079.112774746725336, 4484766.750453284010291 ], [ 696078.942776425159536, 4484766.749697867780924 ], [ 696078.935570438276045, 4484769.699689066968858 ] ] ] } },
{ "type": "Feature", "properties": { }, "geometry": { "type": "Polygon", "coordinates": [ [ [ 696079.105568759841844, 4484769.700444483198225 ], [ 696079.275567081407644, 4484769.701199899427593 ], [ 696079.282773068291135, 4484766.751208700239658 ], [ 696079.112774746725336, 4484766.750453284010291 ], [ 696079.105568759841844, 4484769.700444483198225 ] ] ] } },
{ "type": "Feature", "properties": { }, "geometry": { "type": "Polygon", "coordinates": [ [ [ 696079.275567081407644, 4484769.701199899427593 ], [ 696079.445565402973443, 4484769.70195531565696 ], [ 696079.452771389856935, 4484766.751964116469026 ], [ 696079.282773068291135, 4484766.751208700239658 ], [ 696079.275567081407644, 4484769.701199899427593 ] ] ] } },
{ "type": "Feature", "properties": { }, "geometry": { "type": "Polygon", "coordinates": [ [ [ 696079.445565403089859, 4484769.70195531565696 ], [ 696079.615563724655658, 4484769.702710731886327 ], [ 696079.622769711539149, 4484766.752719532698393 ], [ 696079.45277138997335, 4484766.751964116469026 ], [ 696079.445565403089859, 4484769.70195531565696 ] ] ] } },
{ "type": "Feature", "properties": { }, "geometry": { "type": "Polygon", "coordinates": [ [ [ 696080.605553950415924, 4484769.707109921611845 ], [ 696080.775552271981724, 4484769.707865337841213 ], [ 696080.782758258865215, 4484766.757874138653278 ], [ 696080.612759937299415, 4484766.757118722423911 ], [ 696080.605553950415924, 4484769.707109921611845 ] ] ] } },
{ "type": "Feature", "properties": { }, "geometry": { "type": "Polygon", "coordinates": [ [ [ 696080.775552271981724, 4484769.707865338772535 ], [ 696080.945550593547523, 4484769.708620755001903 ], [ 696080.952756580431014, 4484766.758629555813968 ], [ 696080.782758258865215, 4484766.757874139584601 ], [ 696080.775552271981724, 4484769.707865338772535 ] ] ] } },
{ "type": "Feature", "properties": { }, "geometry": { "type": "Polygon", "coordinates": [ [ [ 696080.945550593663938, 4484769.708620755001903 ], [ 696081.115548915229738, 4484769.70937617123127 ], [ 696081.122754902113229, 4484766.759384972043335 ], [ 696080.95275658054743, 4484766.758629555813968 ], [ 696080.945550593663938, 4484769.708620755001903 ] ] ] } },
{ "type": "Feature", "properties": { }, "geometry": { "type": "Polygon", "coordinates": [ [ [ 696081.115548915229738, 4484769.70937617123127 ], [ 696081.285547236795537, 4484769.710131587460637 ], [ 696081.292753223679028, 4484766.760140388272703 ], [ 696081.122754902113229, 4484766.759384972043335 ], [ 696081.115548915229738, 4484769.70937617123127 ] ] ] } },
{ "type": "Feature", "properties": { }, "geometry": { "type": "Polygon", "coordinates": [ [ [ 696081.285547236795537, 4484769.710131587460637 ], [ 696081.455545558361337, 4484769.710887003690004 ], [ 696081.462751545244828, 4484766.76089580450207 ], [ 696081.292753223679028, 4484766.760140388272703 ], [ 696081.285547236795537, 4484769.710131587460637 ] ] ] } },
{ "type": "Feature", "properties": { }, "geometry": { "type": "Polygon", "coordinates": [ [ [ 696081.455545558361337, 4484769.710887003690004 ], [ 696081.625543879927136, 4484769.711642419919372 ], [ 696081.632749866810627, 4484766.761651220731437 ], [ 696081.462751545244828, 4484766.76089580450207 ], [ 696081.455545558361337, 4484769.710887003690004 ] ] ] } },
{ "type": "Feature", "properties": { }, "geometry": { "type": "Polygon", "coordinates": [ [ [ 696081.625543880043551, 4484769.711642419919372 ], [ 696081.795542201609351, 4484769.712397836148739 ], [ 696081.802748188492842, 4484766.762406636960804 ], [ 696081.632749866927043, 4484766.761651220731437 ], [ 696081.625543880043551, 4484769.711642419919372 ] ] ] } },
{ "type": "Feature", "properties": { }, "geometry": { "type": "Polygon", "coordinates": [ [ [ 696082.785532427369617, 4484769.716797025874257 ], [ 696082.955530748935416, 4484769.717552442103624 ], [ 696082.962736735818908, 4484766.76756124291569 ], [ 696082.792738414253108, 4484766.766805826686323 ], [ 696082.785532427369617, 4484769.716797025874257 ] ] ] } },
{ "type": "Feature", "properties": { }, "geometry": { "type": "Polygon", "coordinates": [ [ [ 696082.955530748935416, 4484769.717552443034947 ], [ 696083.125529070501216, 4484769.718307859264314 ], [ 696083.132735057384707, 4484766.76831666007638 ], [ 696082.962736735818908, 4484766.767561243847013 ], [ 696082.955530748935416, 4484769.717552443034947 ] ] ] } },
{ "type": "Feature", "properties": { }, "geometry": { "type": "Polygon", "coordinates": [ [ [ 696083.125529070617631, 4484769.718307859264314 ], [ 696083.29552739218343, 4484769.719063275493681 ], [ 696083.302733379066922, 4484766.769072076305747 ], [ 696083.132735057501122, 4484766.76831666007638 ], [ 696083.125529070617631, 4484769.718307859264314 ] ] ] } },
{ "type": "Feature", "properties": { }, "geometry": { "type": "Polygon", "coordinates": [ [ [ 696083.29552739218343, 4484769.719063275493681 ], [ 696083.46552571374923, 4484769.719818691723049 ], [ 696083.472731700632721, 4484766.769827492535114 ], [ 696083.302733379066922, 4484766.769072076305747 ], [ 696083.29552739218343, 4484769.719063275493681 ] ] ] } },
{ "type": "Feature", "properties": { }, "geometry": { "type": "Polygon", "coordinates": [ [ [ 696083.46552571374923, 4484769.719818691723049 ], [ 696083.635524035315029, 4484769.720574107952416 ], [ 696083.642730022198521, 4484766.770582908764482 ], [ 696083.472731700632721, 4484766.769827492535114 ], [ 696083.46552571374923, 4484769.719818691723049 ] ] ] } },
{ "type": "Feature", "properties": { }, "geometry": { "type": "Polygon", "coordinates": [ [ [ 696083.635524035431445, 4484769.720574107952416 ], [ 696083.805522356997244, 4484769.721329524181783 ], [ 696083.812728343880735, 4484766.771338324993849 ], [ 696083.642730022314936, 4484766.770582908764482 ], [ 696083.635524035431445, 4484769.720574107952416 ] ] ] } },
{ "type": "Feature", "properties": { }, "geometry": { "type": "Polygon", "coordinates": [ [ [ 696083.805522356997244, 4484769.721329525113106 ], [ 696083.975520678563043, 4484769.722084941342473 ], [ 696083.982726665446535, 4484766.772093742154539 ], [ 696083.812728343880735, 4484766.771338325925171 ], [ 696083.805522356997244, 4484769.721329525113106 ] ] ] } },
{ "type": "Feature", "properties": { }, "geometry": { "type": "Polygon", "coordinates": [ [ [ 696084.96551090432331, 4484769.726484131067991 ], [ 696085.135509225889109, 4484769.727239547297359 ], [ 696085.1427152127726, 4484766.777248348109424 ], [ 696084.972716891206801, 4484766.776492931880057 ], [ 696084.96551090432331, 4484769.726484131067991 ] ] ] } },
{ "type": "Feature", "properties": { }, "geometry": { "type": "Polygon", "coordinates": [ [ [ 696085.135509225889109, 4484769.727239547297359 ], [ 696085.305507547454908, 4484769.727994963526726 ], [ 696085.3127135343384, 4484766.778003764338791 ], [ 696085.1427152127726, 4484766.777248348109424 ], [ 696085.135509225889109, 4484769.727239547297359 ] ] ] } },
{ "type": "Feature", "properties": { }, "geometry": { "type": "Polygon", "coordinates": [ [ [ 696085.305507547571324, 4484769.727994963526726 ], [ 696085.475505869137123, 4484769.728750379756093 ], [ 696085.482711856020615, 4484766.778759180568159 ], [ 696085.312713534454815, 4484766.778003764338791 ], [ 696085.305507547571324, 4484769.727994963526726 ] ] ] } },
{ "type": "Feature", "properties": { }, "geometry": { "type": "Polygon", "coordinates": [ [ [ 696085.475505869137123, 4484769.728750379756093 ], [ 696085.645504190702923, 4484769.72950579598546 ], [ 696085.652710177586414, 4484766.779514596797526 ], [ 696085.482711856020615, 4484766.778759180568159 ], [ 696085.475505869137123, 4484769.728750379756093 ] ] ] } },
{ "type": "Feature", "properties": { }, "geometry": { "type": "Polygon", "coordinates": [ [ [ 696085.645504190702923, 4484769.72950579598546 ], [ 696085.815502512268722, 4484769.730261212214828 ], [ 696085.822708499152213, 4484766.780270013026893 ], [ 696085.652710177586414, 4484766.779514596797526 ], [ 696085.645504190702923, 4484769.72950579598546 ] ] ] } },
{ "type": "Feature", "properties": { }, "geometry": { "type": "Polygon", "coordinates": [ [ [ 696085.815502512385137, 4484769.73026121314615 ], [ 696085.985500833950937, 4484769.731016629375517 ], [ 696085.992706820834428, 4484766.781025430187583 ], [ 696085.822708499268629, 4484766.780270013958216 ], [ 696085.815502512385137, 4484769.73026121314615 ] ] ] } },
{ "type": "Feature", "properties": { }, "geometry": { "type": "Polygon", "coordinates": [ [ [ 696085.985500833950937, 4484769.731016629375517 ], [ 696086.155499155516736, 4484769.731772045604885 ], [ 696086.162705142400227, 4484766.78178084641695 ], [ 696085.992706820834428, 4484766.781025430187583 ], [ 696085.985500833950937, 4484769.731016629375517 ] ] ] } },
{ "type": "Feature", "properties": { }, "geometry": { "type": "Polygon", "coordinates": [ [ [ 696087.145489381277002, 4484769.736171235330403 ], [ 696087.315487702842802, 4484769.73692665155977 ], [ 696087.322693689726293, 4484766.786935452371836 ], [ 696087.152695368160494, 4484766.786180036142468 ], [ 696087.145489381277002, 4484769.736171235330403 ] ] ] } },
{ "type": "Feature", "properties": { }, "geometry": { "type": "Polygon", "coordinates": [ [ [ 696087.315487702959217, 4484769.73692665155977 ], [ 696087.485486024525017, 4484769.737682067789137 ], [ 696087.492692011408508, 4484766.787690868601203 ], [ 696087.322693689842708, 4484766.786935452371836 ], [ 696087.315487702959217, 4484769.73692665155977 ] ] ] } },
{ "type": "Feature", "properties": { }, "geometry": { "type": "Polygon", "coordinates": [ [ [ 696087.485486024525017, 4484769.737682067789137 ], [ 696087.655484346090816, 4484769.738437484018505 ], [ 696087.662690332974307, 4484766.78844628483057 ], [ 696087.492692011408508, 4484766.787690868601203 ], [ 696087.485486024525017, 4484769.737682067789137 ] ] ] } },
{ "type": "Feature", "properties": { }, "geometry": { "type": "Polygon", "coordinates": [ [ [ 696087.655484346090816, 4484769.738437484018505 ], [ 696087.825482667656615, 4484769.739192900247872 ], [ 696087.832688654540107, 4484766.789201701059937 ], [ 696087.662690332974307, 4484766.78844628483057 ], [ 696087.655484346090816, 4484769.738437484018505 ] ] ] } },
{ "type": "Feature", "properties": { }, "geometry": { "type": "Polygon", "coordinates": [ [ [ 696087.825482667656615, 4484769.739192901179194 ], [ 696087.995480989222415, 4484769.739948317408562 ], [ 696088.002686976105906, 4484766.789957118220627 ], [ 696087.832688654540107, 4484766.78920170199126 ], [ 696087.825482667656615, 4484769.739192901179194 ] ] ] } },
{ "type": "Feature", "properties": { }, "geometry": { "type": "Polygon", "coordinates": [ [ [ 696087.99548098933883, 4484769.739948317408562 ], [ 696088.16547931090463, 4484769.740703733637929 ], [ 696088.172685297788121, 4484766.790712534449995 ], [ 696088.002686976222321, 4484766.789957118220627 ], [ 696087.99548098933883, 4484769.739948317408562 ] ] ] } },
{ "type": "Feature", "properties": { }, "geometry": { "type": "Polygon", "coordinates": [ [ [ 696088.16547931090463, 4484769.740703733637929 ], [ 696088.335477632470429, 4484769.741459149867296 ], [ 696088.34268361935392, 4484766.791467950679362 ], [ 696088.172685297788121, 4484766.790712534449995 ], [ 696088.16547931090463, 4484769.740703733637929 ] ] ] } },
{ "type": "Feature", "properties": { }, "geometry": { "type": "Polygon", "coordinates": [ [ [ 696089.325467858230695, 4484769.745858339592814 ], [ 696089.495466179796495, 4484769.746613755822182 ], [ 696089.502672166679986, 4484766.796622556634247 ], [ 696089.332673845114186, 4484766.79586714040488 ], [ 696089.325467858230695, 4484769.745858339592814 ] ] ] } },
{ "type": "Feature", "properties": { }, "geometry": { "type": "Polygon", "coordinates": [ [ [ 696089.49546617991291, 4484769.746613755822182 ], [ 696089.665464501478709, 4484769.747369172051549 ], [ 696089.672670488362201, 4484766.797377972863615 ], [ 696089.502672166796401, 4484766.796622556634247 ], [ 696089.49546617991291, 4484769.746613755822182 ] ] ] } },
{ "type": "Feature", "properties": { }, "geometry": { "type": "Polygon", "coordinates": [ [ [ 696089.665464501478709, 4484769.747369172051549 ], [ 696089.835462823044509, 4484769.748124588280916 ], [ 696089.842668809928, 4484766.798133389092982 ], [ 696089.672670488362201, 4484766.797377972863615 ], [ 696089.665464501478709, 4484769.747369172051549 ] ] ] } },
{ "type": "Feature", "properties": { }, "geometry": { "type": "Polygon", "coordinates": [ [ [ 696089.835462823044509, 4484769.748124589212239 ], [ 696090.005461144610308, 4484769.748880005441606 ], [ 696090.012667131493799, 4484766.798888806253672 ], [ 696089.842668809928, 4484766.798133390024304 ], [ 696089.835462823044509, 4484769.748124589212239 ] ] ] } },
{ "type": "Feature", "properties": { }, "geometry": { "type": "Polygon", "coordinates": [ [ [ 696090.005461144610308, 4484769.748880005441606 ], [ 696090.175459466176108, 4484769.749635421670973 ], [ 696090.182665453059599, 4484766.799644222483039 ], [ 696090.012667131493799, 4484766.798888806253672 ], [ 696090.005461144610308, 4484769.748880005441606 ] ] ] } },
{ "type": "Feature", "properties": { }, "geometry": { "type": "Polygon", "coordinates": [ [ [ 696090.175459466292523, 4484769.749635421670973 ], [ 696090.345457787858322, 4484769.750390837900341 ], [ 696090.352663774741814, 4484766.800399638712406 ], [ 696090.182665453176014, 4484766.799644222483039 ], [ 696090.175459466292523, 4484769.749635421670973 ] ] ] } },
{ "type": "Feature", "properties": { }, "geometry": { "type": "Polygon", "coordinates": [ [ [ 696090.345457787858322, 4484769.750390837900341 ], [ 696090.515456109424122, 4484769.751146254129708 ], [ 696090.522662096307613, 4484766.801155054941773 ], [ 696090.352663774741814, 4484766.800399638712406 ], [ 696090.345457787858322, 4484769.750390837900341 ] ] ] } },
{ "type": "Feature", "properties": { }, "geometry": { "type": "Polygon", "coordinates": [ [ [ 696091.505446335184388, 4484769.755545443855226 ], [ 696091.675444656750187, 4484769.756300860084593 ], [ 696091.682650643633679, 4484766.806309660896659 ], [ 696091.512652322067879, 4484766.805554244667292 ], [ 696091.505446335184388, 4484769.755545443855226 ] ] ] } },
{ "type": "Feature", "properties": { }, "geometry": { "type": "Polygon", "coordinates": [ [ [ 696091.675444656866603, 4484769.756300860084593 ], [ 696091.845442978432402, 4484769.757056276313961 ], [ 696091.852648965315893, 4484766.807065077126026 ], [ 696091.682650643750094, 4484766.806309660896659 ], [ 696091.675444656866603, 4484769.756300860084593 ] ] ] } },
{ "type": "Feature", "properties": { }, "geometry": { "type": "Polygon", "coordinates": [ [ [ 696091.845442978432402, 4484769.757056277245283 ], [ 696092.015441299998201, 4484769.75781169347465 ], [ 696092.022647286881693, 4484766.807820494286716 ], [ 696091.852648965315893, 4484766.807065078057349 ], [ 696091.845442978432402, 4484769.757056277245283 ] ] ] } },
{ "type": "Feature", "properties": { }, "geometry": { "type": "Polygon", "coordinates": [ [ [ 696092.015441299998201, 4484769.75781169347465 ], [ 696092.185439621564001, 4484769.758567109704018 ], [ 696092.192645608447492, 4484766.808575910516083 ], [ 696092.022647286881693, 4484766.807820494286716 ], [ 696092.015441299998201, 4484769.75781169347465 ] ] ] } },
{ "type": "Feature", "properties": { }, "geometry": { "type": "Polygon", "coordinates": [ [ [ 696092.185439621564001, 4484769.758567109704018 ], [ 696092.3554379431298, 4484769.759322525933385 ], [ 696092.362643930013292, 4484766.80933132674545 ], [ 696092.192645608447492, 4484766.808575910516083 ], [ 696092.185439621564001, 4484769.758567109704018 ] ] ] } },
{ "type": "Feature", "properties": { }, "geometry": { "type": "Polygon", "coordinates": [ [ [ 696092.355437943246216, 4484769.759322525933385 ], [ 696092.525436264812015, 4484769.760077942162752 ], [ 696092.532642251695506, 4484766.810086742974818 ], [ 696092.362643930129707, 4484766.80933132674545 ], [ 696092.355437943246216, 4484769.759322525933385 ] ] ] } },
{ "type": "Feature", "properties": { }, "geometry": { "type": "Polygon", "coordinates": [ [ [ 696092.525436264812015, 4484769.760077942162752 ], [ 696092.695434586377814, 4484769.760833358392119 ], [ 696092.702640573261306, 4484766.810842159204185 ], [ 696092.532642251695506, 4484766.810086742974818 ], [ 696092.525436264812015, 4484769.760077942162752 ] ] ] } },
{ "type": "Feature", "properties": { }, "geometry": { "type": "Polygon", "coordinates": [ [ [ 696093.685424812138081, 4484769.765232548117638 ], [ 696093.85542313370388, 4484769.765987964347005 ], [ 696093.862629120587371, 4484766.81599676515907 ], [ 696093.692630799021572, 4484766.815241348929703 ], [ 696093.685424812138081, 4484769.765232548117638 ] ] ] } },
{ "type": "Feature", "properties": { }, "geometry": { "type": "Polygon", "coordinates": [ [ [ 696093.855423133820295, 4484769.765987965278327 ], [ 696094.025421455386095, 4484769.766743381507695 ], [ 696094.032627442269586, 4484766.81675218231976 ], [ 696093.862629120703787, 4484766.815996766090393 ], [ 696093.855423133820295, 4484769.765987965278327 ] ] ] } },
{ "type": "Feature", "properties": { }, "geometry": { "type": "Polygon", "coordinates": [ [ [ 696094.025421455386095, 4484769.766743381507695 ], [ 696094.195419776951894, 4484769.767498797737062 ], [ 696094.202625763835385, 4484766.817507598549128 ], [ 696094.032627442269586, 4484766.81675218231976 ], [ 696094.025421455386095, 4484769.766743381507695 ] ] ] } },
{ "type": "Feature", "properties": { }, "geometry": { "type": "Polygon", "coordinates": [ [ [ 696094.195419776951894, 4484769.767498797737062 ], [ 696094.365418098517694, 4484769.768254213966429 ], [ 696094.372624085401185, 4484766.818263014778495 ], [ 696094.202625763835385, 4484766.817507598549128 ], [ 696094.195419776951894, 4484769.767498797737062 ] ] ] } },
{ "type": "Feature", "properties": { }, "geometry": { "type": "Polygon", "coordinates": [ [ [ 696094.365418098634109, 4484769.768254213966429 ], [ 696094.535416420199908, 4484769.769009630195796 ], [ 696094.5426224070834, 4484766.819018431007862 ], [ 696094.3726240855176, 4484766.818263014778495 ], [ 696094.365418098634109, 4484769.768254213966429 ] ] ] } },
{ "type": "Feature", "properties": { }, "geometry": { "type": "Polygon", "coordinates": [ [ [ 696094.535416420199908, 4484769.769009630195796 ], [ 696094.705414741765708, 4484769.769765046425164 ], [ 696094.712620728649199, 4484766.819773847237229 ], [ 696094.5426224070834, 4484766.819018431007862 ], [ 696094.535416420199908, 4484769.769009630195796 ] ] ] } },
{ "type": "Feature", "properties": { }, "geometry": { "type": "Polygon", "coordinates": [ [ [ 696094.705414741765708, 4484769.769765046425164 ], [ 696094.875413063331507, 4484769.770520462654531 ], [ 696094.882619050214998, 4484766.820529263466597 ], [ 696094.712620728649199, 4484766.819773847237229 ], [ 696094.705414741765708, 4484769.769765046425164 ] ] ] } },
{ "type": "Feature", "properties": { }, "geometry": { "type": "Polygon", "coordinates": [ [ [ 696095.865403289091773, 4484769.774919652380049 ], [ 696096.035401610657573, 4484769.775675068609416 ], [ 696096.042607597541064, 4484766.825683869421482 ], [ 696095.872609275975265, 4484766.824928453192115 ], [ 696095.865403289091773, 4484769.774919652380049 ] ] ] } },
{ "type": "Feature", "properties": { }, "geometry": { "type": "Polygon", "coordinates": [ [ [ 696096.035401610773988, 4484769.775675069540739 ], [ 696096.205399932339787, 4484769.776430485770106 ], [ 696096.212605919223279, 4484766.826439286582172 ], [ 696096.042607597657479, 4484766.825683870352805 ], [ 696096.035401610773988, 4484769.775675069540739 ] ] ] } },
{ "type": "Feature", "properties": { }, "geometry": { "type": "Polygon", "coordinates": [ [ [ 696096.205399932339787, 4484769.776430485770106 ], [ 696096.375398253905587, 4484769.777185901999474 ], [ 696096.382604240789078, 4484766.827194702811539 ], [ 696096.212605919223279, 4484766.826439286582172 ], [ 696096.205399932339787, 4484769.776430485770106 ] ] ] } },
{ "type": "Feature", "properties": { }, "geometry": { "type": "Polygon", "coordinates": [ [ [ 696096.375398253905587, 4484769.777185901999474 ], [ 696096.545396575471386, 4484769.777941318228841 ], [ 696096.552602562354878, 4484766.827950119040906 ], [ 696096.382604240789078, 4484766.827194702811539 ], [ 696096.375398253905587, 4484769.777185901999474 ] ] ] } },
{ "type": "Feature", "properties": { }, "geometry": { "type": "Polygon", "coordinates": [ [ [ 696096.545396575587802, 4484769.777941318228841 ], [ 696096.715394897153601, 4484769.778696734458208 ], [ 696096.722600884037092, 4484766.828705535270274 ], [ 696096.552602562471293, 4484766.827950119040906 ], [ 696096.545396575587802, 4484769.777941318228841 ] ] ] } },
{ "type": "Feature", "properties": { }, "geometry": { "type": "Polygon", "coordinates": [ [ [ 696096.715394897153601, 4484769.778696734458208 ], [ 696096.8853932187194, 4484769.779452150687575 ], [ 696096.892599205602892, 4484766.829460951499641 ], [ 696096.722600884037092, 4484766.828705535270274 ], [ 696096.715394897153601, 4484769.778696734458208 ] ] ] } },
{ "type": "Feature", "properties": { }, "geometry": { "type": "Polygon", "coordinates": [ [ [ 696096.8853932187194, 4484769.779452151618898 ], [ 696097.0553915402852, 4484769.780207567848265 ], [ 696097.062597527168691, 4484766.830216368660331 ], [ 696096.892599205602892, 4484766.829460952430964 ], [ 696096.8853932187194, 4484769.779452151618898 ] ] ] } }
]
}
